sample_id	species	read1_url	read2_url	control_sample	reference_fasta
ABI3VP1_tnt.AT5G18090_col_a	Arabidopsis_thaliana	https://ftp.sra.ebi.ac.uk/vol1/fastq/SRR292/002/SRR2926072/SRR2926072.fastq.gz	-	control_none.beads_col_v3a	TAIR10.fa.gz
ABI3VP1_tnt.AT5G25475_col_a	Arabidopsis_thaliana	https://ftp.sra.ebi.ac.uk/vol1/fastq/SRR292/003/SRR2926073/SRR2926073.fastq.gz	-	control_none.beads_col_v3a	TAIR10.fa.gz
ABI3VP1_tnt.AT5G60130_col_a	Arabidopsis_thaliana	https://ftp.sra.ebi.ac.uk/vol1/fastq/SRR292/005/SRR2926075/SRR2926075.fastq.gz	-	control_none.beads_col_v3a	TAIR10.fa.gz
ABI3VP1_tnt.AT5G60130_colamp_a	Arabidopsis_thaliana	https://ftp.sra.ebi.ac.uk/vol1/fastq/SRR292/004/SRR2926074/SRR2926074.fastq.gz	-	control_tnt-pixhalo_colamp_v3a	TAIR10.fa.gz
ABI3VP1_tnt.FUS3_col_a	Arabidopsis_thaliana	https://ftp.sra.ebi.ac.uk/vol1/fastq/SRR292/006/SRR2926076/SRR2926076.fastq.gz	-	control_none.beads_col_v3a	TAIR10.fa.gz
ABI3VP1_tnt.NGA4_col_a	Arabidopsis_thaliana	https://ftp.sra.ebi.ac.uk/vol1/fastq/SRR292/007/SRR2926077/SRR2926077.fastq.gz	-	control_none.beads_col_v3a	TAIR10.fa.gz
ABI3VP1_tnt.REM16_col_a	Arabidopsis_thaliana	https://ftp.sra.ebi.ac.uk/vol1/fastq/SRR292/008/SRR2926078/SRR2926078.fastq.gz	-	control_none.beads_col_v3a	TAIR10.fa.gz
ABI3VP1_tnt.VRN1_col_a	Arabidopsis_thaliana	https://ftp.sra.ebi.ac.uk/vol1/fastq/SRR292/000/SRR2926080/SRR2926080.fastq.gz	-	control_none.beads_col_v3a	TAIR10.fa.gz
ABI3VP1_tnt.VRN1_colamp_a	Arabidopsis_thaliana	https://ftp.sra.ebi.ac.uk/vol1/fastq/SRR292/009/SRR2926079/SRR2926079.fastq.gz	-	control_tnt-pixhalo_colamp_v3a	TAIR10.fa.gz
AP2EREBP_tnt.ABR1_col_a	Arabidopsis_thaliana	https://ftp.sra.ebi.ac.uk/vol1/fastq/SRR292/002/SRR2926082/SRR2926082.fastq.gz	-	control_none.beads_col_v3a	TAIR10.fa.gz
AP2EREBP_tnt.ABR1_colamp_a	Arabidopsis_thaliana	https://ftp.sra.ebi.ac.uk/vol1/fastq/SRR292/001/SRR2926081/SRR2926081.fastq.gz	-	control_tnt-pixhalo_colamp_v3a	TAIR10.fa.gz
AP2EREBP_tnt.AIL7_col_a	Arabidopsis_thaliana	https://ftp.sra.ebi.ac.uk/vol1/fastq/SRR292/004/SRR2926084/SRR2926084.fastq.gz	-	control_none.beads_col_v3a	TAIR10.fa.gz
AP2EREBP_tnt.AIL7_colamp_a	Arabidopsis_thaliana	https://ftp.sra.ebi.ac.uk/vol1/fastq/SRR292/003/SRR2926083/SRR2926083.fastq.gz	-	control_tnt-pixhalo_colamp_v3a	TAIR10.fa.gz
AP2EREBP_tnt.AT1G01250_col_a	Arabidopsis_thaliana	https://ftp.sra.ebi.ac.uk/vol1/fastq/SRR292/006/SRR2926086/SRR2926086.fastq.gz	-	control_none.beads_col_v3a	TAIR10.fa.gz
AP2EREBP_tnt.AT1G01250_colamp_a	Arabidopsis_thaliana	https://ftp.sra.ebi.ac.uk/vol1/fastq/SRR292/005/SRR2926085/SRR2926085.fastq.gz	-	control_tnt-pixhalo_colamp_v3a	TAIR10.fa.gz
AP2EREBP_tnt.AT1G12630_col_a	Arabidopsis_thaliana	https://ftp.sra.ebi.ac.uk/vol1/fastq/SRR292/008/SRR2926088/SRR2926088.fastq.gz	-	control_none.beads_col_v3a	TAIR10.fa.gz
AP2EREBP_tnt.AT1G12630_colamp_a	Arabidopsis_thaliana	https://ftp.sra.ebi.ac.uk/vol1/fastq/SRR292/007/SRR2926087/SRR2926087.fastq.gz	-	control_tnt-pixhalo_colamp_v3a	TAIR10.fa.gz
AP2EREBP_tnt.AT1G28160_col_a	Arabidopsis_thaliana	https://ftp.sra.ebi.ac.uk/vol1/fastq/SRR292/000/SRR2926090/SRR2926090.fastq.gz	-	control_none.beads_col_v3a	TAIR10.fa.gz
AP2EREBP_tnt.AT1G28160_colamp_a	Arabidopsis_thaliana	https://ftp.sra.ebi.ac.uk/vol1/fastq/SRR292/009/SRR2926089/SRR2926089.fastq.gz	-	control_tnt-pixhalo_colamp_v3a	TAIR10.fa.gz
AP2EREBP_tnt.AT1G44830_col_a	Arabidopsis_thaliana	https://ftp.sra.ebi.ac.uk/vol1/fastq/SRR292/001/SRR2926091/SRR2926091.fastq.gz	-	control_none.beads_col_v3a	TAIR10.fa.gz
AP2EREBP_tnt.AT1G71450_col_a	Arabidopsis_thaliana	https://ftp.sra.ebi.ac.uk/vol1/fastq/SRR292/003/SRR2926093/SRR2926093.fastq.gz	-	control_none.beads_col_v3a	TAIR10.fa.gz
AP2EREBP_tnt.AT1G71450_colamp_a	Arabidopsis_thaliana	https://ftp.sra.ebi.ac.uk/vol1/fastq/SRR292/002/SRR2926092/SRR2926092.fastq.gz	-	control_tnt-pixhalo_colamp_v3a	TAIR10.fa.gz
AP2EREBP_tnt.AT1G77200_col_a	Arabidopsis_thaliana	https://ftp.sra.ebi.ac.uk/vol1/fastq/SRR292/005/SRR2926095/SRR2926095.fastq.gz	-	control_none.beads_col_v3a	TAIR10.fa.gz
AP2EREBP_tnt.AT1G77200_colamp_a	Arabidopsis_thaliana	https://ftp.sra.ebi.ac.uk/vol1/fastq/SRR292/004/SRR2926094/SRR2926094.fastq.gz	-	control_tnt-pixhalo_colamp_v3a	TAIR10.fa.gz
AP2EREBP_tnt.AT3G16280_col_a	Arabidopsis_thaliana	https://ftp.sra.ebi.ac.uk/vol1/fastq/SRR292/007/SRR2926097/SRR2926097.fastq.gz	-	control_none.beads_col_v3a	TAIR10.fa.gz
AP2EREBP_tnt.AT3G16280_colamp_a	Arabidopsis_thaliana	https://ftp.sra.ebi.ac.uk/vol1/fastq/SRR292/006/SRR2926096/SRR2926096.fastq.gz	-	control_tnt-pixhalo_colamp_v3a	TAIR10.fa.gz
AP2EREBP_tnt.AT3G57600_col_a	Arabidopsis_thaliana	https://ftp.sra.ebi.ac.uk/vol1/fastq/SRR292/008/SRR2926098/SRR2926098.fastq.gz	-	control_none.beads_col_v3a	TAIR10.fa.gz
AP2EREBP_tnt.AT3G60490_col_a	Arabidopsis_thaliana	https://ftp.sra.ebi.ac.uk/vol1/fastq/SRR292/000/SRR2926100/SRR2926100.fastq.gz	-	control_none.beads_col_v3a	TAIR10.fa.gz
AP2EREBP_tnt.AT3G60490_colamp_a	Arabidopsis_thaliana	https://ftp.sra.ebi.ac.uk/vol1/fastq/SRR292/009/SRR2926099/SRR2926099.fastq.gz	-	control_tnt-pixhalo_colamp_v3a	TAIR10.fa.gz
AP2EREBP_tnt.AT4G18450_col_a	Arabidopsis_thaliana	https://ftp.sra.ebi.ac.uk/vol1/fastq/SRR292/001/SRR2926101/SRR2926101.fastq.gz	-	control_none.beads_col_v3a	TAIR10.fa.gz
AP2EREBP_tnt.At1g19210_col_a	Arabidopsis_thaliana	https://ftp.sra.ebi.ac.uk/vol1/fastq/SRR292/003/SRR2926103/SRR2926103.fastq.gz	-	control_none.beads_col_v3a	TAIR10.fa.gz
AP2EREBP_tnt.At1g19210_colamp_a	Arabidopsis_thaliana	https://ftp.sra.ebi.ac.uk/vol1/fastq/SRR292/002/SRR2926102/SRR2926102.fastq.gz	-	control_tnt-pixhalo_colamp_v3a	TAIR10.fa.gz
AP2EREBP_tnt.At1g22810_col_a	Arabidopsis_thaliana	https://ftp.sra.ebi.ac.uk/vol1/fastq/SRR292/004/SRR2926884/SRR2926884.fastq.gz	-	control_none.beads_col_v3a	TAIR10.fa.gz
AP2EREBP_tnt.At1g22810_col_b	Arabidopsis_thaliana	https://ftp.sra.ebi.ac.uk/vol1/fastq/SRR292/005/SRR2926885/SRR2926885.fastq.gz	-	control_none.beads_col_v3a	TAIR10.fa.gz
AP2EREBP_tnt.At1g22810_colamp_a	Arabidopsis_thaliana	https://ftp.sra.ebi.ac.uk/vol1/fastq/SRR292/004/SRR2926104/SRR2926104.fastq.gz	-	control_tnt-pixhalo_colamp_v3a	TAIR10.fa.gz
AP2EREBP_tnt.At1g36060_col_a	Arabidopsis_thaliana	https://ftp.sra.ebi.ac.uk/vol1/fastq/SRR292/006/SRR2926106/SRR2926106.fastq.gz	-	control_none.beads_col_v3a	TAIR10.fa.gz
AP2EREBP_tnt.At1g36060_colamp_a	Arabidopsis_thaliana	https://ftp.sra.ebi.ac.uk/vol1/fastq/SRR292/005/SRR2926105/SRR2926105.fastq.gz	-	control_tnt-pixhalo_colamp_v3a	TAIR10.fa.gz
AP2EREBP_tnt.At1g75490_col_a	Arabidopsis_thaliana	https://ftp.sra.ebi.ac.uk/vol1/fastq/SRR292/008/SRR2926108/SRR2926108.fastq.gz	-	control_none.beads_col_v3a	TAIR10.fa.gz
AP2EREBP_tnt.At1g75490_colamp_a	Arabidopsis_thaliana	https://ftp.sra.ebi.ac.uk/vol1/fastq/SRR292/007/SRR2926107/SRR2926107.fastq.gz	-	control_tnt-pixhalo_colamp_v3a	TAIR10.fa.gz
AP2EREBP_tnt.At1g77640_col_a	Arabidopsis_thaliana	https://ftp.sra.ebi.ac.uk/vol1/fastq/SRR292/009/SRR2926109/SRR2926109.fastq.gz	-	control_none.beads_col_v3a	TAIR10.fa.gz
AP2EREBP_tnt.At2g33710_col_a	Arabidopsis_thaliana	https://ftp.sra.ebi.ac.uk/vol1/fastq/SRR292/006/SRR2926886/SRR2926886.fastq.gz	-	control_none.beads_col_v3a	TAIR10.fa.gz
AP2EREBP_tnt.At2g33710_col_b	Arabidopsis_thaliana	https://ftp.sra.ebi.ac.uk/vol1/fastq/SRR292/007/SRR2926887/SRR2926887.fastq.gz	-	control_none.beads_col_v3a	TAIR10.fa.gz
AP2EREBP_tnt.At2g33710_colamp_a	Arabidopsis_thaliana	https://ftp.sra.ebi.ac.uk/vol1/fastq/SRR292/000/SRR2926110/SRR2926110.fastq.gz	-	control_tnt-pixhalo_colamp_v3a	TAIR10.fa.gz
AP2EREBP_tnt.At2g44940_col_a	Arabidopsis_thaliana	https://ftp.sra.ebi.ac.uk/vol1/fastq/SRR292/002/SRR2926112/SRR2926112.fastq.gz	-	control_none.beads_col_v3a	TAIR10.fa.gz
AP2EREBP_tnt.At2g44940_colamp_a	Arabidopsis_thaliana	https://ftp.sra.ebi.ac.uk/vol1/fastq/SRR292/001/SRR2926111/SRR2926111.fastq.gz	-	control_tnt-pixhalo_colamp_v3a	TAIR10.fa.gz
AP2EREBP_tnt.At4g16750_col_a	Arabidopsis_thaliana	https://ftp.sra.ebi.ac.uk/vol1/fastq/SRR292/004/SRR2926114/SRR2926114.fastq.gz	-	control_none.beads_col_v3a	TAIR10.fa.gz
AP2EREBP_tnt.At4g16750_colamp_a	Arabidopsis_thaliana	https://ftp.sra.ebi.ac.uk/vol1/fastq/SRR292/003/SRR2926113/SRR2926113.fastq.gz	-	control_tnt-pixhalo_colamp_v3a	TAIR10.fa.gz
AP2EREBP_tnt.At4g28140_col_a	Arabidopsis_thaliana	https://ftp.sra.ebi.ac.uk/vol1/fastq/SRR292/006/SRR2926116/SRR2926116.fastq.gz	-	control_none.beads_col_v3a	TAIR10.fa.gz
AP2EREBP_tnt.At4g28140_colamp_a	Arabidopsis_thaliana	https://ftp.sra.ebi.ac.uk/vol1/fastq/SRR292/005/SRR2926115/SRR2926115.fastq.gz	-	control_tnt-pixhalo_colamp_v3a	TAIR10.fa.gz
AP2EREBP_tnt.At4g31060_col_a	Arabidopsis_thaliana	https://ftp.sra.ebi.ac.uk/vol1/fastq/SRR292/008/SRR2926118/SRR2926118.fastq.gz	-	control_none.beads_col_v3a	TAIR10.fa.gz
AP2EREBP_tnt.At4g31060_colamp_a	Arabidopsis_thaliana	https://ftp.sra.ebi.ac.uk/vol1/fastq/SRR292/007/SRR2926117/SRR2926117.fastq.gz	-	control_tnt-pixhalo_colamp_v3a	TAIR10.fa.gz
AP2EREBP_tnt.At4g32800_col200_a	Arabidopsis_thaliana	https://ftp.sra.ebi.ac.uk/vol1/fastq/SRR292/008/SRR2926888/SRR2926888.fastq.gz	-	control_none.beads_col_v3a	TAIR10.fa.gz
AP2EREBP_tnt.At4g32800_col_b	Arabidopsis_thaliana	https://ftp.sra.ebi.ac.uk/vol1/fastq/SRR292/009/SRR2926889/SRR2926889.fastq.gz	-	control_none.beads_col_v3a	TAIR10.fa.gz
AP2EREBP_tnt.At4g32800_colamp_a	Arabidopsis_thaliana	https://ftp.sra.ebi.ac.uk/vol1/fastq/SRR292/009/SRR2926119/SRR2926119.fastq.gz	-	control_tnt-pixhalo_colamp_v3a	TAIR10.fa.gz
AP2EREBP_tnt.At5g18450_col_a	Arabidopsis_thaliana	https://ftp.sra.ebi.ac.uk/vol1/fastq/SRR292/000/SRR2926120/SRR2926120.fastq.gz	-	control_none.beads_col_v3a	TAIR10.fa.gz
AP2EREBP_tnt.At5g65130_col_a	Arabidopsis_thaliana	https://ftp.sra.ebi.ac.uk/vol1/fastq/SRR292/002/SRR2926122/SRR2926122.fastq.gz	-	control_none.beads_col_v3a	TAIR10.fa.gz
AP2EREBP_tnt.At5g65130_colamp_a	Arabidopsis_thaliana	https://ftp.sra.ebi.ac.uk/vol1/fastq/SRR292/001/SRR2926121/SRR2926121.fastq.gz	-	control_tnt-pixhalo_colamp_v3a	TAIR10.fa.gz
AP2EREBP_tnt.At5g67000_col_a	Arabidopsis_thaliana	https://ftp.sra.ebi.ac.uk/vol1/fastq/SRR292/003/SRR2926123/SRR2926123.fastq.gz	-	control_none.beads_col_v3a	TAIR10.fa.gz
AP2EREBP_tnt.CBF1_col_a	Arabidopsis_thaliana	https://ftp.sra.ebi.ac.uk/vol1/fastq/SRR292/005/SRR2926125/SRR2926125.fastq.gz	-	control_none.beads_col_v3a	TAIR10.fa.gz
AP2EREBP_tnt.CBF1_colamp_a	Arabidopsis_thaliana	https://ftp.sra.ebi.ac.uk/vol1/fastq/SRR292/004/SRR2926124/SRR2926124.fastq.gz	-	control_tnt-pixhalo_colamp_v3a	TAIR10.fa.gz
AP2EREBP_tnt.CBF2_col_a	Arabidopsis_thaliana	https://ftp.sra.ebi.ac.uk/vol1/fastq/SRR292/007/SRR2926127/SRR2926127.fastq.gz	-	control_none.beads_col_v3a	TAIR10.fa.gz
AP2EREBP_tnt.CBF2_colamp_a	Arabidopsis_thaliana	https://ftp.sra.ebi.ac.uk/vol1/fastq/SRR292/006/SRR2926126/SRR2926126.fastq.gz	-	control_tnt-pixhalo_colamp_v3a	TAIR10.fa.gz
AP2EREBP_tnt.CBF3_col_a	Arabidopsis_thaliana	https://ftp.sra.ebi.ac.uk/vol1/fastq/SRR292/009/SRR2926129/SRR2926129.fastq.gz	-	control_none.beads_col_v3a	TAIR10.fa.gz
AP2EREBP_tnt.CBF3_colamp_a	Arabidopsis_thaliana	https://ftp.sra.ebi.ac.uk/vol1/fastq/SRR292/008/SRR2926128/SRR2926128.fastq.gz	-	control_tnt-pixhalo_colamp_v3a	TAIR10.fa.gz
AP2EREBP_tnt.CBF4_col_a	Arabidopsis_thaliana	https://ftp.sra.ebi.ac.uk/vol1/fastq/SRR292/001/SRR2926131/SRR2926131.fastq.gz	-	control_none.beads_col_v3a	TAIR10.fa.gz
AP2EREBP_tnt.CBF4_colamp_a	Arabidopsis_thaliana	https://ftp.sra.ebi.ac.uk/vol1/fastq/SRR292/000/SRR2926130/SRR2926130.fastq.gz	-	control_tnt-pixhalo_colamp_v3a	TAIR10.fa.gz
AP2EREBP_tnt.CEJ1_col_a	Arabidopsis_thaliana	https://ftp.sra.ebi.ac.uk/vol1/fastq/SRR292/003/SRR2926133/SRR2926133.fastq.gz	-	control_none.beads_col_v3a	TAIR10.fa.gz
AP2EREBP_tnt.CEJ1_colamp_a	Arabidopsis_thaliana	https://ftp.sra.ebi.ac.uk/vol1/fastq/SRR292/002/SRR2926132/SRR2926132.fastq.gz	-	control_tnt-pixhalo_colamp_v3a	TAIR10.fa.gz
AP2EREBP_tnt.CRF10_col100_a	Arabidopsis_thaliana	https://ftp.sra.ebi.ac.uk/vol1/fastq/SRR292/004/SRR2926134/SRR2926134.fastq.gz	-	control_none.beads_col_v3a	TAIR10.fa.gz
AP2EREBP_tnt.CRF10_colamp_a	Arabidopsis_thaliana	https://ftp.sra.ebi.ac.uk/vol1/fastq/SRR292/005/SRR2926135/SRR2926135.fastq.gz	-	control_tnt-pixhalo_colamp_v3a	TAIR10.fa.gz
AP2EREBP_tnt.CRF4_col_a	Arabidopsis_thaliana	https://ftp.sra.ebi.ac.uk/vol1/fastq/SRR292/007/SRR2926137/SRR2926137.fastq.gz	-	control_none.beads_col_v3a	TAIR10.fa.gz
AP2EREBP_tnt.CRF4_colamp_a	Arabidopsis_thaliana	https://ftp.sra.ebi.ac.uk/vol1/fastq/SRR292/006/SRR2926136/SRR2926136.fastq.gz	-	control_tnt-pixhalo_colamp_v3a	TAIR10.fa.gz
AP2EREBP_tnt.DDF1_col_a	Arabidopsis_thaliana	https://ftp.sra.ebi.ac.uk/vol1/fastq/SRR292/009/SRR2926139/SRR2926139.fastq.gz	-	control_none.beads_col_v3a	TAIR10.fa.gz
AP2EREBP_tnt.DDF1_colamp_a	Arabidopsis_thaliana	https://ftp.sra.ebi.ac.uk/vol1/fastq/SRR292/008/SRR2926138/SRR2926138.fastq.gz	-	control_tnt-pixhalo_colamp_v3a	TAIR10.fa.gz
AP2EREBP_tnt.DDF2_col_a	Arabidopsis_thaliana	https://ftp.sra.ebi.ac.uk/vol1/fastq/SRR292/000/SRR2926140/SRR2926140.fastq.gz	-	control_none.beads_col_v3a	TAIR10.fa.gz
AP2EREBP_tnt.DEAR2_col_a	Arabidopsis_thaliana	https://ftp.sra.ebi.ac.uk/vol1/fastq/SRR292/002/SRR2926142/SRR2926142.fastq.gz	-	control_none.beads_col_v3a	TAIR10.fa.gz
AP2EREBP_tnt.DEAR2_colamp_a	Arabidopsis_thaliana	https://ftp.sra.ebi.ac.uk/vol1/fastq/SRR292/001/SRR2926141/SRR2926141.fastq.gz	-	control_tnt-pixhalo_colamp_v3a	TAIR10.fa.gz
AP2EREBP_tnt.DEAR3_col_a	Arabidopsis_thaliana	https://ftp.sra.ebi.ac.uk/vol1/fastq/SRR292/004/SRR2926144/SRR2926144.fastq.gz	-	control_none.beads_col_v3a	TAIR10.fa.gz
AP2EREBP_tnt.DEAR3_colamp_a	Arabidopsis_thaliana	https://ftp.sra.ebi.ac.uk/vol1/fastq/SRR292/003/SRR2926143/SRR2926143.fastq.gz	-	control_tnt-pixhalo_colamp_v3a	TAIR10.fa.gz
AP2EREBP_tnt.DEAR5_col_a	Arabidopsis_thaliana	https://ftp.sra.ebi.ac.uk/vol1/fastq/SRR292/006/SRR2926146/SRR2926146.fastq.gz	-	control_none.beads_col_v3a	TAIR10.fa.gz
AP2EREBP_tnt.DEAR5_colamp_a	Arabidopsis_thaliana	https://ftp.sra.ebi.ac.uk/vol1/fastq/SRR292/005/SRR2926145/SRR2926145.fastq.gz	-	control_tnt-pixhalo_colamp_v3a	TAIR10.fa.gz
AP2EREBP_tnt.DREB19_col_a	Arabidopsis_thaliana	https://ftp.sra.ebi.ac.uk/vol1/fastq/SRR292/008/SRR2926148/SRR2926148.fastq.gz	-	control_none.beads_col_v3a	TAIR10.fa.gz
AP2EREBP_tnt.DREB19_colamp_a	Arabidopsis_thaliana	https://ftp.sra.ebi.ac.uk/vol1/fastq/SRR292/007/SRR2926147/SRR2926147.fastq.gz	-	control_tnt-pixhalo_colamp_v3a	TAIR10.fa.gz
AP2EREBP_tnt.DREB26_col_a	Arabidopsis_thaliana	https://ftp.sra.ebi.ac.uk/vol1/fastq/SRR292/001/SRR2926151/SRR2926151.fastq.gz	-	control_none.beads_col_v3a	TAIR10.fa.gz
AP2EREBP_tnt.DREB2_col_a	Arabidopsis_thaliana	https://ftp.sra.ebi.ac.uk/vol1/fastq/SRR292/000/SRR2926150/SRR2926150.fastq.gz	-	control_none.beads_col_v3a	TAIR10.fa.gz
AP2EREBP_tnt.DREB2_colamp_a	Arabidopsis_thaliana	https://ftp.sra.ebi.ac.uk/vol1/fastq/SRR292/009/SRR2926149/SRR2926149.fastq.gz	-	control_tnt-pixhalo_colamp_v3a	TAIR10.fa.gz
AP2EREBP_tnt.ERF104_col_a	Arabidopsis_thaliana	https://ftp.sra.ebi.ac.uk/vol1/fastq/SRR292/007/SRR2926157/SRR2926157.fastq.gz	-	control_none.beads_col_v3a	TAIR10.fa.gz
AP2EREBP_tnt.ERF104_colamp_a	Arabidopsis_thaliana	https://ftp.sra.ebi.ac.uk/vol1/fastq/SRR292/006/SRR2926156/SRR2926156.fastq.gz	-	control_tnt-pixhalo_colamp_v3a	TAIR10.fa.gz
AP2EREBP_tnt.ERF105_col_a	Arabidopsis_thaliana	https://ftp.sra.ebi.ac.uk/vol1/fastq/SRR292/000/SRR2926890/SRR2926890.fastq.gz	-	control_none.beads_col_v3a	TAIR10.fa.gz
AP2EREBP_tnt.ERF105_col_b	Arabidopsis_thaliana	https://ftp.sra.ebi.ac.uk/vol1/fastq/SRR292/001/SRR2926891/SRR2926891.fastq.gz	-	control_none.beads_col_v3a	TAIR10.fa.gz
AP2EREBP_tnt.ERF105_colamp_a	Arabidopsis_thaliana	https://ftp.sra.ebi.ac.uk/vol1/fastq/SRR292/008/SRR2926158/SRR2926158.fastq.gz	-	control_tnt-pixhalo_colamp_v3a	TAIR10.fa.gz
AP2EREBP_tnt.ERF10_col_a	Arabidopsis_thaliana	https://ftp.sra.ebi.ac.uk/vol1/fastq/SRR292/005/SRR2926155/SRR2926155.fastq.gz	-	control_none.beads_col_v3a	TAIR10.fa.gz
AP2EREBP_tnt.ERF10_colamp_a	Arabidopsis_thaliana	https://ftp.sra.ebi.ac.uk/vol1/fastq/SRR292/004/SRR2926154/SRR2926154.fastq.gz	-	control_tnt-pixhalo_colamp_v3a	TAIR10.fa.gz
AP2EREBP_tnt.ERF115_col_a	Arabidopsis_thaliana	https://ftp.sra.ebi.ac.uk/vol1/fastq/SRR292/002/SRR2926162/SRR2926162.fastq.gz	-	control_none.beads_col_v3a	TAIR10.fa.gz
AP2EREBP_tnt.ERF115_colamp_a	Arabidopsis_thaliana	https://ftp.sra.ebi.ac.uk/vol1/fastq/SRR292/001/SRR2926161/SRR2926161.fastq.gz	-	control_tnt-pixhalo_colamp_v3a	TAIR10.fa.gz
AP2EREBP_tnt.ERF11_col_b	Arabidopsis_thaliana	https://ftp.sra.ebi.ac.uk/vol1/fastq/SRR292/000/SRR2926160/SRR2926160.fastq.gz	-	control_none.beads_col_v3a	TAIR10.fa.gz
AP2EREBP_tnt.ERF11_colamp_a	Arabidopsis_thaliana	https://ftp.sra.ebi.ac.uk/vol1/fastq/SRR292/009/SRR2926159/SRR2926159.fastq.gz	-	control_tnt-pixhalo_colamp_v3a	TAIR10.fa.gz
AP2EREBP_tnt.ERF13_col_b	Arabidopsis_thaliana	https://ftp.sra.ebi.ac.uk/vol1/fastq/SRR292/004/SRR2926164/SRR2926164.fastq.gz	-	control_none.beads_col_v3a	TAIR10.fa.gz
AP2EREBP_tnt.ERF13_colamp_a	Arabidopsis_thaliana	https://ftp.sra.ebi.ac.uk/vol1/fastq/SRR292/003/SRR2926163/SRR2926163.fastq.gz	-	control_tnt-pixhalo_colamp_v3a	TAIR10.fa.gz
AP2EREBP_tnt.ERF15_col100_a	Arabidopsis_thaliana	https://ftp.sra.ebi.ac.uk/vol1/fastq/SRR292/002/SRR2926892/SRR2926892.fastq.gz	-	control_none.beads_col_v3a	TAIR10.fa.gz
AP2EREBP_tnt.ERF15_col_b	Arabidopsis_thaliana	https://ftp.sra.ebi.ac.uk/vol1/fastq/SRR292/003/SRR2926893/SRR2926893_1.fastq.gz	-	control_none.beads_col_v3a	TAIR10.fa.gz
AP2EREBP_tnt.ERF15_colamp_a	Arabidopsis_thaliana	https://ftp.sra.ebi.ac.uk/vol1/fastq/SRR292/005/SRR2926165/SRR2926165.fastq.gz	-	control_tnt-pixhalo_colamp_v3a	TAIR10.fa.gz
AP2EREBP_tnt.ERF1_col_a	Arabidopsis_thaliana	https://ftp.sra.ebi.ac.uk/vol1/fastq/SRR292/003/SRR2926153/SRR2926153.fastq.gz	-	control_none.beads_col_v3a	TAIR10.fa.gz
AP2EREBP_tnt.ERF1_colamp_a	Arabidopsis_thaliana	https://ftp.sra.ebi.ac.uk/vol1/fastq/SRR292/002/SRR2926152/SRR2926152.fastq.gz	-	control_tnt-pixhalo_colamp_v3a	TAIR10.fa.gz
AP2EREBP_tnt.ERF2_col_a	Arabidopsis_thaliana	https://ftp.sra.ebi.ac.uk/vol1/fastq/SRR292/007/SRR2926167/SRR2926167.fastq.gz	-	control_none.beads_col_v3a	TAIR10.fa.gz
AP2EREBP_tnt.ERF2_colamp_a	Arabidopsis_thaliana	https://ftp.sra.ebi.ac.uk/vol1/fastq/SRR292/006/SRR2926166/SRR2926166.fastq.gz	-	control_tnt-pixhalo_colamp_v3a	TAIR10.fa.gz
AP2EREBP_tnt.ERF38_col_a	Arabidopsis_thaliana	https://ftp.sra.ebi.ac.uk/vol1/fastq/SRR292/000/SRR2926170/SRR2926170.fastq.gz	-	control_none.beads_col_v3a	TAIR10.fa.gz
AP2EREBP_tnt.ERF3_col_a	Arabidopsis_thaliana	https://ftp.sra.ebi.ac.uk/vol1/fastq/SRR292/009/SRR2926169/SRR2926169.fastq.gz	-	control_none.beads_col_v3a	TAIR10.fa.gz
AP2EREBP_tnt.ERF3_colamp_a	Arabidopsis_thaliana	https://ftp.sra.ebi.ac.uk/vol1/fastq/SRR292/008/SRR2926168/SRR2926168.fastq.gz	-	control_tnt-pixhalo_colamp_v3a	TAIR10.fa.gz
AP2EREBP_tnt.ERF48_col_a	Arabidopsis_thaliana	https://ftp.sra.ebi.ac.uk/vol1/fastq/SRR292/003/SRR2926173/SRR2926173.fastq.gz	-	control_none.beads_col_v3a	TAIR10.fa.gz
AP2EREBP_tnt.ERF4_col_a	Arabidopsis_thaliana	https://ftp.sra.ebi.ac.uk/vol1/fastq/SRR292/002/SRR2926172/SRR2926172.fastq.gz	-	control_none.beads_col_v3a	TAIR10.fa.gz
AP2EREBP_tnt.ERF4_colamp_a	Arabidopsis_thaliana	https://ftp.sra.ebi.ac.uk/vol1/fastq/SRR292/001/SRR2926171/SRR2926171.fastq.gz	-	control_tnt-pixhalo_colamp_v3a	TAIR10.fa.gz
AP2EREBP_tnt.ERF5_col_a	Arabidopsis_thaliana	https://ftp.sra.ebi.ac.uk/vol1/fastq/SRR292/005/SRR2926175/SRR2926175.fastq.gz	-	control_none.beads_col_v3a	TAIR10.fa.gz
AP2EREBP_tnt.ERF5_colamp_a	Arabidopsis_thaliana	https://ftp.sra.ebi.ac.uk/vol1/fastq/SRR292/004/SRR2926174/SRR2926174.fastq.gz	-	control_tnt-pixhalo_colamp_v3a	TAIR10.fa.gz
AP2EREBP_tnt.ERF6_col_a	Arabidopsis_thaliana	https://ftp.sra.ebi.ac.uk/vol1/fastq/SRR292/004/SRR2926894/SRR2926894.fastq.gz	-	control_none.beads_col_v3a	TAIR10.fa.gz
AP2EREBP_tnt.ERF6_col_b	Arabidopsis_thaliana	https://ftp.sra.ebi.ac.uk/vol1/fastq/SRR292/005/SRR2926895/SRR2926895.fastq.gz	-	control_none.beads_col_v3a	TAIR10.fa.gz
AP2EREBP_tnt.ERF73_col_a	Arabidopsis_thaliana	https://ftp.sra.ebi.ac.uk/vol1/fastq/SRR292/009/SRR2926179/SRR2926179.fastq.gz	-	control_none.beads_col_v3a	TAIR10.fa.gz
AP2EREBP_tnt.ERF73_colamp_a	Arabidopsis_thaliana	https://ftp.sra.ebi.ac.uk/vol1/fastq/SRR292/008/SRR2926178/SRR2926178.fastq.gz	-	control_tnt-pixhalo_colamp_v3a	TAIR10.fa.gz
AP2EREBP_tnt.ERF7_col_a	Arabidopsis_thaliana	https://ftp.sra.ebi.ac.uk/vol1/fastq/SRR292/007/SRR2926177/SRR2926177.fastq.gz	-	control_none.beads_col_v3a	TAIR10.fa.gz
AP2EREBP_tnt.ERF7_colamp_a	Arabidopsis_thaliana	https://ftp.sra.ebi.ac.uk/vol1/fastq/SRR292/006/SRR2926176/SRR2926176.fastq.gz	-	control_tnt-pixhalo_colamp_v3a	TAIR10.fa.gz
AP2EREBP_tnt.ERF8_col_a	Arabidopsis_thaliana	https://ftp.sra.ebi.ac.uk/vol1/fastq/SRR292/001/SRR2926181/SRR2926181.fastq.gz	-	control_none.beads_col_v3a	TAIR10.fa.gz
AP2EREBP_tnt.ERF8_colamp_a	Arabidopsis_thaliana	https://ftp.sra.ebi.ac.uk/vol1/fastq/SRR292/000/SRR2926180/SRR2926180.fastq.gz	-	control_tnt-pixhalo_colamp_v3a	TAIR10.fa.gz
AP2EREBP_tnt.ERF9_col_a	Arabidopsis_thaliana	https://ftp.sra.ebi.ac.uk/vol1/fastq/SRR292/003/SRR2926183/SRR2926183.fastq.gz	-	control_none.beads_col_v3a	TAIR10.fa.gz
AP2EREBP_tnt.ERF9_colamp_a	Arabidopsis_thaliana	https://ftp.sra.ebi.ac.uk/vol1/fastq/SRR292/002/SRR2926182/SRR2926182.fastq.gz	-	control_tnt-pixhalo_colamp_v3a	TAIR10.fa.gz
AP2EREBP_tnt.ESE1_col_a	Arabidopsis_thaliana	https://ftp.sra.ebi.ac.uk/vol1/fastq/SRR292/005/SRR2926185/SRR2926185.fastq.gz	-	control_none.beads_col_v3a	TAIR10.fa.gz
AP2EREBP_tnt.ESE1_colamp_a	Arabidopsis_thaliana	https://ftp.sra.ebi.ac.uk/vol1/fastq/SRR292/004/SRR2926184/SRR2926184.fastq.gz	-	control_tnt-pixhalo_colamp_v3a	TAIR10.fa.gz
AP2EREBP_tnt.ESE3_col_a	Arabidopsis_thaliana	https://ftp.sra.ebi.ac.uk/vol1/fastq/SRR292/007/SRR2926187/SRR2926187.fastq.gz	-	control_none.beads_col_v3a	TAIR10.fa.gz
AP2EREBP_tnt.ESE3_colamp_a	Arabidopsis_thaliana	https://ftp.sra.ebi.ac.uk/vol1/fastq/SRR292/006/SRR2926186/SRR2926186.fastq.gz	-	control_tnt-pixhalo_colamp_v3a	TAIR10.fa.gz
AP2EREBP_tnt.LEP_col_a	Arabidopsis_thaliana	https://ftp.sra.ebi.ac.uk/vol1/fastq/SRR292/008/SRR2926188/SRR2926188.fastq.gz	-	control_none.beads_col_v3a	TAIR10.fa.gz
AP2EREBP_tnt.PLT1_col_a	Arabidopsis_thaliana	https://ftp.sra.ebi.ac.uk/vol1/fastq/SRR292/000/SRR2926190/SRR2926190.fastq.gz	-	control_none.beads_col_v3a	TAIR10.fa.gz
AP2EREBP_tnt.PLT1_colamp_a	Arabidopsis_thaliana	https://ftp.sra.ebi.ac.uk/vol1/fastq/SRR292/009/SRR2926189/SRR2926189.fastq.gz	-	control_tnt-pixhalo_colamp_v3a	TAIR10.fa.gz
AP2EREBP_tnt.PLT3_col_a	Arabidopsis_thaliana	https://ftp.sra.ebi.ac.uk/vol1/fastq/SRR292/001/SRR2926191/SRR2926191.fastq.gz	-	control_none.beads_col_v3a	TAIR10.fa.gz
AP2EREBP_tnt.PUCHI_col_a	Arabidopsis_thaliana	https://ftp.sra.ebi.ac.uk/vol1/fastq/SRR292/003/SRR2926193/SRR2926193.fastq.gz	-	control_none.beads_col_v3a	TAIR10.fa.gz
AP2EREBP_tnt.PUCHI_colamp_a	Arabidopsis_thaliana	https://ftp.sra.ebi.ac.uk/vol1/fastq/SRR292/002/SRR2926192/SRR2926192.fastq.gz	-	control_tnt-pixhalo_colamp_v3a	TAIR10.fa.gz
AP2EREBP_tnt.RAP211_col_a	Arabidopsis_thaliana	https://ftp.sra.ebi.ac.uk/vol1/fastq/SRR292/007/SRR2926197/SRR2926197.fastq.gz	-	control_none.beads_col_v3a	TAIR10.fa.gz
AP2EREBP_tnt.RAP211_colamp_a	Arabidopsis_thaliana	https://ftp.sra.ebi.ac.uk/vol1/fastq/SRR292/006/SRR2926196/SRR2926196.fastq.gz	-	control_tnt-pixhalo_colamp_v3a	TAIR10.fa.gz
AP2EREBP_tnt.RAP212_col_a	Arabidopsis_thaliana	https://ftp.sra.ebi.ac.uk/vol1/fastq/SRR292/008/SRR2926198/SRR2926198.fastq.gz	-	control_none.beads_col_v3a	TAIR10.fa.gz
AP2EREBP_tnt.RAP21_col_a	Arabidopsis_thaliana	https://ftp.sra.ebi.ac.uk/vol1/fastq/SRR292/005/SRR2926195/SRR2926195.fastq.gz	-	control_none.beads_col_v3a	TAIR10.fa.gz
AP2EREBP_tnt.RAP21_colamp_a	Arabidopsis_thaliana	https://ftp.sra.ebi.ac.uk/vol1/fastq/SRR292/004/SRR2926194/SRR2926194.fastq.gz	-	control_tnt-pixhalo_colamp_v3a	TAIR10.fa.gz
AP2EREBP_tnt.RAP26_col_a	Arabidopsis_thaliana	https://ftp.sra.ebi.ac.uk/vol1/fastq/SRR292/000/SRR2926200/SRR2926200.fastq.gz	-	control_none.beads_col_v3a	TAIR10.fa.gz
AP2EREBP_tnt.RAP26_colamp_a	Arabidopsis_thaliana	https://ftp.sra.ebi.ac.uk/vol1/fastq/SRR292/009/SRR2926199/SRR2926199.fastq.gz	-	control_tnt-pixhalo_colamp_v3a	TAIR10.fa.gz
AP2EREBP_tnt.RRTF1_col_a	Arabidopsis_thaliana	https://ftp.sra.ebi.ac.uk/vol1/fastq/SRR292/002/SRR2926202/SRR2926202.fastq.gz	-	control_none.beads_col_v3a	TAIR10.fa.gz
AP2EREBP_tnt.RRTF1_colamp_a	Arabidopsis_thaliana	https://ftp.sra.ebi.ac.uk/vol1/fastq/SRR292/001/SRR2926201/SRR2926201.fastq.gz	-	control_tnt-pixhalo_colamp_v3a	TAIR10.fa.gz
AP2EREBP_tnt.Rap210_col_a	Arabidopsis_thaliana	https://ftp.sra.ebi.ac.uk/vol1/fastq/SRR292/004/SRR2926204/SRR2926204.fastq.gz	-	control_none.beads_col_v3a	TAIR10.fa.gz
AP2EREBP_tnt.Rap210_colamp_a	Arabidopsis_thaliana	https://ftp.sra.ebi.ac.uk/vol1/fastq/SRR292/003/SRR2926203/SRR2926203.fastq.gz	-	control_tnt-pixhalo_colamp_v3a	TAIR10.fa.gz
AP2EREBP_tnt.SHN3_col_a	Arabidopsis_thaliana	https://ftp.sra.ebi.ac.uk/vol1/fastq/SRR292/005/SRR2926205/SRR2926205.fastq.gz	-	control_none.beads_col_v3a	TAIR10.fa.gz
AP2EREBP_tnt.TINY_col_a	Arabidopsis_thaliana	https://ftp.sra.ebi.ac.uk/vol1/fastq/SRR292/006/SRR2926206/SRR2926206.fastq.gz	-	control_none.beads_col_v3a	TAIR10.fa.gz
ARF_ecoli-ZmARF5_Zm_2	Arabidopsis_thaliana	https://ftp.sra.ebi.ac.uk/vol1/fastq/SRR353/009/SRR3536649/SRR3536649.fastq.gz	-	control_none.beads_col_v3a	TAIR10.fa.gz
ARF_ecoli-ZmARF5_col_4	Arabidopsis_thaliana	https://ftp.sra.ebi.ac.uk/vol1/fastq/SRR292/000/SRR2926070/SRR2926070.fastq.gz	-	control_none.beads_col_v3a	TAIR10.fa.gz
ARF_ecoli.MP_col_v31	Arabidopsis_thaliana	https://ftp.sra.ebi.ac.uk/vol1/fastq/SRR292/006/SRR2926896/SRR2926896.fastq.gz	-	control_none.beads_col_v3a	TAIR10.fa.gz
ARF_ecoli.MP_col_v35	Arabidopsis_thaliana	https://ftp.sra.ebi.ac.uk/vol1/fastq/SRR292/007/SRR2926897/SRR2926897_1.fastq.gz	-	control_none.beads_col_v3a	TAIR10.fa.gz
ARF_tnt.ARF16_col_b	Arabidopsis_thaliana	https://ftp.sra.ebi.ac.uk/vol1/fastq/SRR292/007/SRR2926207/SRR2926207_1.fastq.gz	-	control_none.beads_col_v3a	TAIR10.fa.gz
ARF_tnt.ARF2_col_v31	Arabidopsis_thaliana	https://ftp.sra.ebi.ac.uk/vol1/fastq/SRR292/008/SRR2926208/SRR2926208.fastq.gz	-	control_none.beads_col_v3a	TAIR10.fa.gz
ARID_tnt.AT1G04880_col_a	Arabidopsis_thaliana	https://ftp.sra.ebi.ac.uk/vol1/fastq/SRR292/000/SRR2926210/SRR2926210.fastq.gz	-	control_none.beads_col_v3a	TAIR10.fa.gz
ARID_tnt.AT1G04880_colamp_a	Arabidopsis_thaliana	https://ftp.sra.ebi.ac.uk/vol1/fastq/SRR292/009/SRR2926209/SRR2926209.fastq.gz	-	control_tnt-pixhalo_colamp_v3a	TAIR10.fa.gz
ARID_tnt.AT1G20910_col_a	Arabidopsis_thaliana	https://ftp.sra.ebi.ac.uk/vol1/fastq/SRR292/001/SRR2926211/SRR2926211.fastq.gz	-	control_none.beads_col_v3a	TAIR10.fa.gz
ARID_tnt.AT2G17410_col_a	Arabidopsis_thaliana	https://ftp.sra.ebi.ac.uk/vol1/fastq/SRR292/002/SRR2926212/SRR2926212.fastq.gz	-	control_none.beads_col_v3a	TAIR10.fa.gz
ARID_tnt.At1g76110_col_a	Arabidopsis_thaliana	https://ftp.sra.ebi.ac.uk/vol1/fastq/SRR292/004/SRR2926214/SRR2926214.fastq.gz	-	control_none.beads_col_v3a	TAIR10.fa.gz
ARID_tnt.At1g76110_colamp_a	Arabidopsis_thaliana	https://ftp.sra.ebi.ac.uk/vol1/fastq/SRR292/003/SRR2926213/SRR2926213.fastq.gz	-	control_tnt-pixhalo_colamp_v3a	TAIR10.fa.gz
ARID_tnt.At3g13350_col_a	Arabidopsis_thaliana	https://ftp.sra.ebi.ac.uk/vol1/fastq/SRR292/005/SRR2926215/SRR2926215.fastq.gz	-	control_none.beads_col_v3a	TAIR10.fa.gz
BBRBPC_tnt.BPC1_col_a	Arabidopsis_thaliana	https://ftp.sra.ebi.ac.uk/vol1/fastq/SRR292/007/SRR2926217/SRR2926217.fastq.gz	-	control_none.beads_col_v3a	TAIR10.fa.gz
BBRBPC_tnt.BPC1_colamp_a	Arabidopsis_thaliana	https://ftp.sra.ebi.ac.uk/vol1/fastq/SRR292/006/SRR2926216/SRR2926216.fastq.gz	-	control_tnt-pixhalo_colamp_v3a	TAIR10.fa.gz
BBRBPC_tnt.BPC5_col_a	Arabidopsis_thaliana	https://ftp.sra.ebi.ac.uk/vol1/fastq/SRR292/009/SRR2926219/SRR2926219.fastq.gz	-	control_none.beads_col_v3a	TAIR10.fa.gz
BBRBPC_tnt.BPC5_colamp_a	Arabidopsis_thaliana	https://ftp.sra.ebi.ac.uk/vol1/fastq/SRR292/008/SRR2926218/SRR2926218.fastq.gz	-	control_tnt-pixhalo_colamp_v3a	TAIR10.fa.gz
BBRBPC_tnt.BPC6_col_a	Arabidopsis_thaliana	https://ftp.sra.ebi.ac.uk/vol1/fastq/SRR292/000/SRR2926220/SRR2926220.fastq.gz	-	control_none.beads_col_v3a	TAIR10.fa.gz
BES1_tnt.BAM8_col_a	Arabidopsis_thaliana	https://ftp.sra.ebi.ac.uk/vol1/fastq/SRR292/002/SRR2926222/SRR2926222.fastq.gz	-	control_none.beads_col_v3a	TAIR10.fa.gz
BES1_tnt.BAM8_colamp_a	Arabidopsis_thaliana	https://ftp.sra.ebi.ac.uk/vol1/fastq/SRR292/001/SRR2926221/SRR2926221.fastq.gz	-	control_tnt-pixhalo_colamp_v3a	TAIR10.fa.gz
BSD_tnt.AT1G10720_col_a	Arabidopsis_thaliana	https://ftp.sra.ebi.ac.uk/vol1/fastq/SRR292/003/SRR2926223/SRR2926223.fastq.gz	-	control_none.beads_col_v3a	TAIR10.fa.gz
BZR_tnt.At1g78700_col_a	Arabidopsis_thaliana	https://ftp.sra.ebi.ac.uk/vol1/fastq/SRR292/005/SRR2926225/SRR2926225.fastq.gz	-	control_none.beads_col_v3a	TAIR10.fa.gz
BZR_tnt.At1g78700_colamp_a	Arabidopsis_thaliana	https://ftp.sra.ebi.ac.uk/vol1/fastq/SRR292/004/SRR2926224/SRR2926224.fastq.gz	-	control_tnt-pixhalo_colamp_v3a	TAIR10.fa.gz
BZR_tnt.At4g18890_col_a	Arabidopsis_thaliana	https://ftp.sra.ebi.ac.uk/vol1/fastq/SRR292/007/SRR2926227/SRR2926227.fastq.gz	-	control_none.beads_col_v3a	TAIR10.fa.gz
BZR_tnt.At4g18890_colamp_a	Arabidopsis_thaliana	https://ftp.sra.ebi.ac.uk/vol1/fastq/SRR292/006/SRR2926226/SRR2926226.fastq.gz	-	control_tnt-pixhalo_colamp_v3a	TAIR10.fa.gz
BZR_tnt.At4g36780_col_a	Arabidopsis_thaliana	https://ftp.sra.ebi.ac.uk/vol1/fastq/SRR292/009/SRR2926229/SRR2926229.fastq.gz	-	control_none.beads_col_v3a	TAIR10.fa.gz
BZR_tnt.At4g36780_colamp_a	Arabidopsis_thaliana	https://ftp.sra.ebi.ac.uk/vol1/fastq/SRR292/008/SRR2926228/SRR2926228.fastq.gz	-	control_tnt-pixhalo_colamp_v3a	TAIR10.fa.gz
BZR_tnt.BZR1_col_a	Arabidopsis_thaliana	https://ftp.sra.ebi.ac.uk/vol1/fastq/SRR292/000/SRR2926230/SRR2926230.fastq.gz	-	control_none.beads_col_v3a	TAIR10.fa.gz
C2C2COlike_tnt.AT4G27900_col_a	Arabidopsis_thaliana	https://ftp.sra.ebi.ac.uk/vol1/fastq/SRR292/001/SRR2926231/SRR2926231.fastq.gz	-	control_none.beads_col_v3a	TAIR10.fa.gz
C2C2COlike_tnt.AT5G59990_col_a	Arabidopsis_thaliana	https://ftp.sra.ebi.ac.uk/vol1/fastq/SRR292/003/SRR2926233/SRR2926233.fastq.gz	-	control_none.beads_col_v3a	TAIR10.fa.gz
C2C2COlike_tnt.AT5G59990_colamp_a	Arabidopsis_thaliana	https://ftp.sra.ebi.ac.uk/vol1/fastq/SRR292/002/SRR2926232/SRR2926232.fastq.gz	-	control_tnt-pixhalo_colamp_v3a	TAIR10.fa.gz
C2C2YABBY_tnt.CRC_col_a	Arabidopsis_thaliana	https://ftp.sra.ebi.ac.uk/vol1/fastq/SRR292/005/SRR2926235/SRR2926235.fastq.gz	-	control_none.beads_col_v3a	TAIR10.fa.gz
C2C2YABBY_tnt.CRC_colamp_a	Arabidopsis_thaliana	https://ftp.sra.ebi.ac.uk/vol1/fastq/SRR292/004/SRR2926234/SRR2926234.fastq.gz	-	control_tnt-pixhalo_colamp_v3a	TAIR10.fa.gz
C2C2dof_tnt.AT1G47655_col_a	Arabidopsis_thaliana	https://ftp.sra.ebi.ac.uk/vol1/fastq/SRR292/007/SRR2926237/SRR2926237.fastq.gz	-	control_none.beads_col_v3a	TAIR10.fa.gz
C2C2dof_tnt.AT1G47655_colamp_a	Arabidopsis_thaliana	https://ftp.sra.ebi.ac.uk/vol1/fastq/SRR292/006/SRR2926236/SRR2926236.fastq.gz	-	control_tnt-pixhalo_colamp_v3a	TAIR10.fa.gz
C2C2dof_tnt.AT1G69570_col_a	Arabidopsis_thaliana	https://ftp.sra.ebi.ac.uk/vol1/fastq/SRR292/009/SRR2926239/SRR2926239.fastq.gz	-	control_none.beads_col_v3a	TAIR10.fa.gz
C2C2dof_tnt.AT1G69570_colamp_a	Arabidopsis_thaliana	https://ftp.sra.ebi.ac.uk/vol1/fastq/SRR292/008/SRR2926238/SRR2926238.fastq.gz	-	control_tnt-pixhalo_colamp_v3a	TAIR10.fa.gz
C2C2dof_tnt.AT2G28810_col_a	Arabidopsis_thaliana	https://ftp.sra.ebi.ac.uk/vol1/fastq/SRR292/001/SRR2926241/SRR2926241.fastq.gz	-	control_none.beads_col_v3a	TAIR10.fa.gz
C2C2dof_tnt.AT2G28810_colamp_a	Arabidopsis_thaliana	https://ftp.sra.ebi.ac.uk/vol1/fastq/SRR292/000/SRR2926240/SRR2926240.fastq.gz	-	control_tnt-pixhalo_colamp_v3a	TAIR10.fa.gz
C2C2dof_tnt.AT3G52440_col_a	Arabidopsis_thaliana	https://ftp.sra.ebi.ac.uk/vol1/fastq/SRR292/003/SRR2926243/SRR2926243.fastq.gz	-	control_none.beads_col_v3a	TAIR10.fa.gz
C2C2dof_tnt.AT3G52440_colamp_a	Arabidopsis_thaliana	https://ftp.sra.ebi.ac.uk/vol1/fastq/SRR292/002/SRR2926242/SRR2926242.fastq.gz	-	control_tnt-pixhalo_colamp_v3a	TAIR10.fa.gz
C2C2dof_tnt.AT5G02460_col_a	Arabidopsis_thaliana	https://ftp.sra.ebi.ac.uk/vol1/fastq/SRR292/005/SRR2926245/SRR2926245.fastq.gz	-	control_none.beads_col_v3a	TAIR10.fa.gz
C2C2dof_tnt.AT5G02460_colamp_a	Arabidopsis_thaliana	https://ftp.sra.ebi.ac.uk/vol1/fastq/SRR292/004/SRR2926244/SRR2926244.fastq.gz	-	control_tnt-pixhalo_colamp_v3a	TAIR10.fa.gz
C2C2dof_tnt.AT5G66940_col_a	Arabidopsis_thaliana	https://ftp.sra.ebi.ac.uk/vol1/fastq/SRR292/007/SRR2926247/SRR2926247.fastq.gz	-	control_none.beads_col_v3a	TAIR10.fa.gz
C2C2dof_tnt.AT5G66940_colamp_a	Arabidopsis_thaliana	https://ftp.sra.ebi.ac.uk/vol1/fastq/SRR292/006/SRR2926246/SRR2926246.fastq.gz	-	control_tnt-pixhalo_colamp_v3a	TAIR10.fa.gz
C2C2dof_tnt.Adof1_col_a	Arabidopsis_thaliana	https://ftp.sra.ebi.ac.uk/vol1/fastq/SRR292/009/SRR2926249/SRR2926249.fastq.gz	-	control_none.beads_col_v3a	TAIR10.fa.gz
C2C2dof_tnt.Adof1_colamp_a	Arabidopsis_thaliana	https://ftp.sra.ebi.ac.uk/vol1/fastq/SRR292/008/SRR2926248/SRR2926248.fastq.gz	-	control_tnt-pixhalo_colamp_v3a	TAIR10.fa.gz
C2C2dof_tnt.At1g64620_100ng20cy_b	Arabidopsis_thaliana	https://ftp.sra.ebi.ac.uk/vol1/fastq/SRR292/000/SRR2926250/SRR2926250_1.fastq.gz	-	control_none.beads_col_v3a	TAIR10.fa.gz
C2C2dof_tnt.At1g64620_colamp_a	Arabidopsis_thaliana	https://ftp.sra.ebi.ac.uk/vol1/fastq/SRR292/001/SRR2926251/SRR2926251.fastq.gz	-	control_tnt-pixhalo_colamp_v3a	TAIR10.fa.gz
C2C2dof_tnt.At3g45610_col_a	Arabidopsis_thaliana	https://ftp.sra.ebi.ac.uk/vol1/fastq/SRR292/003/SRR2926253/SRR2926253.fastq.gz	-	control_none.beads_col_v3a	TAIR10.fa.gz
C2C2dof_tnt.At3g45610_colamp_a	Arabidopsis_thaliana	https://ftp.sra.ebi.ac.uk/vol1/fastq/SRR292/002/SRR2926252/SRR2926252.fastq.gz	-	control_tnt-pixhalo_colamp_v3a	TAIR10.fa.gz
C2C2dof_tnt.At4g38000_col_a	Arabidopsis_thaliana	https://ftp.sra.ebi.ac.uk/vol1/fastq/SRR292/005/SRR2926255/SRR2926255.fastq.gz	-	control_none.beads_col_v3a	TAIR10.fa.gz
C2C2dof_tnt.At4g38000_colamp_a	Arabidopsis_thaliana	https://ftp.sra.ebi.ac.uk/vol1/fastq/SRR292/004/SRR2926254/SRR2926254.fastq.gz	-	control_tnt-pixhalo_colamp_v3a	TAIR10.fa.gz
C2C2dof_tnt.At5g62940_col_a	Arabidopsis_thaliana	https://ftp.sra.ebi.ac.uk/vol1/fastq/SRR292/006/SRR2926256/SRR2926256.fastq.gz	-	control_none.beads_col_v3a	TAIR10.fa.gz
C2C2dof_tnt.CDF3_col_a	Arabidopsis_thaliana	https://ftp.sra.ebi.ac.uk/vol1/fastq/SRR292/008/SRR2926258/SRR2926258.fastq.gz	-	control_none.beads_col_v3a	TAIR10.fa.gz
C2C2dof_tnt.CDF3_colamp_a	Arabidopsis_thaliana	https://ftp.sra.ebi.ac.uk/vol1/fastq/SRR292/007/SRR2926257/SRR2926257.fastq.gz	-	control_tnt-pixhalo_colamp_v3a	TAIR10.fa.gz
C2C2dof_tnt.COG1_col_a	Arabidopsis_thaliana	https://ftp.sra.ebi.ac.uk/vol1/fastq/SRR292/000/SRR2926260/SRR2926260.fastq.gz	-	control_none.beads_col_v3a	TAIR10.fa.gz
C2C2dof_tnt.COG1_colamp_a	Arabidopsis_thaliana	https://ftp.sra.ebi.ac.uk/vol1/fastq/SRR292/009/SRR2926259/SRR2926259.fastq.gz	-	control_tnt-pixhalo_colamp_v3a	TAIR10.fa.gz
C2C2dof_tnt.DAG2_col_a	Arabidopsis_thaliana	https://ftp.sra.ebi.ac.uk/vol1/fastq/SRR292/002/SRR2926262/SRR2926262.fastq.gz	-	control_none.beads_col_v3a	TAIR10.fa.gz
C2C2dof_tnt.DAG2_colamp_a	Arabidopsis_thaliana	https://ftp.sra.ebi.ac.uk/vol1/fastq/SRR292/001/SRR2926261/SRR2926261.fastq.gz	-	control_tnt-pixhalo_colamp_v3a	TAIR10.fa.gz
C2C2dof_tnt.OBP1_col_a	Arabidopsis_thaliana	https://ftp.sra.ebi.ac.uk/vol1/fastq/SRR292/003/SRR2926263/SRR2926263.fastq.gz	-	control_none.beads_col_v3a	TAIR10.fa.gz
C2C2dof_tnt.OBP3_col_a	Arabidopsis_thaliana	https://ftp.sra.ebi.ac.uk/vol1/fastq/SRR292/005/SRR2926265/SRR2926265.fastq.gz	-	control_none.beads_col_v3a	TAIR10.fa.gz
C2C2dof_tnt.OBP3_colamp_a	Arabidopsis_thaliana	https://ftp.sra.ebi.ac.uk/vol1/fastq/SRR292/004/SRR2926264/SRR2926264.fastq.gz	-	control_tnt-pixhalo_colamp_v3a	TAIR10.fa.gz
C2C2dof_tnt.OBP4_col_a	Arabidopsis_thaliana	https://ftp.sra.ebi.ac.uk/vol1/fastq/SRR292/007/SRR2926267/SRR2926267.fastq.gz	-	control_none.beads_col_v3a	TAIR10.fa.gz
C2C2dof_tnt.OBP4_colamp_a	Arabidopsis_thaliana	https://ftp.sra.ebi.ac.uk/vol1/fastq/SRR292/006/SRR2926266/SRR2926266.fastq.gz	-	control_tnt-pixhalo_colamp_v3a	TAIR10.fa.gz
C2C2dof_tnt.dof24_col_a	Arabidopsis_thaliana	https://ftp.sra.ebi.ac.uk/vol1/fastq/SRR292/009/SRR2926269/SRR2926269.fastq.gz	-	control_none.beads_col_v3a	TAIR10.fa.gz
C2C2dof_tnt.dof24_colamp_a	Arabidopsis_thaliana	https://ftp.sra.ebi.ac.uk/vol1/fastq/SRR292/008/SRR2926268/SRR2926268.fastq.gz	-	control_tnt-pixhalo_colamp_v3a	TAIR10.fa.gz
C2C2dof_tnt.dof42_col_a	Arabidopsis_thaliana	https://ftp.sra.ebi.ac.uk/vol1/fastq/SRR292/000/SRR2926270/SRR2926270.fastq.gz	-	control_none.beads_col_v3a	TAIR10.fa.gz
C2C2dof_tnt.dof43_col_a	Arabidopsis_thaliana	https://ftp.sra.ebi.ac.uk/vol1/fastq/SRR292/002/SRR2926272/SRR2926272.fastq.gz	-	control_none.beads_col_v3a	TAIR10.fa.gz
C2C2dof_tnt.dof43_colamp_a	Arabidopsis_thaliana	https://ftp.sra.ebi.ac.uk/vol1/fastq/SRR292/001/SRR2926271/SRR2926271.fastq.gz	-	control_tnt-pixhalo_colamp_v3a	TAIR10.fa.gz
C2C2dof_tnt.dof45_col_a	Arabidopsis_thaliana	https://ftp.sra.ebi.ac.uk/vol1/fastq/SRR292/004/SRR2926274/SRR2926274.fastq.gz	-	control_none.beads_col_v3a	TAIR10.fa.gz
C2C2dof_tnt.dof45_colamp_a	Arabidopsis_thaliana	https://ftp.sra.ebi.ac.uk/vol1/fastq/SRR292/003/SRR2926273/SRR2926273.fastq.gz	-	control_tnt-pixhalo_colamp_v3a	TAIR10.fa.gz
C2C2gata_tnt.GATA11_col_a	Arabidopsis_thaliana	https://ftp.sra.ebi.ac.uk/vol1/fastq/SRR292/007/SRR2926277/SRR2926277.fastq.gz	-	control_none.beads_col_v3a	TAIR10.fa.gz
C2C2gata_tnt.GATA12_col_a	Arabidopsis_thaliana	https://ftp.sra.ebi.ac.uk/vol1/fastq/SRR292/009/SRR2926279/SRR2926279.fastq.gz	-	control_none.beads_col_v3a	TAIR10.fa.gz
C2C2gata_tnt.GATA12_colamp_a	Arabidopsis_thaliana	https://ftp.sra.ebi.ac.uk/vol1/fastq/SRR292/008/SRR2926278/SRR2926278.fastq.gz	-	control_tnt-pixhalo_colamp_v3a	TAIR10.fa.gz
C2C2gata_tnt.GATA14_col_a	Arabidopsis_thaliana	https://ftp.sra.ebi.ac.uk/vol1/fastq/SRR292/000/SRR2926280/SRR2926280.fastq.gz	-	control_none.beads_col_v3a	TAIR10.fa.gz
C2C2gata_tnt.GATA15_col_b	Arabidopsis_thaliana	https://ftp.sra.ebi.ac.uk/vol1/fastq/SRR292/001/SRR2926281/SRR2926281_1.fastq.gz	-	control_none.beads_col_v3a	TAIR10.fa.gz
C2C2gata_tnt.GATA16_col_a	Arabidopsis_thaliana	https://ftp.sra.ebi.ac.uk/vol1/fastq/SRR292/002/SRR2926282/SRR2926282.fastq.gz	-	control_none.beads_col_v3a	TAIR10.fa.gz
C2C2gata_tnt.GATA19_col_a	Arabidopsis_thaliana	https://ftp.sra.ebi.ac.uk/vol1/fastq/SRR292/004/SRR2926284/SRR2926284.fastq.gz	-	control_none.beads_col_v3a	TAIR10.fa.gz
C2C2gata_tnt.GATA19_colamp_a	Arabidopsis_thaliana	https://ftp.sra.ebi.ac.uk/vol1/fastq/SRR292/003/SRR2926283/SRR2926283.fastq.gz	-	control_tnt-pixhalo_colamp_v3a	TAIR10.fa.gz
C2C2gata_tnt.GATA1_col_a	Arabidopsis_thaliana	https://ftp.sra.ebi.ac.uk/vol1/fastq/SRR292/006/SRR2926276/SRR2926276.fastq.gz	-	control_none.beads_col_v3a	TAIR10.fa.gz
C2C2gata_tnt.GATA1_colamp_a	Arabidopsis_thaliana	https://ftp.sra.ebi.ac.uk/vol1/fastq/SRR292/005/SRR2926275/SRR2926275.fastq.gz	-	control_tnt-pixhalo_colamp_v3a	TAIR10.fa.gz
C2C2gata_tnt.GATA20_col_a	Arabidopsis_thaliana	https://ftp.sra.ebi.ac.uk/vol1/fastq/SRR292/006/SRR2926286/SRR2926286.fastq.gz	-	control_none.beads_col_v3a	TAIR10.fa.gz
C2C2gata_tnt.GATA20_colamp_a	Arabidopsis_thaliana	https://ftp.sra.ebi.ac.uk/vol1/fastq/SRR292/005/SRR2926285/SRR2926285.fastq.gz	-	control_tnt-pixhalo_colamp_v3a	TAIR10.fa.gz
C2C2gata_tnt.GATA4_col_a	Arabidopsis_thaliana	https://ftp.sra.ebi.ac.uk/vol1/fastq/SRR292/007/SRR2926287/SRR2926287.fastq.gz	-	control_none.beads_col_v3a	TAIR10.fa.gz
C2C2gata_tnt.GATA6_col200_a	Arabidopsis_thaliana	https://ftp.sra.ebi.ac.uk/vol1/fastq/SRR292/008/SRR2926288/SRR2926288.fastq.gz	-	control_none.beads_col_v3a	TAIR10.fa.gz
C2C2gata_tnt.ZIM_col_a	Arabidopsis_thaliana	https://ftp.sra.ebi.ac.uk/vol1/fastq/SRR292/009/SRR2926289/SRR2926289.fastq.gz	-	control_none.beads_col_v3a	TAIR10.fa.gz
C2C2gata_tnt.ZML1_col_a	Arabidopsis_thaliana	https://ftp.sra.ebi.ac.uk/vol1/fastq/SRR292/001/SRR2926291/SRR2926291.fastq.gz	-	control_none.beads_col_v3a	TAIR10.fa.gz
C2C2gata_tnt.ZML1_colamp_a	Arabidopsis_thaliana	https://ftp.sra.ebi.ac.uk/vol1/fastq/SRR292/000/SRR2926290/SRR2926290.fastq.gz	-	control_tnt-pixhalo_colamp_v3a	TAIR10.fa.gz
C2C2gata_tnt.ZML2_col_a	Arabidopsis_thaliana	https://ftp.sra.ebi.ac.uk/vol1/fastq/SRR292/002/SRR2926292/SRR2926292.fastq.gz	-	control_none.beads_col_v3a	TAIR10.fa.gz
C2H2_tnt.AT2G15740_col_a	Arabidopsis_thaliana	https://ftp.sra.ebi.ac.uk/vol1/fastq/SRR292/003/SRR2926293/SRR2926293.fastq.gz	-	control_none.beads_col_v3a	TAIR10.fa.gz
C2H2_tnt.AT3G46070_col_a	Arabidopsis_thaliana	https://ftp.sra.ebi.ac.uk/vol1/fastq/SRR292/004/SRR2926294/SRR2926294.fastq.gz	-	control_none.beads_col_v3a	TAIR10.fa.gz
C2H2_tnt.AT3G49930_col_a	Arabidopsis_thaliana	https://ftp.sra.ebi.ac.uk/vol1/fastq/SRR292/005/SRR2926295/SRR2926295.fastq.gz	-	control_none.beads_col_v3a	TAIR10.fa.gz
C2H2_tnt.AT4G26030_col_a	Arabidopsis_thaliana	https://ftp.sra.ebi.ac.uk/vol1/fastq/SRR292/006/SRR2926296/SRR2926296.fastq.gz	-	control_none.beads_col_v3a	TAIR10.fa.gz
C2H2_tnt.AT5G22990_col_a	Arabidopsis_thaliana	https://ftp.sra.ebi.ac.uk/vol1/fastq/SRR292/007/SRR2926297/SRR2926297.fastq.gz	-	control_none.beads_col_v3a	TAIR10.fa.gz
C2H2_tnt.AZF1_colamp_a	Arabidopsis_thaliana	https://ftp.sra.ebi.ac.uk/vol1/fastq/SRR292/008/SRR2926298/SRR2926298.fastq.gz	-	control_tnt-pixhalo_colamp_v3a	TAIR10.fa.gz
C2H2_tnt.At1g14580_col_a	Arabidopsis_thaliana	https://ftp.sra.ebi.ac.uk/vol1/fastq/SRR292/000/SRR2926300/SRR2926300.fastq.gz	-	control_none.beads_col_v3a	TAIR10.fa.gz
C2H2_tnt.At1g14580_colamp_a	Arabidopsis_thaliana	https://ftp.sra.ebi.ac.uk/vol1/fastq/SRR292/009/SRR2926299/SRR2926299.fastq.gz	-	control_tnt-pixhalo_colamp_v3a	TAIR10.fa.gz
C2H2_tnt.At2g41835_col_b	Arabidopsis_thaliana	https://ftp.sra.ebi.ac.uk/vol1/fastq/SRR292/001/SRR2926301/SRR2926301_1.fastq.gz	-	control_none.beads_col_v3a	TAIR10.fa.gz
C2H2_tnt.At2g48100_col_b	Arabidopsis_thaliana	https://ftp.sra.ebi.ac.uk/vol1/fastq/SRR292/002/SRR2926302/SRR2926302.fastq.gz	-	control_none.beads_col_v3a	TAIR10.fa.gz
C2H2_tnt.At3g60580_col_a	Arabidopsis_thaliana	https://ftp.sra.ebi.ac.uk/vol1/fastq/SRR292/003/SRR2926303/SRR2926303.fastq.gz	-	control_none.beads_col_v3a	TAIR10.fa.gz
C2H2_tnt.At5g04390_col200_a	Arabidopsis_thaliana	https://ftp.sra.ebi.ac.uk/vol1/fastq/SRR292/004/SRR2926304/SRR2926304.fastq.gz	-	control_none.beads_col_v3a	TAIR10.fa.gz
C2H2_tnt.At5g22890_col_a	Arabidopsis_thaliana	https://ftp.sra.ebi.ac.uk/vol1/fastq/SRR292/005/SRR2926305/SRR2926305.fastq.gz	-	control_none.beads_col_v3a	TAIR10.fa.gz
C2H2_tnt.At5g66730_col_a	Arabidopsis_thaliana	https://ftp.sra.ebi.ac.uk/vol1/fastq/SRR292/008/SRR2926898/SRR2926898.fastq.gz	-	control_none.beads_col_v3a	TAIR10.fa.gz
C2H2_tnt.At5g66730_col_b	Arabidopsis_thaliana	https://ftp.sra.ebi.ac.uk/vol1/fastq/SRR292/009/SRR2926899/SRR2926899.fastq.gz	-	control_none.beads_col_v3a	TAIR10.fa.gz
C2H2_tnt.At5g66730_colamp_a	Arabidopsis_thaliana	https://ftp.sra.ebi.ac.uk/vol1/fastq/SRR292/006/SRR2926306/SRR2926306.fastq.gz	-	control_tnt-pixhalo_colamp_v3a	TAIR10.fa.gz
C2H2_tnt.AtIDD11_col_a	Arabidopsis_thaliana	https://ftp.sra.ebi.ac.uk/vol1/fastq/SRR292/008/SRR2926308/SRR2926308.fastq.gz	-	control_none.beads_col_v3a	TAIR10.fa.gz
C2H2_tnt.AtIDD11_colamp_a	Arabidopsis_thaliana	https://ftp.sra.ebi.ac.uk/vol1/fastq/SRR292/007/SRR2926307/SRR2926307.fastq.gz	-	control_tnt-pixhalo_colamp_v3a	TAIR10.fa.gz
C2H2_tnt.IDD2_col_a	Arabidopsis_thaliana	https://ftp.sra.ebi.ac.uk/vol1/fastq/SRR292/000/SRR2926310/SRR2926310.fastq.gz	-	control_none.beads_col_v3a	TAIR10.fa.gz
C2H2_tnt.IDD2_colamp_a	Arabidopsis_thaliana	https://ftp.sra.ebi.ac.uk/vol1/fastq/SRR292/009/SRR2926309/SRR2926309.fastq.gz	-	control_tnt-pixhalo_colamp_v3a	TAIR10.fa.gz
C2H2_tnt.IDD4_col_a	Arabidopsis_thaliana	https://ftp.sra.ebi.ac.uk/vol1/fastq/SRR292/001/SRR2926311/SRR2926311.fastq.gz	-	control_none.beads_col_v3a	TAIR10.fa.gz
C2H2_tnt.IDD5_col_a	Arabidopsis_thaliana	https://ftp.sra.ebi.ac.uk/vol1/fastq/SRR292/000/SRR2926900/SRR2926900.fastq.gz	-	control_none.beads_col_v3a	TAIR10.fa.gz
C2H2_tnt.IDD5_col_b	Arabidopsis_thaliana	https://ftp.sra.ebi.ac.uk/vol1/fastq/SRR292/001/SRR2926901/SRR2926901.fastq.gz	-	control_none.beads_col_v3a	TAIR10.fa.gz
C2H2_tnt.IDD5_colamp_a	Arabidopsis_thaliana	https://ftp.sra.ebi.ac.uk/vol1/fastq/SRR292/002/SRR2926312/SRR2926312.fastq.gz	-	control_tnt-pixhalo_colamp_v3a	TAIR10.fa.gz
C2H2_tnt.IDD7_col_a	Arabidopsis_thaliana	https://ftp.sra.ebi.ac.uk/vol1/fastq/SRR292/003/SRR2926313/SRR2926313.fastq.gz	-	control_none.beads_col_v3a	TAIR10.fa.gz
C2H2_tnt.JGL_col_a	Arabidopsis_thaliana	https://ftp.sra.ebi.ac.uk/vol1/fastq/SRR292/004/SRR2926314/SRR2926314.fastq.gz	-	control_none.beads_col_v3a	TAIR10.fa.gz
C2H2_tnt.JKD_col_a	Arabidopsis_thaliana	https://ftp.sra.ebi.ac.uk/vol1/fastq/SRR292/005/SRR2926315/SRR2926315.fastq.gz	-	control_none.beads_col_v3a	TAIR10.fa.gz
C2H2_tnt.MGP_col_a	Arabidopsis_thaliana	https://ftp.sra.ebi.ac.uk/vol1/fastq/SRR292/007/SRR2926317/SRR2926317.fastq.gz	-	control_none.beads_col_v3a	TAIR10.fa.gz
C2H2_tnt.MGP_colamp_a	Arabidopsis_thaliana	https://ftp.sra.ebi.ac.uk/vol1/fastq/SRR292/006/SRR2926316/SRR2926316.fastq.gz	-	control_tnt-pixhalo_colamp_v3a	TAIR10.fa.gz
C2H2_tnt.NUC_col_a	Arabidopsis_thaliana	https://ftp.sra.ebi.ac.uk/vol1/fastq/SRR292/009/SRR2926319/SRR2926319.fastq.gz	-	control_none.beads_col_v3a	TAIR10.fa.gz
C2H2_tnt.NUC_colamp_a	Arabidopsis_thaliana	https://ftp.sra.ebi.ac.uk/vol1/fastq/SRR292/008/SRR2926318/SRR2926318.fastq.gz	-	control_tnt-pixhalo_colamp_v3a	TAIR10.fa.gz
C2H2_tnt.SGR5_col_a	Arabidopsis_thaliana	https://ftp.sra.ebi.ac.uk/vol1/fastq/SRR292/001/SRR2926321/SRR2926321.fastq.gz	-	control_none.beads_col_v3a	TAIR10.fa.gz
C2H2_tnt.SGR5_colamp_a	Arabidopsis_thaliana	https://ftp.sra.ebi.ac.uk/vol1/fastq/SRR292/000/SRR2926320/SRR2926320.fastq.gz	-	control_tnt-pixhalo_colamp_v3a	TAIR10.fa.gz
C2H2_tnt.STOP1_col_a	Arabidopsis_thaliana	https://ftp.sra.ebi.ac.uk/vol1/fastq/SRR292/003/SRR2926323/SRR2926323.fastq.gz	-	control_none.beads_col_v3a	TAIR10.fa.gz
C2H2_tnt.STOP1_colamp_a	Arabidopsis_thaliana	https://ftp.sra.ebi.ac.uk/vol1/fastq/SRR292/002/SRR2926322/SRR2926322.fastq.gz	-	control_tnt-pixhalo_colamp_v3a	TAIR10.fa.gz
C2H2_tnt.STZ_col100_a	Arabidopsis_thaliana	https://ftp.sra.ebi.ac.uk/vol1/fastq/SRR292/002/SRR2926902/SRR2926902.fastq.gz	-	control_none.beads_col_v3a	TAIR10.fa.gz
C2H2_tnt.STZ_col_b	Arabidopsis_thaliana	https://ftp.sra.ebi.ac.uk/vol1/fastq/SRR292/003/SRR2926903/SRR2926903_1.fastq.gz	-	control_none.beads_col_v3a	TAIR10.fa.gz
C2H2_tnt.STZ_colamp_a	Arabidopsis_thaliana	https://ftp.sra.ebi.ac.uk/vol1/fastq/SRR292/004/SRR2926324/SRR2926324.fastq.gz	-	control_tnt-pixhalo_colamp_v3a	TAIR10.fa.gz
C2H2_tnt.TF3A_col_a	Arabidopsis_thaliana	https://ftp.sra.ebi.ac.uk/vol1/fastq/SRR292/005/SRR2926325/SRR2926325.fastq.gz	-	control_none.beads_col_v3a	TAIR10.fa.gz
C2H2_tnt.WIP5_col_a	Arabidopsis_thaliana	https://ftp.sra.ebi.ac.uk/vol1/fastq/SRR292/007/SRR2926327/SRR2926327.fastq.gz	-	control_none.beads_col_v3a	TAIR10.fa.gz
C2H2_tnt.WIP5_colamp_a	Arabidopsis_thaliana	https://ftp.sra.ebi.ac.uk/vol1/fastq/SRR292/006/SRR2926326/SRR2926326.fastq.gz	-	control_tnt-pixhalo_colamp_v3a	TAIR10.fa.gz
C3H_tnt.AT3G12130_colamp_a	Arabidopsis_thaliana	https://ftp.sra.ebi.ac.uk/vol1/fastq/SRR292/008/SRR2926328/SRR2926328.fastq.gz	-	control_tnt-pixhalo_colamp_v3a	TAIR10.fa.gz
C3H_tnt.AT5G63260_col_a	Arabidopsis_thaliana	https://ftp.sra.ebi.ac.uk/vol1/fastq/SRR292/000/SRR2926330/SRR2926330.fastq.gz	-	control_none.beads_col_v3a	TAIR10.fa.gz
C3H_tnt.AT5G63260_colamp_a	Arabidopsis_thaliana	https://ftp.sra.ebi.ac.uk/vol1/fastq/SRR292/009/SRR2926329/SRR2926329.fastq.gz	-	control_tnt-pixhalo_colamp_v3a	TAIR10.fa.gz
C3H_tnt.At1g70910_col_a	Arabidopsis_thaliana	https://ftp.sra.ebi.ac.uk/vol1/fastq/SRR292/001/SRR2926331/SRR2926331.fastq.gz	-	control_none.beads_col_v3a	TAIR10.fa.gz
C3H_tnt.At1g74370_col_a	Arabidopsis_thaliana	https://ftp.sra.ebi.ac.uk/vol1/fastq/SRR292/002/SRR2926332/SRR2926332.fastq.gz	-	control_none.beads_col_v3a	TAIR10.fa.gz
C3H_tnt.At5g08750_col_a	Arabidopsis_thaliana	https://ftp.sra.ebi.ac.uk/vol1/fastq/SRR292/003/SRR2926333/SRR2926333.fastq.gz	-	control_none.beads_col_v3a	TAIR10.fa.gz
C3H_tnt.CDM1_colamp_a	Arabidopsis_thaliana	https://ftp.sra.ebi.ac.uk/vol1/fastq/SRR292/004/SRR2926334/SRR2926334.fastq.gz	-	control_tnt-pixhalo_colamp_v3a	TAIR10.fa.gz
C3H_tnt.EMB1789_col_a	Arabidopsis_thaliana	https://ftp.sra.ebi.ac.uk/vol1/fastq/SRR292/005/SRR2926335/SRR2926335.fastq.gz	-	control_none.beads_col_v3a	TAIR10.fa.gz
C3H_tnt.TZF9_col_a	Arabidopsis_thaliana	https://ftp.sra.ebi.ac.uk/vol1/fastq/SRR292/006/SRR2926336/SRR2926336.fastq.gz	-	control_none.beads_col_v3a	TAIR10.fa.gz
C3H_tnt.U2AF35B_col_a	Arabidopsis_thaliana	https://ftp.sra.ebi.ac.uk/vol1/fastq/SRR292/007/SRR2926337/SRR2926337.fastq.gz	-	control_none.beads_col_v3a	TAIR10.fa.gz
CAMTA_tnt.CAMTA1_col_a	Arabidopsis_thaliana	https://ftp.sra.ebi.ac.uk/vol1/fastq/SRR292/008/SRR2926338/SRR2926338.fastq.gz	-	control_none.beads_col_v3a	TAIR10.fa.gz
CAMTA_tnt.CAMTA5_col_a	Arabidopsis_thaliana	https://ftp.sra.ebi.ac.uk/vol1/fastq/SRR292/009/SRR2926339/SRR2926339.fastq.gz	-	control_none.beads_col_v3a	TAIR10.fa.gz
CCAATHAP3_tnt.HAP3_col_a	Arabidopsis_thaliana	https://ftp.sra.ebi.ac.uk/vol1/fastq/SRR292/000/SRR2926340/SRR2926340.fastq.gz	-	control_none.beads_col_v3a	TAIR10.fa.gz
CCAATHAP3_tnt.NFYB4_col_a	Arabidopsis_thaliana	https://ftp.sra.ebi.ac.uk/vol1/fastq/SRR292/001/SRR2926341/SRR2926341.fastq.gz	-	control_none.beads_col_v3a	TAIR10.fa.gz
CPP_tnt.AT2G20110_col_a	Arabidopsis_thaliana	https://ftp.sra.ebi.ac.uk/vol1/fastq/SRR292/003/SRR2926343/SRR2926343.fastq.gz	-	control_none.beads_col_v3a	TAIR10.fa.gz
CPP_tnt.AT2G20110_colamp_a	Arabidopsis_thaliana	https://ftp.sra.ebi.ac.uk/vol1/fastq/SRR292/002/SRR2926342/SRR2926342.fastq.gz	-	control_tnt-pixhalo_colamp_v3a	TAIR10.fa.gz
CPP_tnt.SOL1_col_a	Arabidopsis_thaliana	https://ftp.sra.ebi.ac.uk/vol1/fastq/SRR292/004/SRR2926904/SRR2926904.fastq.gz	-	control_none.beads_col_v3a	TAIR10.fa.gz
CPP_tnt.SOL1_col_b	Arabidopsis_thaliana	https://ftp.sra.ebi.ac.uk/vol1/fastq/SRR292/005/SRR2926905/SRR2926905.fastq.gz	-	control_none.beads_col_v3a	TAIR10.fa.gz
CPP_tnt.SOL1_colamp_a	Arabidopsis_thaliana	https://ftp.sra.ebi.ac.uk/vol1/fastq/SRR292/004/SRR2926344/SRR2926344.fastq.gz	-	control_tnt-pixhalo_colamp_v3a	TAIR10.fa.gz
CPP_tnt.TCX2_col_a	Arabidopsis_thaliana	https://ftp.sra.ebi.ac.uk/vol1/fastq/SRR292/006/SRR2926346/SRR2926346.fastq.gz	-	control_none.beads_col_v3a	TAIR10.fa.gz
CPP_tnt.TCX2_colamp_a	Arabidopsis_thaliana	https://ftp.sra.ebi.ac.uk/vol1/fastq/SRR292/005/SRR2926345/SRR2926345.fastq.gz	-	control_tnt-pixhalo_colamp_v3a	TAIR10.fa.gz
CPP_tnt.TSO1_col_a	Arabidopsis_thaliana	https://ftp.sra.ebi.ac.uk/vol1/fastq/SRR292/007/SRR2926347/SRR2926347.fastq.gz	-	control_none.beads_col_v3a	TAIR10.fa.gz
DBP_tnt.AT3G51470_col_a	Arabidopsis_thaliana	https://ftp.sra.ebi.ac.uk/vol1/fastq/SRR292/008/SRR2926348/SRR2926348.fastq.gz	-	control_none.beads_col_v3a	TAIR10.fa.gz
E2FDP_tnt.DEL1_col_a	Arabidopsis_thaliana	https://ftp.sra.ebi.ac.uk/vol1/fastq/SRR292/000/SRR2926350/SRR2926350.fastq.gz	-	control_none.beads_col_v3a	TAIR10.fa.gz
E2FDP_tnt.DEL1_colamp_a	Arabidopsis_thaliana	https://ftp.sra.ebi.ac.uk/vol1/fastq/SRR292/009/SRR2926349/SRR2926349.fastq.gz	-	control_tnt-pixhalo_colamp_v3a	TAIR10.fa.gz
E2FDP_tnt.DEL2_col_a	Arabidopsis_thaliana	https://ftp.sra.ebi.ac.uk/vol1/fastq/SRR292/002/SRR2926352/SRR2926352.fastq.gz	-	control_none.beads_col_v3a	TAIR10.fa.gz
E2FDP_tnt.DEL2_colamp_a	Arabidopsis_thaliana	https://ftp.sra.ebi.ac.uk/vol1/fastq/SRR292/001/SRR2926351/SRR2926351.fastq.gz	-	control_tnt-pixhalo_colamp_v3a	TAIR10.fa.gz
E2FDP_tnt.E2FA_col_a	Arabidopsis_thaliana	https://ftp.sra.ebi.ac.uk/vol1/fastq/SRR292/004/SRR2926354/SRR2926354.fastq.gz	-	control_none.beads_col_v3a	TAIR10.fa.gz
E2FDP_tnt.E2FA_colamp_a	Arabidopsis_thaliana	https://ftp.sra.ebi.ac.uk/vol1/fastq/SRR292/003/SRR2926353/SRR2926353.fastq.gz	-	control_tnt-pixhalo_colamp_v3a	TAIR10.fa.gz
E2FDP_tnt.E2FC_col_a	Arabidopsis_thaliana	https://ftp.sra.ebi.ac.uk/vol1/fastq/SRR292/005/SRR2926355/SRR2926355.fastq.gz	-	control_none.beads_col_v3a	TAIR10.fa.gz
EIL_tnt.EIL3_col_b	Arabidopsis_thaliana	https://ftp.sra.ebi.ac.uk/vol1/fastq/SRR292/006/SRR2926356/SRR2926356.fastq.gz	-	control_none.beads_col_v3a	TAIR10.fa.gz
EIL_tnt.EIN3_col_a	Arabidopsis_thaliana	https://ftp.sra.ebi.ac.uk/vol1/fastq/SRR292/008/SRR2926358/SRR2926358.fastq.gz	-	control_none.beads_col_v3a	TAIR10.fa.gz
EIL_tnt.EIN3_colamp_a	Arabidopsis_thaliana	https://ftp.sra.ebi.ac.uk/vol1/fastq/SRR292/007/SRR2926357/SRR2926357.fastq.gz	-	control_tnt-pixhalo_colamp_v3a	TAIR10.fa.gz
FAR1_tnt.FAR1_col_a	Arabidopsis_thaliana	https://ftp.sra.ebi.ac.uk/vol1/fastq/SRR292/000/SRR2926360/SRR2926360.fastq.gz	-	control_none.beads_col_v3a	TAIR10.fa.gz
FAR1_tnt.FAR1_colamp_a	Arabidopsis_thaliana	https://ftp.sra.ebi.ac.uk/vol1/fastq/SRR292/009/SRR2926359/SRR2926359.fastq.gz	-	control_tnt-pixhalo_colamp_v3a	TAIR10.fa.gz
FHA_tnt.FHA2_col_b	Arabidopsis_thaliana	https://ftp.sra.ebi.ac.uk/vol1/fastq/SRR292/001/SRR2926361/SRR2926361.fastq.gz	-	control_none.beads_col_v3a	TAIR10.fa.gz
G2like_tnt.AT1G49560_col_a	Arabidopsis_thaliana	https://ftp.sra.ebi.ac.uk/vol1/fastq/SRR292/003/SRR2926363/SRR2926363.fastq.gz	-	control_none.beads_col_v3a	TAIR10.fa.gz
G2like_tnt.AT1G49560_colamp_a	Arabidopsis_thaliana	https://ftp.sra.ebi.ac.uk/vol1/fastq/SRR292/002/SRR2926362/SRR2926362.fastq.gz	-	control_tnt-pixhalo_colamp_v3a	TAIR10.fa.gz
G2like_tnt.AT2G20400_col_a	Arabidopsis_thaliana	https://ftp.sra.ebi.ac.uk/vol1/fastq/SRR292/005/SRR2926365/SRR2926365.fastq.gz	-	control_none.beads_col_v3a	TAIR10.fa.gz
G2like_tnt.AT2G20400_colamp_a	Arabidopsis_thaliana	https://ftp.sra.ebi.ac.uk/vol1/fastq/SRR292/004/SRR2926364/SRR2926364.fastq.gz	-	control_tnt-pixhalo_colamp_v3a	TAIR10.fa.gz
G2like_tnt.AT2G38300_col_a	Arabidopsis_thaliana	https://ftp.sra.ebi.ac.uk/vol1/fastq/SRR292/006/SRR2926366/SRR2926366.fastq.gz	-	control_none.beads_col_v3a	TAIR10.fa.gz
G2like_tnt.AT2G40260_col_a	Arabidopsis_thaliana	https://ftp.sra.ebi.ac.uk/vol1/fastq/SRR292/008/SRR2926368/SRR2926368.fastq.gz	-	control_none.beads_col_v3a	TAIR10.fa.gz
G2like_tnt.AT2G40260_colamp_a	Arabidopsis_thaliana	https://ftp.sra.ebi.ac.uk/vol1/fastq/SRR292/007/SRR2926367/SRR2926367.fastq.gz	-	control_tnt-pixhalo_colamp_v3a	TAIR10.fa.gz
G2like_tnt.AT4G37180_col_a	Arabidopsis_thaliana	https://ftp.sra.ebi.ac.uk/vol1/fastq/SRR292/000/SRR2926370/SRR2926370.fastq.gz	-	control_none.beads_col_v3a	TAIR10.fa.gz
G2like_tnt.AT4G37180_colamp_a	Arabidopsis_thaliana	https://ftp.sra.ebi.ac.uk/vol1/fastq/SRR292/009/SRR2926369/SRR2926369.fastq.gz	-	control_tnt-pixhalo_colamp_v3a	TAIR10.fa.gz
G2like_tnt.AT5G45580_col_a	Arabidopsis_thaliana	https://ftp.sra.ebi.ac.uk/vol1/fastq/SRR292/002/SRR2926372/SRR2926372.fastq.gz	-	control_none.beads_col_v3a	TAIR10.fa.gz
G2like_tnt.AT5G45580_colamp_a	Arabidopsis_thaliana	https://ftp.sra.ebi.ac.uk/vol1/fastq/SRR292/001/SRR2926371/SRR2926371.fastq.gz	-	control_tnt-pixhalo_colamp_v3a	TAIR10.fa.gz
G2like_tnt.At1g13300_col_a	Arabidopsis_thaliana	https://ftp.sra.ebi.ac.uk/vol1/fastq/SRR292/003/SRR2926373/SRR2926373.fastq.gz	-	control_none.beads_col_v3a	TAIR10.fa.gz
G2like_tnt.At1g25550_col100_a	Arabidopsis_thaliana	https://ftp.sra.ebi.ac.uk/vol1/fastq/SRR292/006/SRR2926906/SRR2926906.fastq.gz	-	control_none.beads_col_v3a	TAIR10.fa.gz
G2like_tnt.At1g25550_col_b	Arabidopsis_thaliana	https://ftp.sra.ebi.ac.uk/vol1/fastq/SRR292/007/SRR2926907/SRR2926907_1.fastq.gz	-	control_none.beads_col_v3a	TAIR10.fa.gz
G2like_tnt.At1g25550_colamp_a	Arabidopsis_thaliana	https://ftp.sra.ebi.ac.uk/vol1/fastq/SRR292/004/SRR2926374/SRR2926374.fastq.gz	-	control_tnt-pixhalo_colamp_v3a	TAIR10.fa.gz
G2like_tnt.At1g68670_col100_a	Arabidopsis_thaliana	https://ftp.sra.ebi.ac.uk/vol1/fastq/SRR292/008/SRR2926908/SRR2926908.fastq.gz	-	control_none.beads_col_v3a	TAIR10.fa.gz
G2like_tnt.At1g68670_col_b	Arabidopsis_thaliana	https://ftp.sra.ebi.ac.uk/vol1/fastq/SRR292/009/SRR2926909/SRR2926909_1.fastq.gz	-	control_none.beads_col_v3a	TAIR10.fa.gz
G2like_tnt.At1g68670_colamp_a	Arabidopsis_thaliana	https://ftp.sra.ebi.ac.uk/vol1/fastq/SRR292/005/SRR2926375/SRR2926375.fastq.gz	-	control_tnt-pixhalo_colamp_v3a	TAIR10.fa.gz
G2like_tnt.At2g01060_col_a	Arabidopsis_thaliana	https://ftp.sra.ebi.ac.uk/vol1/fastq/SRR292/000/SRR2926910/SRR2926910.fastq.gz	-	control_none.beads_col_v3a	TAIR10.fa.gz
G2like_tnt.At2g01060_col_b	Arabidopsis_thaliana	https://ftp.sra.ebi.ac.uk/vol1/fastq/SRR292/001/SRR2926911/SRR2926911.fastq.gz	-	control_none.beads_col_v3a	TAIR10.fa.gz
G2like_tnt.At2g01060_colamp_a	Arabidopsis_thaliana	https://ftp.sra.ebi.ac.uk/vol1/fastq/SRR292/006/SRR2926376/SRR2926376.fastq.gz	-	control_tnt-pixhalo_colamp_v3a	TAIR10.fa.gz
G2like_tnt.At2g03500_col_a	Arabidopsis_thaliana	https://ftp.sra.ebi.ac.uk/vol1/fastq/SRR292/008/SRR2926378/SRR2926378.fastq.gz	-	control_none.beads_col_v3a	TAIR10.fa.gz
G2like_tnt.At2g03500_colamp_a	Arabidopsis_thaliana	https://ftp.sra.ebi.ac.uk/vol1/fastq/SRR292/007/SRR2926377/SRR2926377.fastq.gz	-	control_tnt-pixhalo_colamp_v3a	TAIR10.fa.gz
G2like_tnt.At3g04030_col_a	Arabidopsis_thaliana	https://ftp.sra.ebi.ac.uk/vol1/fastq/SRR292/000/SRR2926380/SRR2926380.fastq.gz	-	control_none.beads_col_v3a	TAIR10.fa.gz
G2like_tnt.At3g04030_colamp_a	Arabidopsis_thaliana	https://ftp.sra.ebi.ac.uk/vol1/fastq/SRR292/009/SRR2926379/SRR2926379.fastq.gz	-	control_tnt-pixhalo_colamp_v3a	TAIR10.fa.gz
G2like_tnt.At3g12730_col_a	Arabidopsis_thaliana	https://ftp.sra.ebi.ac.uk/vol1/fastq/SRR292/002/SRR2926382/SRR2926382.fastq.gz	-	control_none.beads_col_v3a	TAIR10.fa.gz
G2like_tnt.At3g12730_colamp_a	Arabidopsis_thaliana	https://ftp.sra.ebi.ac.uk/vol1/fastq/SRR292/001/SRR2926381/SRR2926381.fastq.gz	-	control_tnt-pixhalo_colamp_v3a	TAIR10.fa.gz
G2like_tnt.At3g13040_col_b	Arabidopsis_thaliana	https://ftp.sra.ebi.ac.uk/vol1/fastq/SRR292/003/SRR2926383/SRR2926383_1.fastq.gz	-	control_none.beads_col_v3a	TAIR10.fa.gz
G2like_tnt.At3g24120_col_a	Arabidopsis_thaliana	https://ftp.sra.ebi.ac.uk/vol1/fastq/SRR292/005/SRR2926385/SRR2926385.fastq.gz	-	control_none.beads_col_v3a	TAIR10.fa.gz
G2like_tnt.At3g24120_colamp_a	Arabidopsis_thaliana	https://ftp.sra.ebi.ac.uk/vol1/fastq/SRR292/004/SRR2926384/SRR2926384.fastq.gz	-	control_tnt-pixhalo_colamp_v3a	TAIR10.fa.gz
G2like_tnt.At5g29000_col_a	Arabidopsis_thaliana	https://ftp.sra.ebi.ac.uk/vol1/fastq/SRR292/006/SRR2926386/SRR2926386.fastq.gz	-	control_none.beads_col_v3a	TAIR10.fa.gz
G2like_tnt.KAN2_col_a	Arabidopsis_thaliana	https://ftp.sra.ebi.ac.uk/vol1/fastq/SRR292/008/SRR2926388/SRR2926388.fastq.gz	-	control_none.beads_col_v3a	TAIR10.fa.gz
G2like_tnt.KAN2_colamp_a	Arabidopsis_thaliana	https://ftp.sra.ebi.ac.uk/vol1/fastq/SRR292/007/SRR2926387/SRR2926387.fastq.gz	-	control_tnt-pixhalo_colamp_v3a	TAIR10.fa.gz
GRF_tnt.AtGRF6_col_a	Arabidopsis_thaliana	https://ftp.sra.ebi.ac.uk/vol1/fastq/SRR292/009/SRR2926389/SRR2926389.fastq.gz	-	control_none.beads_col_v3a	TAIR10.fa.gz
GRF_tnt.GRF9_col_a	Arabidopsis_thaliana	https://ftp.sra.ebi.ac.uk/vol1/fastq/SRR292/001/SRR2926391/SRR2926391.fastq.gz	-	control_none.beads_col_v3a	TAIR10.fa.gz
GRF_tnt.GRF9_colamp_a	Arabidopsis_thaliana	https://ftp.sra.ebi.ac.uk/vol1/fastq/SRR292/000/SRR2926390/SRR2926390.fastq.gz	-	control_tnt-pixhalo_colamp_v3a	TAIR10.fa.gz
GeBP_tnt.AT1G66420_col_a	Arabidopsis_thaliana	https://ftp.sra.ebi.ac.uk/vol1/fastq/SRR292/002/SRR2926392/SRR2926392.fastq.gz	-	control_none.beads_col_v3a	TAIR10.fa.gz
GeBP_tnt.AT4G00250_col_a	Arabidopsis_thaliana	https://ftp.sra.ebi.ac.uk/vol1/fastq/SRR292/003/SRR2926393/SRR2926393.fastq.gz	-	control_none.beads_col_v3a	TAIR10.fa.gz
HB_tnt.ANL2_col_a	Arabidopsis_thaliana	https://ftp.sra.ebi.ac.uk/vol1/fastq/SRR292/005/SRR2926395/SRR2926395.fastq.gz	-	control_none.beads_col_v3a	TAIR10.fa.gz
HB_tnt.ANL2_colamp_a	Arabidopsis_thaliana	https://ftp.sra.ebi.ac.uk/vol1/fastq/SRR292/004/SRR2926394/SRR2926394.fastq.gz	-	control_tnt-pixhalo_colamp_v3a	TAIR10.fa.gz
HB_tnt.ATHB15_col_a	Arabidopsis_thaliana	https://ftp.sra.ebi.ac.uk/vol1/fastq/SRR292/006/SRR2926396/SRR2926396.fastq.gz	-	control_none.beads_col_v3a	TAIR10.fa.gz
HB_tnt.ATHB21_col_a	Arabidopsis_thaliana	https://ftp.sra.ebi.ac.uk/vol1/fastq/SRR292/008/SRR2926398/SRR2926398.fastq.gz	-	control_none.beads_col_v3a	TAIR10.fa.gz
HB_tnt.ATHB21_colamp_a	Arabidopsis_thaliana	https://ftp.sra.ebi.ac.uk/vol1/fastq/SRR292/007/SRR2926397/SRR2926397.fastq.gz	-	control_tnt-pixhalo_colamp_v3a	TAIR10.fa.gz
HB_tnt.ATHB40_col_a	Arabidopsis_thaliana	https://ftp.sra.ebi.ac.uk/vol1/fastq/SRR292/000/SRR2926400/SRR2926400.fastq.gz	-	control_none.beads_col_v3a	TAIR10.fa.gz
HB_tnt.ATHB40_colamp_a	Arabidopsis_thaliana	https://ftp.sra.ebi.ac.uk/vol1/fastq/SRR292/009/SRR2926399/SRR2926399.fastq.gz	-	control_tnt-pixhalo_colamp_v3a	TAIR10.fa.gz
HB_tnt.ATHB53_col_a	Arabidopsis_thaliana	https://ftp.sra.ebi.ac.uk/vol1/fastq/SRR292/004/SRR2926404/SRR2926404.fastq.gz	-	control_none.beads_col_v3a	TAIR10.fa.gz
HB_tnt.ATHB53_colamp_a	Arabidopsis_thaliana	https://ftp.sra.ebi.ac.uk/vol1/fastq/SRR292/003/SRR2926403/SRR2926403.fastq.gz	-	control_tnt-pixhalo_colamp_v3a	TAIR10.fa.gz
HB_tnt.ATHB5_col_a	Arabidopsis_thaliana	https://ftp.sra.ebi.ac.uk/vol1/fastq/SRR292/002/SRR2926402/SRR2926402.fastq.gz	-	control_none.beads_col_v3a	TAIR10.fa.gz
HB_tnt.ATHB5_colamp_a	Arabidopsis_thaliana	https://ftp.sra.ebi.ac.uk/vol1/fastq/SRR292/001/SRR2926401/SRR2926401.fastq.gz	-	control_tnt-pixhalo_colamp_v3a	TAIR10.fa.gz
HB_tnt.HDG7_col_a	Arabidopsis_thaliana	https://ftp.sra.ebi.ac.uk/vol1/fastq/SRR292/005/SRR2926405/SRR2926405.fastq.gz	-	control_none.beads_col_v3a	TAIR10.fa.gz
HB_tnt.LMI1_col_a	Arabidopsis_thaliana	https://ftp.sra.ebi.ac.uk/vol1/fastq/SRR292/007/SRR2926407/SRR2926407.fastq.gz	-	control_none.beads_col_v3a	TAIR10.fa.gz
HB_tnt.LMI1_colamp_a	Arabidopsis_thaliana	https://ftp.sra.ebi.ac.uk/vol1/fastq/SRR292/006/SRR2926406/SRR2926406.fastq.gz	-	control_tnt-pixhalo_colamp_v3a	TAIR10.fa.gz
HB_tnt.PHV_col_a	Arabidopsis_thaliana	https://ftp.sra.ebi.ac.uk/vol1/fastq/SRR292/008/SRR2926408/SRR2926408.fastq.gz	-	control_none.beads_col_v3a	TAIR10.fa.gz
HB_tnt.WOX11_col_a	Arabidopsis_thaliana	https://ftp.sra.ebi.ac.uk/vol1/fastq/SRR292/009/SRR2926409/SRR2926409.fastq.gz	-	control_none.beads_col_v3a	TAIR10.fa.gz
HMG_tnt.3XHMGBOX1_col_a	Arabidopsis_thaliana	https://ftp.sra.ebi.ac.uk/vol1/fastq/SRR292/001/SRR2926411/SRR2926411.fastq.gz	-	control_none.beads_col_v3a	TAIR10.fa.gz
HMG_tnt.3XHMGBOX1_colamp_a	Arabidopsis_thaliana	https://ftp.sra.ebi.ac.uk/vol1/fastq/SRR292/000/SRR2926410/SRR2926410.fastq.gz	-	control_tnt-pixhalo_colamp_v3a	TAIR10.fa.gz
HSF_tnt.HSF21_col_a	Arabidopsis_thaliana	https://ftp.sra.ebi.ac.uk/vol1/fastq/SRR292/002/SRR2926412/SRR2926412.fastq.gz	-	control_none.beads_col_v3a	TAIR10.fa.gz
HSF_tnt.HSF3_col_a	Arabidopsis_thaliana	https://ftp.sra.ebi.ac.uk/vol1/fastq/SRR292/004/SRR2926414/SRR2926414.fastq.gz	-	control_none.beads_col_v3a	TAIR10.fa.gz
HSF_tnt.HSF3_colamp_a	Arabidopsis_thaliana	https://ftp.sra.ebi.ac.uk/vol1/fastq/SRR292/003/SRR2926413/SRR2926413.fastq.gz	-	control_tnt-pixhalo_colamp_v3a	TAIR10.fa.gz
HSF_tnt.HSF6_col_a	Arabidopsis_thaliana	https://ftp.sra.ebi.ac.uk/vol1/fastq/SRR292/005/SRR2926415/SRR2926415.fastq.gz	-	control_none.beads_col_v3a	TAIR10.fa.gz
HSF_tnt.HSF7_col_a	Arabidopsis_thaliana	https://ftp.sra.ebi.ac.uk/vol1/fastq/SRR292/007/SRR2926417/SRR2926417.fastq.gz	-	control_none.beads_col_v3a	TAIR10.fa.gz
HSF_tnt.HSF7_colamp_a	Arabidopsis_thaliana	https://ftp.sra.ebi.ac.uk/vol1/fastq/SRR292/006/SRR2926416/SRR2926416.fastq.gz	-	control_tnt-pixhalo_colamp_v3a	TAIR10.fa.gz
HSF_tnt.HSFA1E_col_a	Arabidopsis_thaliana	https://ftp.sra.ebi.ac.uk/vol1/fastq/SRR292/009/SRR2926419/SRR2926419.fastq.gz	-	control_none.beads_col_v3a	TAIR10.fa.gz
HSF_tnt.HSFA1E_colamp_a	Arabidopsis_thaliana	https://ftp.sra.ebi.ac.uk/vol1/fastq/SRR292/008/SRR2926418/SRR2926418.fastq.gz	-	control_tnt-pixhalo_colamp_v3a	TAIR10.fa.gz
HSF_tnt.HSFA6A_col_a	Arabidopsis_thaliana	https://ftp.sra.ebi.ac.uk/vol1/fastq/SRR292/001/SRR2926421/SRR2926421.fastq.gz	-	control_none.beads_col_v3a	TAIR10.fa.gz
HSF_tnt.HSFA6A_colamp_a	Arabidopsis_thaliana	https://ftp.sra.ebi.ac.uk/vol1/fastq/SRR292/000/SRR2926420/SRR2926420.fastq.gz	-	control_tnt-pixhalo_colamp_v3a	TAIR10.fa.gz
HSF_tnt.HSFA6B_col100_a	Arabidopsis_thaliana	https://ftp.sra.ebi.ac.uk/vol1/fastq/SRR292/002/SRR2926912/SRR2926912.fastq.gz	-	control_none.beads_col_v3a	TAIR10.fa.gz
HSF_tnt.HSFA6B_col_b	Arabidopsis_thaliana	https://ftp.sra.ebi.ac.uk/vol1/fastq/SRR292/003/SRR2926913/SRR2926913_1.fastq.gz	-	control_none.beads_col_v3a	TAIR10.fa.gz
HSF_tnt.HSFA6B_colamp_a	Arabidopsis_thaliana	https://ftp.sra.ebi.ac.uk/vol1/fastq/SRR292/002/SRR2926422/SRR2926422.fastq.gz	-	control_tnt-pixhalo_colamp_v3a	TAIR10.fa.gz
HSF_tnt.HSFB3_col_a	Arabidopsis_thaliana	https://ftp.sra.ebi.ac.uk/vol1/fastq/SRR292/004/SRR2926424/SRR2926424.fastq.gz	-	control_none.beads_col_v3a	TAIR10.fa.gz
HSF_tnt.HSFB3_colamp_a	Arabidopsis_thaliana	https://ftp.sra.ebi.ac.uk/vol1/fastq/SRR292/003/SRR2926423/SRR2926423.fastq.gz	-	control_tnt-pixhalo_colamp_v3a	TAIR10.fa.gz
HSF_tnt.HSFB4_col_a	Arabidopsis_thaliana	https://ftp.sra.ebi.ac.uk/vol1/fastq/SRR292/005/SRR2926425/SRR2926425.fastq.gz	-	control_none.beads_col_v3a	TAIR10.fa.gz
HSF_tnt.HSFC1_col_a	Arabidopsis_thaliana	https://ftp.sra.ebi.ac.uk/vol1/fastq/SRR292/007/SRR2926427/SRR2926427.fastq.gz	-	control_none.beads_col_v3a	TAIR10.fa.gz
HSF_tnt.HSFC1_colamp_a	Arabidopsis_thaliana	https://ftp.sra.ebi.ac.uk/vol1/fastq/SRR292/006/SRR2926426/SRR2926426.fastq.gz	-	control_tnt-pixhalo_colamp_v3a	TAIR10.fa.gz
Homeobox_ecoli.HAT2_col_v31	Arabidopsis_thaliana	https://ftp.sra.ebi.ac.uk/vol1/fastq/SRR292/009/SRR2926439/SRR2926439.fastq.gz	-	control_none.beads_col_v3a	TAIR10.fa.gz
Homeobox_tnt.ATHB13_col_a	Arabidopsis_thaliana	https://ftp.sra.ebi.ac.uk/vol1/fastq/SRR292/009/SRR2926429/SRR2926429.fastq.gz	-	control_none.beads_col_v3a	TAIR10.fa.gz
Homeobox_tnt.ATHB13_colamp_a	Arabidopsis_thaliana	https://ftp.sra.ebi.ac.uk/vol1/fastq/SRR292/008/SRR2926428/SRR2926428.fastq.gz	-	control_tnt-pixhalo_colamp_v3a	TAIR10.fa.gz
Homeobox_tnt.ATHB18_col_a	Arabidopsis_thaliana	https://ftp.sra.ebi.ac.uk/vol1/fastq/SRR292/001/SRR2926431/SRR2926431.fastq.gz	-	control_none.beads_col_v3a	TAIR10.fa.gz
Homeobox_tnt.ATHB18_colamp_a	Arabidopsis_thaliana	https://ftp.sra.ebi.ac.uk/vol1/fastq/SRR292/000/SRR2926430/SRR2926430.fastq.gz	-	control_tnt-pixhalo_colamp_v3a	TAIR10.fa.gz
Homeobox_tnt.ATHB20_col_a	Arabidopsis_thaliana	https://ftp.sra.ebi.ac.uk/vol1/fastq/SRR292/003/SRR2926433/SRR2926433.fastq.gz	-	control_none.beads_col_v3a	TAIR10.fa.gz
Homeobox_tnt.ATHB20_colamp_a	Arabidopsis_thaliana	https://ftp.sra.ebi.ac.uk/vol1/fastq/SRR292/002/SRR2926432/SRR2926432.fastq.gz	-	control_tnt-pixhalo_colamp_v3a	TAIR10.fa.gz
Homeobox_tnt.ATHB6_col_a	Arabidopsis_thaliana	https://ftp.sra.ebi.ac.uk/vol1/fastq/SRR292/005/SRR2926435/SRR2926435.fastq.gz	-	control_none.beads_col_v3a	TAIR10.fa.gz
Homeobox_tnt.ATHB6_colamp_a	Arabidopsis_thaliana	https://ftp.sra.ebi.ac.uk/vol1/fastq/SRR292/004/SRR2926434/SRR2926434.fastq.gz	-	control_tnt-pixhalo_colamp_v3a	TAIR10.fa.gz
Homeobox_tnt.ATHB7_col_a	Arabidopsis_thaliana	https://ftp.sra.ebi.ac.uk/vol1/fastq/SRR292/006/SRR2926436/SRR2926436.fastq.gz	-	control_none.beads_col_v3a	TAIR10.fa.gz
Homeobox_tnt.EDT1_100ng20cy_b	Arabidopsis_thaliana	https://ftp.sra.ebi.ac.uk/vol1/fastq/SRR292/004/SRR2926914/SRR2926914_1.fastq.gz	-	control_none.beads_col_v3a	TAIR10.fa.gz
Homeobox_tnt.EDT1_col200_a	Arabidopsis_thaliana	https://ftp.sra.ebi.ac.uk/vol1/fastq/SRR292/005/SRR2926915/SRR2926915.fastq.gz	-	control_none.beads_col_v3a	TAIR10.fa.gz
Homeobox_tnt.HAT1_col_a	Arabidopsis_thaliana	https://ftp.sra.ebi.ac.uk/vol1/fastq/SRR292/008/SRR2926438/SRR2926438.fastq.gz	-	control_none.beads_col_v3a	TAIR10.fa.gz
Homeobox_tnt.HAT1_colamp_a	Arabidopsis_thaliana	https://ftp.sra.ebi.ac.uk/vol1/fastq/SRR292/007/SRR2926437/SRR2926437.fastq.gz	-	control_tnt-pixhalo_colamp_v3a	TAIR10.fa.gz
Homeobox_tnt.HAT22_col_a	Arabidopsis_thaliana	https://ftp.sra.ebi.ac.uk/vol1/fastq/SRR292/001/SRR2926441/SRR2926441.fastq.gz	-	control_none.beads_col_v3a	TAIR10.fa.gz
Homeobox_tnt.HAT2_colamp_a	Arabidopsis_thaliana	https://ftp.sra.ebi.ac.uk/vol1/fastq/SRR292/000/SRR2926440/SRR2926440.fastq.gz	-	control_tnt-pixhalo_colamp_v3a	TAIR10.fa.gz
Homeobox_tnt.HAT5_col_a	Arabidopsis_thaliana	https://ftp.sra.ebi.ac.uk/vol1/fastq/SRR292/003/SRR2926443/SRR2926443.fastq.gz	-	control_none.beads_col_v3a	TAIR10.fa.gz
Homeobox_tnt.HAT5_colamp_a	Arabidopsis_thaliana	https://ftp.sra.ebi.ac.uk/vol1/fastq/SRR292/002/SRR2926442/SRR2926442.fastq.gz	-	control_tnt-pixhalo_colamp_v3a	TAIR10.fa.gz
Homeobox_tnt.HDG1_col100_a	Arabidopsis_thaliana	https://ftp.sra.ebi.ac.uk/vol1/fastq/SRR292/004/SRR2926444/SRR2926444.fastq.gz	-	control_none.beads_col_v3a	TAIR10.fa.gz
Homeobox_tnt.HDG1_colamp_a	Arabidopsis_thaliana	https://ftp.sra.ebi.ac.uk/vol1/fastq/SRR292/005/SRR2926445/SRR2926445.fastq.gz	-	control_tnt-pixhalo_colamp_v3a	TAIR10.fa.gz
Homeobox_tnt.PDF2_col_a	Arabidopsis_thaliana	https://ftp.sra.ebi.ac.uk/vol1/fastq/SRR292/006/SRR2926916/SRR2926916.fastq.gz	-	control_none.beads_col_v3a	TAIR10.fa.gz
Homeobox_tnt.PDF2_col_b	Arabidopsis_thaliana	https://ftp.sra.ebi.ac.uk/vol1/fastq/SRR292/007/SRR2926917/SRR2926917.fastq.gz	-	control_none.beads_col_v3a	TAIR10.fa.gz
Homeobox_tnt.WUS1_col_a	Arabidopsis_thaliana	https://ftp.sra.ebi.ac.uk/vol1/fastq/SRR292/007/SRR2926447/SRR2926447.fastq.gz	-	control_none.beads_col_v3a	TAIR10.fa.gz
Homeobox_tnt.WUS1_colamp_a	Arabidopsis_thaliana	https://ftp.sra.ebi.ac.uk/vol1/fastq/SRR292/006/SRR2926446/SRR2926446.fastq.gz	-	control_tnt-pixhalo_colamp_v3a	TAIR10.fa.gz
LIM_tnt.WLIM2A_col_a	Arabidopsis_thaliana	https://ftp.sra.ebi.ac.uk/vol1/fastq/SRR292/008/SRR2926448/SRR2926448.fastq.gz	-	control_none.beads_col_v3a	TAIR10.fa.gz
LOBAS2_tnt.AS2_col_a	Arabidopsis_thaliana	https://ftp.sra.ebi.ac.uk/vol1/fastq/SRR292/009/SRR2926449/SRR2926449.fastq.gz	-	control_none.beads_col_v3a	TAIR10.fa.gz
LOBAS2_tnt.ASL18_col_a	Arabidopsis_thaliana	https://ftp.sra.ebi.ac.uk/vol1/fastq/SRR292/001/SRR2926451/SRR2926451.fastq.gz	-	control_none.beads_col_v3a	TAIR10.fa.gz
LOBAS2_tnt.ASL18_colamp_a	Arabidopsis_thaliana	https://ftp.sra.ebi.ac.uk/vol1/fastq/SRR292/000/SRR2926450/SRR2926450.fastq.gz	-	control_tnt-pixhalo_colamp_v3a	TAIR10.fa.gz
LOBAS2_tnt.LBD13_col_a	Arabidopsis_thaliana	https://ftp.sra.ebi.ac.uk/vol1/fastq/SRR292/003/SRR2926453/SRR2926453.fastq.gz	-	control_none.beads_col_v3a	TAIR10.fa.gz
LOBAS2_tnt.LBD13_colamp_a	Arabidopsis_thaliana	https://ftp.sra.ebi.ac.uk/vol1/fastq/SRR292/002/SRR2926452/SRR2926452.fastq.gz	-	control_tnt-pixhalo_colamp_v3a	TAIR10.fa.gz
LOBAS2_tnt.LBD18_col_a	Arabidopsis_thaliana	https://ftp.sra.ebi.ac.uk/vol1/fastq/SRR292/005/SRR2926455/SRR2926455.fastq.gz	-	control_none.beads_col_v3a	TAIR10.fa.gz
LOBAS2_tnt.LBD18_colamp_a	Arabidopsis_thaliana	https://ftp.sra.ebi.ac.uk/vol1/fastq/SRR292/004/SRR2926454/SRR2926454.fastq.gz	-	control_tnt-pixhalo_colamp_v3a	TAIR10.fa.gz
LOBAS2_tnt.LBD19_col_a	Arabidopsis_thaliana	https://ftp.sra.ebi.ac.uk/vol1/fastq/SRR292/007/SRR2926457/SRR2926457.fastq.gz	-	control_none.beads_col_v3a	TAIR10.fa.gz
LOBAS2_tnt.LBD19_colamp_a	Arabidopsis_thaliana	https://ftp.sra.ebi.ac.uk/vol1/fastq/SRR292/006/SRR2926456/SRR2926456.fastq.gz	-	control_tnt-pixhalo_colamp_v3a	TAIR10.fa.gz
LOBAS2_tnt.LBD23_col_a	Arabidopsis_thaliana	https://ftp.sra.ebi.ac.uk/vol1/fastq/SRR292/001/SRR2926461/SRR2926461.fastq.gz	-	control_none.beads_col_v3a	TAIR10.fa.gz
LOBAS2_tnt.LBD23_colamp_a	Arabidopsis_thaliana	https://ftp.sra.ebi.ac.uk/vol1/fastq/SRR292/000/SRR2926460/SRR2926460.fastq.gz	-	control_tnt-pixhalo_colamp_v3a	TAIR10.fa.gz
LOBAS2_tnt.LBD2_col_a	Arabidopsis_thaliana	https://ftp.sra.ebi.ac.uk/vol1/fastq/SRR292/009/SRR2926459/SRR2926459.fastq.gz	-	control_none.beads_col_v3a	TAIR10.fa.gz
LOBAS2_tnt.LBD2_colamp_a	Arabidopsis_thaliana	https://ftp.sra.ebi.ac.uk/vol1/fastq/SRR292/008/SRR2926458/SRR2926458.fastq.gz	-	control_tnt-pixhalo_colamp_v3a	TAIR10.fa.gz
LOBAS2_tnt.LOB_col_a	Arabidopsis_thaliana	https://ftp.sra.ebi.ac.uk/vol1/fastq/SRR292/002/SRR2926462/SRR2926462.fastq.gz	-	control_none.beads_col_v3a	TAIR10.fa.gz
MADS_tnt.AGL13_col_b	Arabidopsis_thaliana	https://ftp.sra.ebi.ac.uk/vol1/fastq/SRR292/003/SRR2926463/SRR2926463.fastq.gz	-	control_none.beads_col_v3a	TAIR10.fa.gz
MADS_tnt.AGL15_col_a	Arabidopsis_thaliana	https://ftp.sra.ebi.ac.uk/vol1/fastq/SRR292/005/SRR2926465/SRR2926465.fastq.gz	-	control_none.beads_col_v3a	TAIR10.fa.gz
MADS_tnt.AGL15_colamp_a	Arabidopsis_thaliana	https://ftp.sra.ebi.ac.uk/vol1/fastq/SRR292/004/SRR2926464/SRR2926464.fastq.gz	-	control_tnt-pixhalo_colamp_v3a	TAIR10.fa.gz
MADS_tnt.AGL16_col_a	Arabidopsis_thaliana	https://ftp.sra.ebi.ac.uk/vol1/fastq/SRR292/007/SRR2926467/SRR2926467.fastq.gz	-	control_none.beads_col_v3a	TAIR10.fa.gz
MADS_tnt.AGL16_colamp_a	Arabidopsis_thaliana	https://ftp.sra.ebi.ac.uk/vol1/fastq/SRR292/006/SRR2926466/SRR2926466.fastq.gz	-	control_tnt-pixhalo_colamp_v3a	TAIR10.fa.gz
MADS_tnt.AGL25_col_a	Arabidopsis_thaliana	https://ftp.sra.ebi.ac.uk/vol1/fastq/SRR292/009/SRR2926469/SRR2926469.fastq.gz	-	control_none.beads_col_v3a	TAIR10.fa.gz
MADS_tnt.AGL25_colamp_a	Arabidopsis_thaliana	https://ftp.sra.ebi.ac.uk/vol1/fastq/SRR292/008/SRR2926468/SRR2926468.fastq.gz	-	control_tnt-pixhalo_colamp_v3a	TAIR10.fa.gz
MADS_tnt.AGL42_col_a	Arabidopsis_thaliana	https://ftp.sra.ebi.ac.uk/vol1/fastq/SRR292/000/SRR2926470/SRR2926470.fastq.gz	-	control_none.beads_col_v3a	TAIR10.fa.gz
MADS_tnt.AGL55_col_a	Arabidopsis_thaliana	https://ftp.sra.ebi.ac.uk/vol1/fastq/SRR292/001/SRR2926471/SRR2926471.fastq.gz	-	control_none.beads_col_v3a	TAIR10.fa.gz
MADS_tnt.AGL63_col_a	Arabidopsis_thaliana	https://ftp.sra.ebi.ac.uk/vol1/fastq/SRR292/003/SRR2926473/SRR2926473.fastq.gz	-	control_none.beads_col_v3a	TAIR10.fa.gz
MADS_tnt.AGL6_col_a	Arabidopsis_thaliana	https://ftp.sra.ebi.ac.uk/vol1/fastq/SRR292/002/SRR2926472/SRR2926472.fastq.gz	-	control_none.beads_col_v3a	TAIR10.fa.gz
MADS_tnt.FEM111_col_a	Arabidopsis_thaliana	https://ftp.sra.ebi.ac.uk/vol1/fastq/SRR292/004/SRR2926474/SRR2926474.fastq.gz	-	control_none.beads_col_v3a	TAIR10.fa.gz
MADS_tnt.SVP_col_v3b	Arabidopsis_thaliana	https://ftp.sra.ebi.ac.uk/vol1/fastq/SRR292/006/SRR2926476/SRR2926476_1.fastq.gz	-	control_none.beads_col_v3a	TAIR10.fa.gz
MADS_tnt.SVP_colamp_v3b	Arabidopsis_thaliana	https://ftp.sra.ebi.ac.uk/vol1/fastq/SRR292/005/SRR2926475/SRR2926475_1.fastq.gz	-	control_tnt-pixhalo_colamp_v3a	TAIR10.fa.gz
MYB_tnt.ATY13_col_a	Arabidopsis_thaliana	https://ftp.sra.ebi.ac.uk/vol1/fastq/SRR292/008/SRR2926478/SRR2926478.fastq.gz	-	control_none.beads_col_v3a	TAIR10.fa.gz
MYB_tnt.ATY13_colamp_a	Arabidopsis_thaliana	https://ftp.sra.ebi.ac.uk/vol1/fastq/SRR292/007/SRR2926477/SRR2926477.fastq.gz	-	control_tnt-pixhalo_colamp_v3a	TAIR10.fa.gz
MYB_tnt.ATY19_col_a	Arabidopsis_thaliana	https://ftp.sra.ebi.ac.uk/vol1/fastq/SRR292/009/SRR2926479/SRR2926479.fastq.gz	-	control_none.beads_col_v3a	TAIR10.fa.gz
MYB_tnt.BOS1_col_a	Arabidopsis_thaliana	https://ftp.sra.ebi.ac.uk/vol1/fastq/SRR292/000/SRR2926480/SRR2926480.fastq.gz	-	control_none.beads_col_v3a	TAIR10.fa.gz
MYB_tnt.MS188_col_a	Arabidopsis_thaliana	https://ftp.sra.ebi.ac.uk/vol1/fastq/SRR292/002/SRR2926482/SRR2926482.fastq.gz	-	control_none.beads_col_v3a	TAIR10.fa.gz
MYB_tnt.MS188_colamp_a	Arabidopsis_thaliana	https://ftp.sra.ebi.ac.uk/vol1/fastq/SRR292/001/SRR2926481/SRR2926481.fastq.gz	-	control_tnt-pixhalo_colamp_v3a	TAIR10.fa.gz
MYB_tnt.MYB101_col_a	Arabidopsis_thaliana	https://ftp.sra.ebi.ac.uk/vol1/fastq/SRR292/007/SRR2926487/SRR2926487.fastq.gz	-	control_none.beads_col_v3a	TAIR10.fa.gz
MYB_tnt.MYB101_colamp_a	Arabidopsis_thaliana	https://ftp.sra.ebi.ac.uk/vol1/fastq/SRR292/006/SRR2926486/SRR2926486.fastq.gz	-	control_tnt-pixhalo_colamp_v3a	TAIR10.fa.gz
MYB_tnt.MYB105_col_a	Arabidopsis_thaliana	https://ftp.sra.ebi.ac.uk/vol1/fastq/SRR292/009/SRR2926489/SRR2926489.fastq.gz	-	control_none.beads_col_v3a	TAIR10.fa.gz
MYB_tnt.MYB105_colamp_a	Arabidopsis_thaliana	https://ftp.sra.ebi.ac.uk/vol1/fastq/SRR292/008/SRR2926488/SRR2926488.fastq.gz	-	control_tnt-pixhalo_colamp_v3a	TAIR10.fa.gz
MYB_tnt.MYB107_col_a	Arabidopsis_thaliana	https://ftp.sra.ebi.ac.uk/vol1/fastq/SRR292/001/SRR2926491/SRR2926491.fastq.gz	-	control_none.beads_col_v3a	TAIR10.fa.gz
MYB_tnt.MYB107_colamp_a	Arabidopsis_thaliana	https://ftp.sra.ebi.ac.uk/vol1/fastq/SRR292/000/SRR2926490/SRR2926490.fastq.gz	-	control_tnt-pixhalo_colamp_v3a	TAIR10.fa.gz
MYB_tnt.MYB10_col_a	Arabidopsis_thaliana	https://ftp.sra.ebi.ac.uk/vol1/fastq/SRR292/005/SRR2926485/SRR2926485.fastq.gz	-	control_none.beads_col_v3a	TAIR10.fa.gz
MYB_tnt.MYB10_colamp_a	Arabidopsis_thaliana	https://ftp.sra.ebi.ac.uk/vol1/fastq/SRR292/004/SRR2926484/SRR2926484.fastq.gz	-	control_tnt-pixhalo_colamp_v3a	TAIR10.fa.gz
MYB_tnt.MYB113_col_a	Arabidopsis_thaliana	https://ftp.sra.ebi.ac.uk/vol1/fastq/SRR292/002/SRR2926492/SRR2926492.fastq.gz	-	control_none.beads_col_v3a	TAIR10.fa.gz
MYB_tnt.MYB116_col_a	Arabidopsis_thaliana	https://ftp.sra.ebi.ac.uk/vol1/fastq/SRR292/004/SRR2926494/SRR2926494.fastq.gz	-	control_none.beads_col_v3a	TAIR10.fa.gz
MYB_tnt.MYB116_colamp_a	Arabidopsis_thaliana	https://ftp.sra.ebi.ac.uk/vol1/fastq/SRR292/003/SRR2926493/SRR2926493.fastq.gz	-	control_tnt-pixhalo_colamp_v3a	TAIR10.fa.gz
MYB_tnt.MYB118_col_a	Arabidopsis_thaliana	https://ftp.sra.ebi.ac.uk/vol1/fastq/SRR292/006/SRR2926496/SRR2926496.fastq.gz	-	control_none.beads_col_v3a	TAIR10.fa.gz
MYB_tnt.MYB118_colamp_a	Arabidopsis_thaliana	https://ftp.sra.ebi.ac.uk/vol1/fastq/SRR292/005/SRR2926495/SRR2926495.fastq.gz	-	control_tnt-pixhalo_colamp_v3a	TAIR10.fa.gz
MYB_tnt.MYB119_col_a	Arabidopsis_thaliana	https://ftp.sra.ebi.ac.uk/vol1/fastq/SRR292/008/SRR2926498/SRR2926498.fastq.gz	-	control_none.beads_col_v3a	TAIR10.fa.gz
MYB_tnt.MYB119_colamp_a	Arabidopsis_thaliana	https://ftp.sra.ebi.ac.uk/vol1/fastq/SRR292/007/SRR2926497/SRR2926497.fastq.gz	-	control_tnt-pixhalo_colamp_v3a	TAIR10.fa.gz
MYB_tnt.MYB121_col_a	Arabidopsis_thaliana	https://ftp.sra.ebi.ac.uk/vol1/fastq/SRR292/009/SRR2926499/SRR2926499.fastq.gz	-	control_none.beads_col_v3a	TAIR10.fa.gz
MYB_tnt.MYB13_col_a	Arabidopsis_thaliana	https://ftp.sra.ebi.ac.uk/vol1/fastq/SRR292/001/SRR2926501/SRR2926501.fastq.gz	-	control_none.beads_col_v3a	TAIR10.fa.gz
MYB_tnt.MYB13_colamp_a	Arabidopsis_thaliana	https://ftp.sra.ebi.ac.uk/vol1/fastq/SRR292/000/SRR2926500/SRR2926500.fastq.gz	-	control_tnt-pixhalo_colamp_v3a	TAIR10.fa.gz
MYB_tnt.MYB17_colamp_a	Arabidopsis_thaliana	https://ftp.sra.ebi.ac.uk/vol1/fastq/SRR292/002/SRR2926502/SRR2926502.fastq.gz	-	control_tnt-pixhalo_colamp_v3a	TAIR10.fa.gz
MYB_tnt.MYB1_col_a	Arabidopsis_thaliana	https://ftp.sra.ebi.ac.uk/vol1/fastq/SRR292/003/SRR2926483/SRR2926483.fastq.gz	-	control_none.beads_col_v3a	TAIR10.fa.gz
MYB_tnt.MYB23_col_a	Arabidopsis_thaliana	https://ftp.sra.ebi.ac.uk/vol1/fastq/SRR292/003/SRR2926503/SRR2926503.fastq.gz	-	control_none.beads_col_v3a	TAIR10.fa.gz
MYB_tnt.MYB27_col_a	Arabidopsis_thaliana	https://ftp.sra.ebi.ac.uk/vol1/fastq/SRR292/005/SRR2926505/SRR2926505.fastq.gz	-	control_none.beads_col_v3a	TAIR10.fa.gz
MYB_tnt.MYB27_colamp_a	Arabidopsis_thaliana	https://ftp.sra.ebi.ac.uk/vol1/fastq/SRR292/004/SRR2926504/SRR2926504.fastq.gz	-	control_tnt-pixhalo_colamp_v3a	TAIR10.fa.gz
MYB_tnt.MYB30_col_a	Arabidopsis_thaliana	https://ftp.sra.ebi.ac.uk/vol1/fastq/SRR292/007/SRR2926507/SRR2926507.fastq.gz	-	control_none.beads_col_v3a	TAIR10.fa.gz
MYB_tnt.MYB30_colamp_a	Arabidopsis_thaliana	https://ftp.sra.ebi.ac.uk/vol1/fastq/SRR292/006/SRR2926506/SRR2926506.fastq.gz	-	control_tnt-pixhalo_colamp_v3a	TAIR10.fa.gz
MYB_tnt.MYB33_col_a	Arabidopsis_thaliana	https://ftp.sra.ebi.ac.uk/vol1/fastq/SRR292/008/SRR2926508/SRR2926508.fastq.gz	-	control_none.beads_col_v3a	TAIR10.fa.gz
MYB_tnt.MYB39_col_a	Arabidopsis_thaliana	https://ftp.sra.ebi.ac.uk/vol1/fastq/SRR292/000/SRR2926510/SRR2926510.fastq.gz	-	control_none.beads_col_v3a	TAIR10.fa.gz
MYB_tnt.MYB39_colamp_a	Arabidopsis_thaliana	https://ftp.sra.ebi.ac.uk/vol1/fastq/SRR292/009/SRR2926509/SRR2926509.fastq.gz	-	control_tnt-pixhalo_colamp_v3a	TAIR10.fa.gz
MYB_tnt.MYB3R1_col_a	Arabidopsis_thaliana	https://ftp.sra.ebi.ac.uk/vol1/fastq/SRR292/002/SRR2926512/SRR2926512.fastq.gz	-	control_none.beads_col_v3a	TAIR10.fa.gz
MYB_tnt.MYB3R1_colamp_a	Arabidopsis_thaliana	https://ftp.sra.ebi.ac.uk/vol1/fastq/SRR292/001/SRR2926511/SRR2926511.fastq.gz	-	control_tnt-pixhalo_colamp_v3a	TAIR10.fa.gz
MYB_tnt.MYB3R4_col_a	Arabidopsis_thaliana	https://ftp.sra.ebi.ac.uk/vol1/fastq/SRR292/003/SRR2926513/SRR2926513.fastq.gz	-	control_none.beads_col_v3a	TAIR10.fa.gz
MYB_tnt.MYB3R5_col_a	Arabidopsis_thaliana	https://ftp.sra.ebi.ac.uk/vol1/fastq/SRR292/004/SRR2926514/SRR2926514.fastq.gz	-	control_none.beads_col_v3a	TAIR10.fa.gz
MYB_tnt.MYB40_col_a	Arabidopsis_thaliana	https://ftp.sra.ebi.ac.uk/vol1/fastq/SRR292/006/SRR2926516/SRR2926516.fastq.gz	-	control_none.beads_col_v3a	TAIR10.fa.gz
MYB_tnt.MYB41_col_a	Arabidopsis_thaliana	https://ftp.sra.ebi.ac.uk/vol1/fastq/SRR292/007/SRR2926517/SRR2926517.fastq.gz	-	control_none.beads_col_v3a	TAIR10.fa.gz
MYB_tnt.MYB43_col_a	Arabidopsis_thaliana	https://ftp.sra.ebi.ac.uk/vol1/fastq/SRR292/008/SRR2926518/SRR2926518.fastq.gz	-	control_none.beads_col_v3a	TAIR10.fa.gz
MYB_tnt.MYB44_col100_a	Arabidopsis_thaliana	https://ftp.sra.ebi.ac.uk/vol1/fastq/SRR292/008/SRR2926918/SRR2926918.fastq.gz	-	control_none.beads_col_v3a	TAIR10.fa.gz
MYB_tnt.MYB44_col_b	Arabidopsis_thaliana	https://ftp.sra.ebi.ac.uk/vol1/fastq/SRR292/009/SRR2926919/SRR2926919_1.fastq.gz	-	control_none.beads_col_v3a	TAIR10.fa.gz
MYB_tnt.MYB44_colamp_a	Arabidopsis_thaliana	https://ftp.sra.ebi.ac.uk/vol1/fastq/SRR292/009/SRR2926519/SRR2926519.fastq.gz	-	control_tnt-pixhalo_colamp_v3a	TAIR10.fa.gz
MYB_tnt.MYB49_col_a	Arabidopsis_thaliana	https://ftp.sra.ebi.ac.uk/vol1/fastq/SRR292/001/SRR2926521/SRR2926521.fastq.gz	-	control_none.beads_col_v3a	TAIR10.fa.gz
MYB_tnt.MYB49_colamp_a	Arabidopsis_thaliana	https://ftp.sra.ebi.ac.uk/vol1/fastq/SRR292/000/SRR2926520/SRR2926520.fastq.gz	-	control_tnt-pixhalo_colamp_v3a	TAIR10.fa.gz
MYB_tnt.MYB4_col200_a	Arabidopsis_thaliana	https://ftp.sra.ebi.ac.uk/vol1/fastq/SRR292/005/SRR2926515/SRR2926515.fastq.gz	-	control_none.beads_col_v3a	TAIR10.fa.gz
MYB_tnt.MYB51_col_a	Arabidopsis_thaliana	https://ftp.sra.ebi.ac.uk/vol1/fastq/SRR292/002/SRR2926522/SRR2926522.fastq.gz	-	control_none.beads_col_v3a	TAIR10.fa.gz
MYB_tnt.MYB52_col_a	Arabidopsis_thaliana	https://ftp.sra.ebi.ac.uk/vol1/fastq/SRR292/003/SRR2926523/SRR2926523.fastq.gz	-	control_none.beads_col_v3a	TAIR10.fa.gz
MYB_tnt.MYB55_col_a	Arabidopsis_thaliana	https://ftp.sra.ebi.ac.uk/vol1/fastq/SRR292/000/SRR2926920/SRR2926920.fastq.gz	-	control_none.beads_col_v3a	TAIR10.fa.gz
MYB_tnt.MYB55_col_b	Arabidopsis_thaliana	https://ftp.sra.ebi.ac.uk/vol1/fastq/SRR292/001/SRR2926921/SRR2926921.fastq.gz	-	control_none.beads_col_v3a	TAIR10.fa.gz
MYB_tnt.MYB55_colamp_a	Arabidopsis_thaliana	https://ftp.sra.ebi.ac.uk/vol1/fastq/SRR292/004/SRR2926524/SRR2926524.fastq.gz	-	control_tnt-pixhalo_colamp_v3a	TAIR10.fa.gz
MYB_tnt.MYB56_col_a	Arabidopsis_thaliana	https://ftp.sra.ebi.ac.uk/vol1/fastq/SRR292/006/SRR2926526/SRR2926526.fastq.gz	-	control_none.beads_col_v3a	TAIR10.fa.gz
MYB_tnt.MYB56_colamp_a	Arabidopsis_thaliana	https://ftp.sra.ebi.ac.uk/vol1/fastq/SRR292/005/SRR2926525/SRR2926525.fastq.gz	-	control_tnt-pixhalo_colamp_v3a	TAIR10.fa.gz
MYB_tnt.MYB57_col_a	Arabidopsis_thaliana	https://ftp.sra.ebi.ac.uk/vol1/fastq/SRR292/008/SRR2926528/SRR2926528.fastq.gz	-	control_none.beads_col_v3a	TAIR10.fa.gz
MYB_tnt.MYB57_colamp_a	Arabidopsis_thaliana	https://ftp.sra.ebi.ac.uk/vol1/fastq/SRR292/007/SRR2926527/SRR2926527.fastq.gz	-	control_tnt-pixhalo_colamp_v3a	TAIR10.fa.gz
MYB_tnt.MYB58_col_a	Arabidopsis_thaliana	https://ftp.sra.ebi.ac.uk/vol1/fastq/SRR292/000/SRR2926530/SRR2926530.fastq.gz	-	control_none.beads_col_v3a	TAIR10.fa.gz
MYB_tnt.MYB58_colamp_a	Arabidopsis_thaliana	https://ftp.sra.ebi.ac.uk/vol1/fastq/SRR292/009/SRR2926529/SRR2926529.fastq.gz	-	control_tnt-pixhalo_colamp_v3a	TAIR10.fa.gz
MYB_tnt.MYB60_col200_a	Arabidopsis_thaliana	https://ftp.sra.ebi.ac.uk/vol1/fastq/SRR292/002/SRR2926922/SRR2926922.fastq.gz	-	control_none.beads_col_v3a	TAIR10.fa.gz
MYB_tnt.MYB60_col_b	Arabidopsis_thaliana	https://ftp.sra.ebi.ac.uk/vol1/fastq/SRR292/003/SRR2926923/SRR2926923.fastq.gz	-	control_none.beads_col_v3a	TAIR10.fa.gz
MYB_tnt.MYB61_col_a	Arabidopsis_thaliana	https://ftp.sra.ebi.ac.uk/vol1/fastq/SRR292/002/SRR2926532/SRR2926532.fastq.gz	-	control_none.beads_col_v3a	TAIR10.fa.gz
MYB_tnt.MYB61_colamp_a	Arabidopsis_thaliana	https://ftp.sra.ebi.ac.uk/vol1/fastq/SRR292/001/SRR2926531/SRR2926531.fastq.gz	-	control_tnt-pixhalo_colamp_v3a	TAIR10.fa.gz
MYB_tnt.MYB62_col_a	Arabidopsis_thaliana	https://ftp.sra.ebi.ac.uk/vol1/fastq/SRR292/004/SRR2926534/SRR2926534.fastq.gz	-	control_none.beads_col_v3a	TAIR10.fa.gz
MYB_tnt.MYB62_colamp_a	Arabidopsis_thaliana	https://ftp.sra.ebi.ac.uk/vol1/fastq/SRR292/003/SRR2926533/SRR2926533.fastq.gz	-	control_tnt-pixhalo_colamp_v3a	TAIR10.fa.gz
MYB_tnt.MYB63_col_a	Arabidopsis_thaliana	https://ftp.sra.ebi.ac.uk/vol1/fastq/SRR292/005/SRR2926535/SRR2926535.fastq.gz	-	control_none.beads_col_v3a	TAIR10.fa.gz
MYB_tnt.MYB65_col200_a	Arabidopsis_thaliana	https://ftp.sra.ebi.ac.uk/vol1/fastq/SRR292/006/SRR2926536/SRR2926536.fastq.gz	-	control_none.beads_col_v3a	TAIR10.fa.gz
MYB_tnt.MYB65_colamp_a	Arabidopsis_thaliana	https://ftp.sra.ebi.ac.uk/vol1/fastq/SRR292/007/SRR2926537/SRR2926537.fastq.gz	-	control_tnt-pixhalo_colamp_v3a	TAIR10.fa.gz
MYB_tnt.MYB67_col_a	Arabidopsis_thaliana	https://ftp.sra.ebi.ac.uk/vol1/fastq/SRR292/008/SRR2926538/SRR2926538.fastq.gz	-	control_none.beads_col_v3a	TAIR10.fa.gz
MYB_tnt.MYB70_col_a	Arabidopsis_thaliana	https://ftp.sra.ebi.ac.uk/vol1/fastq/SRR292/009/SRR2926539/SRR2926539.fastq.gz	-	control_none.beads_col_v3a	TAIR10.fa.gz
MYB_tnt.MYB73_col_a	Arabidopsis_thaliana	https://ftp.sra.ebi.ac.uk/vol1/fastq/SRR292/000/SRR2926540/SRR2926540.fastq.gz	-	control_none.beads_col_v3a	TAIR10.fa.gz
MYB_tnt.MYB74_col_a	Arabidopsis_thaliana	https://ftp.sra.ebi.ac.uk/vol1/fastq/SRR292/004/SRR2926924/SRR2926924.fastq.gz	-	control_none.beads_col_v3a	TAIR10.fa.gz
MYB_tnt.MYB74_col_b	Arabidopsis_thaliana	https://ftp.sra.ebi.ac.uk/vol1/fastq/SRR292/005/SRR2926925/SRR2926925.fastq.gz	-	control_none.beads_col_v3a	TAIR10.fa.gz
MYB_tnt.MYB74_colamp_a	Arabidopsis_thaliana	https://ftp.sra.ebi.ac.uk/vol1/fastq/SRR292/001/SRR2926541/SRR2926541.fastq.gz	-	control_tnt-pixhalo_colamp_v3a	TAIR10.fa.gz
MYB_tnt.MYB77_col_a	Arabidopsis_thaliana	https://ftp.sra.ebi.ac.uk/vol1/fastq/SRR292/003/SRR2926543/SRR2926543.fastq.gz	-	control_none.beads_col_v3a	TAIR10.fa.gz
MYB_tnt.MYB77_colamp_a	Arabidopsis_thaliana	https://ftp.sra.ebi.ac.uk/vol1/fastq/SRR292/002/SRR2926542/SRR2926542.fastq.gz	-	control_tnt-pixhalo_colamp_v3a	TAIR10.fa.gz
MYB_tnt.MYB81_col_a	Arabidopsis_thaliana	https://ftp.sra.ebi.ac.uk/vol1/fastq/SRR292/005/SRR2926545/SRR2926545.fastq.gz	-	control_none.beads_col_v3a	TAIR10.fa.gz
MYB_tnt.MYB81_colamp_a	Arabidopsis_thaliana	https://ftp.sra.ebi.ac.uk/vol1/fastq/SRR292/004/SRR2926544/SRR2926544.fastq.gz	-	control_tnt-pixhalo_colamp_v3a	TAIR10.fa.gz
MYB_tnt.MYB83_col_a	Arabidopsis_thaliana	https://ftp.sra.ebi.ac.uk/vol1/fastq/SRR292/007/SRR2926547/SRR2926547.fastq.gz	-	control_none.beads_col_v3a	TAIR10.fa.gz
MYB_tnt.MYB83_colamp_a	Arabidopsis_thaliana	https://ftp.sra.ebi.ac.uk/vol1/fastq/SRR292/006/SRR2926546/SRR2926546.fastq.gz	-	control_tnt-pixhalo_colamp_v3a	TAIR10.fa.gz
MYB_tnt.MYB88_col_a	Arabidopsis_thaliana	https://ftp.sra.ebi.ac.uk/vol1/fastq/SRR292/009/SRR2926549/SRR2926549.fastq.gz	-	control_none.beads_col_v3a	TAIR10.fa.gz
MYB_tnt.MYB88_colamp_a	Arabidopsis_thaliana	https://ftp.sra.ebi.ac.uk/vol1/fastq/SRR292/008/SRR2926548/SRR2926548.fastq.gz	-	control_tnt-pixhalo_colamp_v3a	TAIR10.fa.gz
MYB_tnt.MYB92_100ng20cy_b	Arabidopsis_thaliana	https://ftp.sra.ebi.ac.uk/vol1/fastq/SRR292/000/SRR2926550/SRR2926550_1.fastq.gz	-	control_none.beads_col_v3a	TAIR10.fa.gz
MYB_tnt.MYB92_colamp_a	Arabidopsis_thaliana	https://ftp.sra.ebi.ac.uk/vol1/fastq/SRR292/001/SRR2926551/SRR2926551.fastq.gz	-	control_tnt-pixhalo_colamp_v3a	TAIR10.fa.gz
MYB_tnt.MYB93_col_a	Arabidopsis_thaliana	https://ftp.sra.ebi.ac.uk/vol1/fastq/SRR292/003/SRR2926553/SRR2926553.fastq.gz	-	control_none.beads_col_v3a	TAIR10.fa.gz
MYB_tnt.MYB93_colamp_a	Arabidopsis_thaliana	https://ftp.sra.ebi.ac.uk/vol1/fastq/SRR292/002/SRR2926552/SRR2926552.fastq.gz	-	control_tnt-pixhalo_colamp_v3a	TAIR10.fa.gz
MYB_tnt.MYB94_col_b	Arabidopsis_thaliana	https://ftp.sra.ebi.ac.uk/vol1/fastq/SRR292/004/SRR2926554/SRR2926554.fastq.gz	-	control_none.beads_col_v3a	TAIR10.fa.gz
MYB_tnt.MYB96_col_b	Arabidopsis_thaliana	https://ftp.sra.ebi.ac.uk/vol1/fastq/SRR292/006/SRR2926556/SRR2926556.fastq.gz	-	control_none.beads_col_v3a	TAIR10.fa.gz
MYB_tnt.MYB96_colamp_a	Arabidopsis_thaliana	https://ftp.sra.ebi.ac.uk/vol1/fastq/SRR292/005/SRR2926555/SRR2926555.fastq.gz	-	control_tnt-pixhalo_colamp_v3a	TAIR10.fa.gz
MYB_tnt.MYB98_col_a	Arabidopsis_thaliana	https://ftp.sra.ebi.ac.uk/vol1/fastq/SRR292/007/SRR2926557/SRR2926557.fastq.gz	-	control_none.beads_col_v3a	TAIR10.fa.gz
MYB_tnt.MYB99_col_a	Arabidopsis_thaliana	https://ftp.sra.ebi.ac.uk/vol1/fastq/SRR292/009/SRR2926559/SRR2926559.fastq.gz	-	control_none.beads_col_v3a	TAIR10.fa.gz
MYB_tnt.MYB99_colamp_a	Arabidopsis_thaliana	https://ftp.sra.ebi.ac.uk/vol1/fastq/SRR292/008/SRR2926558/SRR2926558.fastq.gz	-	control_tnt-pixhalo_colamp_v3a	TAIR10.fa.gz
MYBrelated_tnt.AT1G18960_col_a	Arabidopsis_thaliana	https://ftp.sra.ebi.ac.uk/vol1/fastq/SRR292/000/SRR2926560/SRR2926560.fastq.gz	-	control_none.beads_col_v3a	TAIR10.fa.gz
MYBrelated_tnt.AT1G72740_col_a	Arabidopsis_thaliana	https://ftp.sra.ebi.ac.uk/vol1/fastq/SRR292/002/SRR2926562/SRR2926562.fastq.gz	-	control_none.beads_col_v3a	TAIR10.fa.gz
MYBrelated_tnt.AT1G72740_colamp_a	Arabidopsis_thaliana	https://ftp.sra.ebi.ac.uk/vol1/fastq/SRR292/001/SRR2926561/SRR2926561.fastq.gz	-	control_tnt-pixhalo_colamp_v3a	TAIR10.fa.gz
MYBrelated_tnt.AT3G10113_col_a	Arabidopsis_thaliana	https://ftp.sra.ebi.ac.uk/vol1/fastq/SRR292/003/SRR2926563/SRR2926563.fastq.gz	-	control_none.beads_col_v3a	TAIR10.fa.gz
MYBrelated_tnt.AT3G10580_col_a	Arabidopsis_thaliana	https://ftp.sra.ebi.ac.uk/vol1/fastq/SRR292/005/SRR2926565/SRR2926565.fastq.gz	-	control_none.beads_col_v3a	TAIR10.fa.gz
MYBrelated_tnt.AT3G10580_colamp_a	Arabidopsis_thaliana	https://ftp.sra.ebi.ac.uk/vol1/fastq/SRR292/004/SRR2926564/SRR2926564.fastq.gz	-	control_tnt-pixhalo_colamp_v3a	TAIR10.fa.gz
MYBrelated_tnt.AT4G12670_col_a	Arabidopsis_thaliana	https://ftp.sra.ebi.ac.uk/vol1/fastq/SRR292/007/SRR2926567/SRR2926567.fastq.gz	-	control_none.beads_col_v3a	TAIR10.fa.gz
MYBrelated_tnt.AT4G12670_colamp_a	Arabidopsis_thaliana	https://ftp.sra.ebi.ac.uk/vol1/fastq/SRR292/006/SRR2926566/SRR2926566.fastq.gz	-	control_tnt-pixhalo_colamp_v3a	TAIR10.fa.gz
MYBrelated_tnt.AT5G56840_col_a	Arabidopsis_thaliana	https://ftp.sra.ebi.ac.uk/vol1/fastq/SRR292/009/SRR2926569/SRR2926569.fastq.gz	-	control_none.beads_col_v3a	TAIR10.fa.gz
MYBrelated_tnt.AT5G56840_colamp_a	Arabidopsis_thaliana	https://ftp.sra.ebi.ac.uk/vol1/fastq/SRR292/008/SRR2926568/SRR2926568.fastq.gz	-	control_tnt-pixhalo_colamp_v3a	TAIR10.fa.gz
MYBrelated_tnt.AT5G61620_col_a	Arabidopsis_thaliana	https://ftp.sra.ebi.ac.uk/vol1/fastq/SRR292/001/SRR2926571/SRR2926571.fastq.gz	-	control_none.beads_col_v3a	TAIR10.fa.gz
MYBrelated_tnt.AT5G61620_colamp_a	Arabidopsis_thaliana	https://ftp.sra.ebi.ac.uk/vol1/fastq/SRR292/000/SRR2926570/SRR2926570.fastq.gz	-	control_tnt-pixhalo_colamp_v3a	TAIR10.fa.gz
MYBrelated_tnt.At1g19000_col_a	Arabidopsis_thaliana	https://ftp.sra.ebi.ac.uk/vol1/fastq/SRR292/003/SRR2926573/SRR2926573.fastq.gz	-	control_none.beads_col_v3a	TAIR10.fa.gz
MYBrelated_tnt.At1g19000_colamp_a	Arabidopsis_thaliana	https://ftp.sra.ebi.ac.uk/vol1/fastq/SRR292/002/SRR2926572/SRR2926572.fastq.gz	-	control_tnt-pixhalo_colamp_v3a	TAIR10.fa.gz
MYBrelated_tnt.At1g49010_col_a	Arabidopsis_thaliana	https://ftp.sra.ebi.ac.uk/vol1/fastq/SRR292/005/SRR2926575/SRR2926575.fastq.gz	-	control_none.beads_col_v3a	TAIR10.fa.gz
MYBrelated_tnt.At1g49010_colamp_a	Arabidopsis_thaliana	https://ftp.sra.ebi.ac.uk/vol1/fastq/SRR292/004/SRR2926574/SRR2926574.fastq.gz	-	control_tnt-pixhalo_colamp_v3a	TAIR10.fa.gz
MYBrelated_tnt.At1g74840_col100_a	Arabidopsis_thaliana	https://ftp.sra.ebi.ac.uk/vol1/fastq/SRR292/006/SRR2926576/SRR2926576.fastq.gz	-	control_none.beads_col_v3a	TAIR10.fa.gz
MYBrelated_tnt.At1g74840_colamp_a	Arabidopsis_thaliana	https://ftp.sra.ebi.ac.uk/vol1/fastq/SRR292/007/SRR2926577/SRR2926577.fastq.gz	-	control_tnt-pixhalo_colamp_v3a	TAIR10.fa.gz
MYBrelated_tnt.At2g38090_col_a	Arabidopsis_thaliana	https://ftp.sra.ebi.ac.uk/vol1/fastq/SRR292/008/SRR2926578/SRR2926578.fastq.gz	-	control_none.beads_col_v3a	TAIR10.fa.gz
MYBrelated_tnt.At3g09600_col_a	Arabidopsis_thaliana	https://ftp.sra.ebi.ac.uk/vol1/fastq/SRR292/000/SRR2926580/SRR2926580.fastq.gz	-	control_none.beads_col_v3a	TAIR10.fa.gz
MYBrelated_tnt.At3g09600_colamp_a	Arabidopsis_thaliana	https://ftp.sra.ebi.ac.uk/vol1/fastq/SRR292/009/SRR2926579/SRR2926579.fastq.gz	-	control_tnt-pixhalo_colamp_v3a	TAIR10.fa.gz
MYBrelated_tnt.At3g11280_col_a	Arabidopsis_thaliana	https://ftp.sra.ebi.ac.uk/vol1/fastq/SRR292/002/SRR2926582/SRR2926582.fastq.gz	-	control_none.beads_col_v3a	TAIR10.fa.gz
MYBrelated_tnt.At3g11280_colamp_a	Arabidopsis_thaliana	https://ftp.sra.ebi.ac.uk/vol1/fastq/SRR292/001/SRR2926581/SRR2926581.fastq.gz	-	control_tnt-pixhalo_colamp_v3a	TAIR10.fa.gz
MYBrelated_tnt.At4g01280_col_a	Arabidopsis_thaliana	https://ftp.sra.ebi.ac.uk/vol1/fastq/SRR292/004/SRR2926584/SRR2926584.fastq.gz	-	control_none.beads_col_v3a	TAIR10.fa.gz
MYBrelated_tnt.At4g01280_colamp_a	Arabidopsis_thaliana	https://ftp.sra.ebi.ac.uk/vol1/fastq/SRR292/003/SRR2926583/SRR2926583.fastq.gz	-	control_tnt-pixhalo_colamp_v3a	TAIR10.fa.gz
MYBrelated_tnt.At5g05790_col_a	Arabidopsis_thaliana	https://ftp.sra.ebi.ac.uk/vol1/fastq/SRR292/005/SRR2926585/SRR2926585.fastq.gz	-	control_none.beads_col_v3a	TAIR10.fa.gz
MYBrelated_tnt.At5g08520_col_b	Arabidopsis_thaliana	https://ftp.sra.ebi.ac.uk/vol1/fastq/SRR292/007/SRR2926587/SRR2926587_1.fastq.gz	-	control_none.beads_col_v3a	TAIR10.fa.gz
MYBrelated_tnt.At5g08520_colamp_a	Arabidopsis_thaliana	https://ftp.sra.ebi.ac.uk/vol1/fastq/SRR292/006/SRR2926586/SRR2926586.fastq.gz	-	control_tnt-pixhalo_colamp_v3a	TAIR10.fa.gz
MYBrelated_tnt.At5g47390_col_b	Arabidopsis_thaliana	https://ftp.sra.ebi.ac.uk/vol1/fastq/SRR292/009/SRR2926589/SRR2926589_1.fastq.gz	-	control_none.beads_col_v3a	TAIR10.fa.gz
MYBrelated_tnt.At5g47390_colamp_a	Arabidopsis_thaliana	https://ftp.sra.ebi.ac.uk/vol1/fastq/SRR292/008/SRR2926588/SRR2926588.fastq.gz	-	control_tnt-pixhalo_colamp_v3a	TAIR10.fa.gz
MYBrelated_tnt.At5g52660_col_a	Arabidopsis_thaliana	https://ftp.sra.ebi.ac.uk/vol1/fastq/SRR292/001/SRR2926591/SRR2926591.fastq.gz	-	control_none.beads_col_v3a	TAIR10.fa.gz
MYBrelated_tnt.At5g52660_colamp_a	Arabidopsis_thaliana	https://ftp.sra.ebi.ac.uk/vol1/fastq/SRR292/000/SRR2926590/SRR2926590.fastq.gz	-	control_tnt-pixhalo_colamp_v3a	TAIR10.fa.gz
MYBrelated_tnt.At5g58900_col_a	Arabidopsis_thaliana	https://ftp.sra.ebi.ac.uk/vol1/fastq/SRR292/003/SRR2926593/SRR2926593.fastq.gz	-	control_none.beads_col_v3a	TAIR10.fa.gz
MYBrelated_tnt.At5g58900_colamp_a	Arabidopsis_thaliana	https://ftp.sra.ebi.ac.uk/vol1/fastq/SRR292/002/SRR2926592/SRR2926592.fastq.gz	-	control_tnt-pixhalo_colamp_v3a	TAIR10.fa.gz
MYBrelated_tnt.EPR1_col200_a	Arabidopsis_thaliana	https://ftp.sra.ebi.ac.uk/vol1/fastq/SRR292/006/SRR2926926/SRR2926926.fastq.gz	-	control_none.beads_col_v3a	TAIR10.fa.gz
MYBrelated_tnt.EPR1_col_b	Arabidopsis_thaliana	https://ftp.sra.ebi.ac.uk/vol1/fastq/SRR292/007/SRR2926927/SRR2926927_1.fastq.gz	-	control_none.beads_col_v3a	TAIR10.fa.gz
MYBrelated_tnt.EPR1_colamp_a	Arabidopsis_thaliana	https://ftp.sra.ebi.ac.uk/vol1/fastq/SRR292/004/SRR2926594/SRR2926594.fastq.gz	-	control_tnt-pixhalo_colamp_v3a	TAIR10.fa.gz
MYBrelated_tnt.LCL1_col_a	Arabidopsis_thaliana	https://ftp.sra.ebi.ac.uk/vol1/fastq/SRR292/008/SRR2926928/SRR2926928.fastq.gz	-	control_none.beads_col_v3a	TAIR10.fa.gz
MYBrelated_tnt.LCL1_col_b	Arabidopsis_thaliana	https://ftp.sra.ebi.ac.uk/vol1/fastq/SRR292/009/SRR2926929/SRR2926929.fastq.gz	-	control_none.beads_col_v3a	TAIR10.fa.gz
MYBrelated_tnt.LCL1_colamp_a	Arabidopsis_thaliana	https://ftp.sra.ebi.ac.uk/vol1/fastq/SRR292/005/SRR2926595/SRR2926595.fastq.gz	-	control_tnt-pixhalo_colamp_v3a	TAIR10.fa.gz
MYBrelated_tnt.LHY1_col_a	Arabidopsis_thaliana	https://ftp.sra.ebi.ac.uk/vol1/fastq/SRR292/007/SRR2926597/SRR2926597.fastq.gz	-	control_none.beads_col_v3a	TAIR10.fa.gz
MYBrelated_tnt.LHY1_colamp_a	Arabidopsis_thaliana	https://ftp.sra.ebi.ac.uk/vol1/fastq/SRR292/006/SRR2926596/SRR2926596.fastq.gz	-	control_tnt-pixhalo_colamp_v3a	TAIR10.fa.gz
MYBrelated_tnt.RVE1_col_a	Arabidopsis_thaliana	https://ftp.sra.ebi.ac.uk/vol1/fastq/SRR292/009/SRR2926599/SRR2926599.fastq.gz	-	control_none.beads_col_v3a	TAIR10.fa.gz
MYBrelated_tnt.RVE1_colamp_a	Arabidopsis_thaliana	https://ftp.sra.ebi.ac.uk/vol1/fastq/SRR292/008/SRR2926598/SRR2926598.fastq.gz	-	control_tnt-pixhalo_colamp_v3a	TAIR10.fa.gz
MYBrelated_tnt.TBP3_col_a	Arabidopsis_thaliana	https://ftp.sra.ebi.ac.uk/vol1/fastq/SRR292/001/SRR2926601/SRR2926601.fastq.gz	-	control_none.beads_col_v3a	TAIR10.fa.gz
MYBrelated_tnt.TBP3_colamp_a	Arabidopsis_thaliana	https://ftp.sra.ebi.ac.uk/vol1/fastq/SRR292/000/SRR2926600/SRR2926600.fastq.gz	-	control_tnt-pixhalo_colamp_v3a	TAIR10.fa.gz
MYBrelated_tnt.TRP1_col_a	Arabidopsis_thaliana	https://ftp.sra.ebi.ac.uk/vol1/fastq/SRR292/000/SRR2926930/SRR2926930.fastq.gz	-	control_none.beads_col_v3a	TAIR10.fa.gz
MYBrelated_tnt.TRP1_col_b	Arabidopsis_thaliana	https://ftp.sra.ebi.ac.uk/vol1/fastq/SRR292/001/SRR2926931/SRR2926931.fastq.gz	-	control_none.beads_col_v3a	TAIR10.fa.gz
MYBrelated_tnt.TRP2_col_a	Arabidopsis_thaliana	https://ftp.sra.ebi.ac.uk/vol1/fastq/SRR292/003/SRR2926603/SRR2926603.fastq.gz	-	control_none.beads_col_v3a	TAIR10.fa.gz
MYBrelated_tnt.TRP2_colamp_a	Arabidopsis_thaliana	https://ftp.sra.ebi.ac.uk/vol1/fastq/SRR292/002/SRR2926602/SRR2926602.fastq.gz	-	control_tnt-pixhalo_colamp_v3a	TAIR10.fa.gz
NAC_tnt.ANAC004_col_a	Arabidopsis_thaliana	https://ftp.sra.ebi.ac.uk/vol1/fastq/SRR292/005/SRR2926605/SRR2926605.fastq.gz	-	control_none.beads_col_v3a	TAIR10.fa.gz
NAC_tnt.ANAC004_colamp_a	Arabidopsis_thaliana	https://ftp.sra.ebi.ac.uk/vol1/fastq/SRR292/004/SRR2926604/SRR2926604.fastq.gz	-	control_tnt-pixhalo_colamp_v3a	TAIR10.fa.gz
NAC_tnt.ANAC005_col_a	Arabidopsis_thaliana	https://ftp.sra.ebi.ac.uk/vol1/fastq/SRR292/006/SRR2926606/SRR2926606.fastq.gz	-	control_none.beads_col_v3a	TAIR10.fa.gz
NAC_tnt.ANAC011_col_a	Arabidopsis_thaliana	https://ftp.sra.ebi.ac.uk/vol1/fastq/SRR292/007/SRR2926607/SRR2926607.fastq.gz	-	control_none.beads_col_v3a	TAIR10.fa.gz
NAC_tnt.ANAC013_col_a	Arabidopsis_thaliana	https://ftp.sra.ebi.ac.uk/vol1/fastq/SRR292/009/SRR2926609/SRR2926609.fastq.gz	-	control_none.beads_col_v3a	TAIR10.fa.gz
NAC_tnt.ANAC013_colamp_a	Arabidopsis_thaliana	https://ftp.sra.ebi.ac.uk/vol1/fastq/SRR292/008/SRR2926608/SRR2926608.fastq.gz	-	control_tnt-pixhalo_colamp_v3a	TAIR10.fa.gz
NAC_tnt.ANAC016_col_a	Arabidopsis_thaliana	https://ftp.sra.ebi.ac.uk/vol1/fastq/SRR292/001/SRR2926611/SRR2926611.fastq.gz	-	control_none.beads_col_v3a	TAIR10.fa.gz
NAC_tnt.ANAC016_colamp_a	Arabidopsis_thaliana	https://ftp.sra.ebi.ac.uk/vol1/fastq/SRR292/000/SRR2926610/SRR2926610.fastq.gz	-	control_tnt-pixhalo_colamp_v3a	TAIR10.fa.gz
NAC_tnt.ANAC017_col_v3a	Arabidopsis_thaliana	https://ftp.sra.ebi.ac.uk/vol1/fastq/SRR292/002/SRR2926932/SRR2926932.fastq.gz	-	control_none.beads_col_v3a	TAIR10.fa.gz
NAC_tnt.ANAC017_col_v3b	Arabidopsis_thaliana	https://ftp.sra.ebi.ac.uk/vol1/fastq/SRR292/003/SRR2926933/SRR2926933.fastq.gz	-	control_none.beads_col_v3a	TAIR10.fa.gz
NAC_tnt.ANAC017_colamp_v31	Arabidopsis_thaliana	https://ftp.sra.ebi.ac.uk/vol1/fastq/SRR292/002/SRR2926612/SRR2926612.fastq.gz	-	control_tnt-pixhalo_colamp_v3a	TAIR10.fa.gz
NAC_tnt.ANAC020_col_v31	Arabidopsis_thaliana	https://ftp.sra.ebi.ac.uk/vol1/fastq/SRR292/003/SRR2926613/SRR2926613.fastq.gz	-	control_none.beads_col_v3a	TAIR10.fa.gz
NAC_tnt.ANAC028_col_a	Arabidopsis_thaliana	https://ftp.sra.ebi.ac.uk/vol1/fastq/SRR292/004/SRR2926614/SRR2926614.fastq.gz	-	control_none.beads_col_v3a	TAIR10.fa.gz
NAC_tnt.ANAC034_col_v3a	Arabidopsis_thaliana	https://ftp.sra.ebi.ac.uk/vol1/fastq/SRR292/004/SRR2926934/SRR2926934.fastq.gz	-	control_none.beads_col_v3a	TAIR10.fa.gz
NAC_tnt.ANAC034_col_v3b	Arabidopsis_thaliana	https://ftp.sra.ebi.ac.uk/vol1/fastq/SRR292/005/SRR2926935/SRR2926935.fastq.gz	-	control_none.beads_col_v3a	TAIR10.fa.gz
NAC_tnt.ANAC038_col_a	Arabidopsis_thaliana	https://ftp.sra.ebi.ac.uk/vol1/fastq/SRR292/006/SRR2926616/SRR2926616.fastq.gz	-	control_none.beads_col_v3a	TAIR10.fa.gz
NAC_tnt.ANAC038_colamp_a	Arabidopsis_thaliana	https://ftp.sra.ebi.ac.uk/vol1/fastq/SRR292/005/SRR2926615/SRR2926615.fastq.gz	-	control_tnt-pixhalo_colamp_v3a	TAIR10.fa.gz
NAC_tnt.ANAC042_col_a	Arabidopsis_thaliana	https://ftp.sra.ebi.ac.uk/vol1/fastq/SRR292/007/SRR2926617/SRR2926617.fastq.gz	-	control_none.beads_col_v3a	TAIR10.fa.gz
NAC_tnt.ANAC045_col_a	Arabidopsis_thaliana	https://ftp.sra.ebi.ac.uk/vol1/fastq/SRR292/009/SRR2926619/SRR2926619.fastq.gz	-	control_none.beads_col_v3a	TAIR10.fa.gz
NAC_tnt.ANAC045_colamp_a	Arabidopsis_thaliana	https://ftp.sra.ebi.ac.uk/vol1/fastq/SRR292/008/SRR2926618/SRR2926618.fastq.gz	-	control_tnt-pixhalo_colamp_v3a	TAIR10.fa.gz
NAC_tnt.ANAC046_col_v3a	Arabidopsis_thaliana	https://ftp.sra.ebi.ac.uk/vol1/fastq/SRR292/006/SRR2926936/SRR2926936.fastq.gz	-	control_none.beads_col_v3a	TAIR10.fa.gz
NAC_tnt.ANAC046_col_v3b	Arabidopsis_thaliana	https://ftp.sra.ebi.ac.uk/vol1/fastq/SRR292/007/SRR2926937/SRR2926937.fastq.gz	-	control_none.beads_col_v3a	TAIR10.fa.gz
NAC_tnt.ANAC046_colamp_a	Arabidopsis_thaliana	https://ftp.sra.ebi.ac.uk/vol1/fastq/SRR292/000/SRR2926620/SRR2926620.fastq.gz	-	control_tnt-pixhalo_colamp_v3a	TAIR10.fa.gz
NAC_tnt.ANAC047_col_v3a	Arabidopsis_thaliana	https://ftp.sra.ebi.ac.uk/vol1/fastq/SRR292/008/SRR2926938/SRR2926938.fastq.gz	-	control_none.beads_col_v3a	TAIR10.fa.gz
NAC_tnt.ANAC047_col_v3b	Arabidopsis_thaliana	https://ftp.sra.ebi.ac.uk/vol1/fastq/SRR292/009/SRR2926939/SRR2926939.fastq.gz	-	control_none.beads_col_v3a	TAIR10.fa.gz
NAC_tnt.ANAC047_colamp_a	Arabidopsis_thaliana	https://ftp.sra.ebi.ac.uk/vol1/fastq/SRR292/001/SRR2926621/SRR2926621.fastq.gz	-	control_tnt-pixhalo_colamp_v3a	TAIR10.fa.gz
NAC_tnt.ANAC050_col_v3a	Arabidopsis_thaliana	https://ftp.sra.ebi.ac.uk/vol1/fastq/SRR292/003/SRR2926623/SRR2926623.fastq.gz	-	control_none.beads_col_v3a	TAIR10.fa.gz
NAC_tnt.ANAC050_colamp_a	Arabidopsis_thaliana	https://ftp.sra.ebi.ac.uk/vol1/fastq/SRR292/002/SRR2926622/SRR2926622.fastq.gz	-	control_tnt-pixhalo_colamp_v3a	TAIR10.fa.gz
NAC_tnt.ANAC053_col_v3a	Arabidopsis_thaliana	https://ftp.sra.ebi.ac.uk/vol1/fastq/SRR292/000/SRR2926940/SRR2926940.fastq.gz	-	control_none.beads_col_v3a	TAIR10.fa.gz
NAC_tnt.ANAC053_col_v3b	Arabidopsis_thaliana	https://ftp.sra.ebi.ac.uk/vol1/fastq/SRR292/001/SRR2926941/SRR2926941.fastq.gz	-	control_none.beads_col_v3a	TAIR10.fa.gz
NAC_tnt.ANAC053_colamp_a	Arabidopsis_thaliana	https://ftp.sra.ebi.ac.uk/vol1/fastq/SRR292/004/SRR2926624/SRR2926624.fastq.gz	-	control_tnt-pixhalo_colamp_v3a	TAIR10.fa.gz
NAC_tnt.ANAC055_col_v3a	Arabidopsis_thaliana	https://ftp.sra.ebi.ac.uk/vol1/fastq/SRR292/002/SRR2926942/SRR2926942.fastq.gz	-	control_none.beads_col_v3a	TAIR10.fa.gz
NAC_tnt.ANAC055_col_v3b	Arabidopsis_thaliana	https://ftp.sra.ebi.ac.uk/vol1/fastq/SRR292/003/SRR2926943/SRR2926943.fastq.gz	-	control_none.beads_col_v3a	TAIR10.fa.gz
NAC_tnt.ANAC057_col_a	Arabidopsis_thaliana	https://ftp.sra.ebi.ac.uk/vol1/fastq/SRR292/006/SRR2926626/SRR2926626.fastq.gz	-	control_none.beads_col_v3a	TAIR10.fa.gz
NAC_tnt.ANAC057_colamp_a	Arabidopsis_thaliana	https://ftp.sra.ebi.ac.uk/vol1/fastq/SRR292/005/SRR2926625/SRR2926625.fastq.gz	-	control_tnt-pixhalo_colamp_v3a	TAIR10.fa.gz
NAC_tnt.ANAC058_col_a	Arabidopsis_thaliana	https://ftp.sra.ebi.ac.uk/vol1/fastq/SRR292/008/SRR2926628/SRR2926628.fastq.gz	-	control_none.beads_col_v3a	TAIR10.fa.gz
NAC_tnt.ANAC058_colamp_a	Arabidopsis_thaliana	https://ftp.sra.ebi.ac.uk/vol1/fastq/SRR292/007/SRR2926627/SRR2926627.fastq.gz	-	control_tnt-pixhalo_colamp_v3a	TAIR10.fa.gz
NAC_tnt.ANAC062_col_v3a	Arabidopsis_thaliana	https://ftp.sra.ebi.ac.uk/vol1/fastq/SRR292/004/SRR2926944/SRR2926944.fastq.gz	-	control_none.beads_col_v3a	TAIR10.fa.gz
NAC_tnt.ANAC062_col_v3b	Arabidopsis_thaliana	https://ftp.sra.ebi.ac.uk/vol1/fastq/SRR292/005/SRR2926945/SRR2926945.fastq.gz	-	control_none.beads_col_v3a	TAIR10.fa.gz
NAC_tnt.ANAC062_colamp_a	Arabidopsis_thaliana	https://ftp.sra.ebi.ac.uk/vol1/fastq/SRR292/009/SRR2926629/SRR2926629.fastq.gz	-	control_tnt-pixhalo_colamp_v3a	TAIR10.fa.gz
NAC_tnt.ANAC070_col_v3a	Arabidopsis_thaliana	https://ftp.sra.ebi.ac.uk/vol1/fastq/SRR292/006/SRR2926946/SRR2926946.fastq.gz	-	control_none.beads_col_v3a	TAIR10.fa.gz
NAC_tnt.ANAC070_col_v3b	Arabidopsis_thaliana	https://ftp.sra.ebi.ac.uk/vol1/fastq/SRR292/007/SRR2926947/SRR2926947.fastq.gz	-	control_none.beads_col_v3a	TAIR10.fa.gz
NAC_tnt.ANAC070_colamp_a	Arabidopsis_thaliana	https://ftp.sra.ebi.ac.uk/vol1/fastq/SRR292/000/SRR2926630/SRR2926630.fastq.gz	-	control_tnt-pixhalo_colamp_v3a	TAIR10.fa.gz
NAC_tnt.ANAC071_col_a	Arabidopsis_thaliana	https://ftp.sra.ebi.ac.uk/vol1/fastq/SRR292/002/SRR2926632/SRR2926632.fastq.gz	-	control_none.beads_col_v3a	TAIR10.fa.gz
NAC_tnt.ANAC071_colamp_a	Arabidopsis_thaliana	https://ftp.sra.ebi.ac.uk/vol1/fastq/SRR292/001/SRR2926631/SRR2926631.fastq.gz	-	control_tnt-pixhalo_colamp_v3a	TAIR10.fa.gz
NAC_tnt.ANAC075_col_a	Arabidopsis_thaliana	https://ftp.sra.ebi.ac.uk/vol1/fastq/SRR292/003/SRR2926633/SRR2926633.fastq.gz	-	control_none.beads_col_v3a	TAIR10.fa.gz
NAC_tnt.ANAC079_col_v3a	Arabidopsis_thaliana	https://ftp.sra.ebi.ac.uk/vol1/fastq/SRR292/008/SRR2926948/SRR2926948.fastq.gz	-	control_none.beads_col_v3a	TAIR10.fa.gz
NAC_tnt.ANAC079_col_v3b	Arabidopsis_thaliana	https://ftp.sra.ebi.ac.uk/vol1/fastq/SRR292/009/SRR2926949/SRR2926949.fastq.gz	-	control_none.beads_col_v3a	TAIR10.fa.gz
NAC_tnt.ANAC079_colamp_a	Arabidopsis_thaliana	https://ftp.sra.ebi.ac.uk/vol1/fastq/SRR292/004/SRR2926634/SRR2926634.fastq.gz	-	control_tnt-pixhalo_colamp_v3a	TAIR10.fa.gz
NAC_tnt.ANAC083_col_v3a	Arabidopsis_thaliana	https://ftp.sra.ebi.ac.uk/vol1/fastq/SRR292/006/SRR2926636/SRR2926636.fastq.gz	-	control_none.beads_col_v3a	TAIR10.fa.gz
NAC_tnt.ANAC083_colamp_a	Arabidopsis_thaliana	https://ftp.sra.ebi.ac.uk/vol1/fastq/SRR292/005/SRR2926635/SRR2926635.fastq.gz	-	control_tnt-pixhalo_colamp_v3a	TAIR10.fa.gz
NAC_tnt.ANAC087_col_v3a	Arabidopsis_thaliana	https://ftp.sra.ebi.ac.uk/vol1/fastq/SRR292/008/SRR2926638/SRR2926638.fastq.gz	-	control_none.beads_col_v3a	TAIR10.fa.gz
NAC_tnt.ANAC087_colamp_a	Arabidopsis_thaliana	https://ftp.sra.ebi.ac.uk/vol1/fastq/SRR292/007/SRR2926637/SRR2926637.fastq.gz	-	control_tnt-pixhalo_colamp_v3a	TAIR10.fa.gz
NAC_tnt.ANAC092_col_v3a	Arabidopsis_thaliana	https://ftp.sra.ebi.ac.uk/vol1/fastq/SRR292/000/SRR2926640/SRR2926640.fastq.gz	-	control_none.beads_col_v3a	TAIR10.fa.gz
NAC_tnt.ANAC092_colamp_a	Arabidopsis_thaliana	https://ftp.sra.ebi.ac.uk/vol1/fastq/SRR292/009/SRR2926639/SRR2926639.fastq.gz	-	control_tnt-pixhalo_colamp_v3a	TAIR10.fa.gz
NAC_tnt.ANAC094_col_a	Arabidopsis_thaliana	https://ftp.sra.ebi.ac.uk/vol1/fastq/SRR292/001/SRR2926641/SRR2926641.fastq.gz	-	control_none.beads_col_v3a	TAIR10.fa.gz
NAC_tnt.ANAC096_col_v3a	Arabidopsis_thaliana	https://ftp.sra.ebi.ac.uk/vol1/fastq/SRR292/000/SRR2926950/SRR2926950.fastq.gz	-	control_none.beads_col_v3a	TAIR10.fa.gz
NAC_tnt.ANAC096_col_v3b	Arabidopsis_thaliana	https://ftp.sra.ebi.ac.uk/vol1/fastq/SRR292/001/SRR2926951/SRR2926951.fastq.gz	-	control_none.beads_col_v3a	TAIR10.fa.gz
NAC_tnt.ANAC096_colamp_a	Arabidopsis_thaliana	https://ftp.sra.ebi.ac.uk/vol1/fastq/SRR292/002/SRR2926642/SRR2926642.fastq.gz	-	control_tnt-pixhalo_colamp_v3a	TAIR10.fa.gz
NAC_tnt.ANAC103_col_a	Arabidopsis_thaliana	https://ftp.sra.ebi.ac.uk/vol1/fastq/SRR292/004/SRR2926644/SRR2926644.fastq.gz	-	control_none.beads_col_v3a	TAIR10.fa.gz
NAC_tnt.ANAC103_colamp_a	Arabidopsis_thaliana	https://ftp.sra.ebi.ac.uk/vol1/fastq/SRR292/003/SRR2926643/SRR2926643.fastq.gz	-	control_tnt-pixhalo_colamp_v3a	TAIR10.fa.gz
NAC_tnt.AT1G19040_col_a	Arabidopsis_thaliana	https://ftp.sra.ebi.ac.uk/vol1/fastq/SRR292/005/SRR2926645/SRR2926645.fastq.gz	-	control_none.beads_col_v3a	TAIR10.fa.gz
NAC_tnt.AT3G12910_col_a	Arabidopsis_thaliana	https://ftp.sra.ebi.ac.uk/vol1/fastq/SRR292/006/SRR2926646/SRR2926646.fastq.gz	-	control_none.beads_col_v3a	TAIR10.fa.gz
NAC_tnt.ATAF1_col_a	Arabidopsis_thaliana	https://ftp.sra.ebi.ac.uk/vol1/fastq/SRR292/008/SRR2926648/SRR2926648.fastq.gz	-	control_none.beads_col_v3a	TAIR10.fa.gz
NAC_tnt.ATAF1_colamp_a	Arabidopsis_thaliana	https://ftp.sra.ebi.ac.uk/vol1/fastq/SRR292/007/SRR2926647/SRR2926647.fastq.gz	-	control_tnt-pixhalo_colamp_v3a	TAIR10.fa.gz
NAC_tnt.CUC1_col_v31	Arabidopsis_thaliana	https://ftp.sra.ebi.ac.uk/vol1/fastq/SRR292/000/SRR2926650/SRR2926650.fastq.gz	-	control_none.beads_col_v3a	TAIR10.fa.gz
NAC_tnt.CUC1_colamp_a	Arabidopsis_thaliana	https://ftp.sra.ebi.ac.uk/vol1/fastq/SRR292/009/SRR2926649/SRR2926649.fastq.gz	-	control_tnt-pixhalo_colamp_v3a	TAIR10.fa.gz
NAC_tnt.CUC2_col_v3a	Arabidopsis_thaliana	https://ftp.sra.ebi.ac.uk/vol1/fastq/SRR292/002/SRR2926952/SRR2926952.fastq.gz	-	control_none.beads_col_v3a	TAIR10.fa.gz
NAC_tnt.CUC2_col_v3b	Arabidopsis_thaliana	https://ftp.sra.ebi.ac.uk/vol1/fastq/SRR292/003/SRR2926953/SRR2926953.fastq.gz	-	control_none.beads_col_v3a	TAIR10.fa.gz
NAC_tnt.CUC2_colamp_a	Arabidopsis_thaliana	https://ftp.sra.ebi.ac.uk/vol1/fastq/SRR292/001/SRR2926651/SRR2926651.fastq.gz	-	control_tnt-pixhalo_colamp_v3a	TAIR10.fa.gz
NAC_tnt.CUC3_col_a	Arabidopsis_thaliana	https://ftp.sra.ebi.ac.uk/vol1/fastq/SRR292/003/SRR2926653/SRR2926653.fastq.gz	-	control_none.beads_col_v3a	TAIR10.fa.gz
NAC_tnt.CUC3_colamp_a	Arabidopsis_thaliana	https://ftp.sra.ebi.ac.uk/vol1/fastq/SRR292/002/SRR2926652/SRR2926652.fastq.gz	-	control_tnt-pixhalo_colamp_v3a	TAIR10.fa.gz
NAC_tnt.NAC2_col_v3a	Arabidopsis_thaliana	https://ftp.sra.ebi.ac.uk/vol1/fastq/SRR292/005/SRR2926655/SRR2926655.fastq.gz	-	control_none.beads_col_v3a	TAIR10.fa.gz
NAC_tnt.NAC2_colamp_a	Arabidopsis_thaliana	https://ftp.sra.ebi.ac.uk/vol1/fastq/SRR292/004/SRR2926654/SRR2926654.fastq.gz	-	control_tnt-pixhalo_colamp_v3a	TAIR10.fa.gz
NAC_tnt.NAM_col_v3a	Arabidopsis_thaliana	https://ftp.sra.ebi.ac.uk/vol1/fastq/SRR292/007/SRR2926657/SRR2926657.fastq.gz	-	control_none.beads_col_v3a	TAIR10.fa.gz
NAC_tnt.NAM_colamp_a	Arabidopsis_thaliana	https://ftp.sra.ebi.ac.uk/vol1/fastq/SRR292/006/SRR2926656/SRR2926656.fastq.gz	-	control_tnt-pixhalo_colamp_v3a	TAIR10.fa.gz
NAC_tnt.NAP_col_v3a	Arabidopsis_thaliana	https://ftp.sra.ebi.ac.uk/vol1/fastq/SRR292/009/SRR2926659/SRR2926659.fastq.gz	-	control_none.beads_col_v3a	TAIR10.fa.gz
NAC_tnt.NAP_colamp_a	Arabidopsis_thaliana	https://ftp.sra.ebi.ac.uk/vol1/fastq/SRR292/008/SRR2926658/SRR2926658.fastq.gz	-	control_tnt-pixhalo_colamp_v3a	TAIR10.fa.gz
NAC_tnt.NST1_col_v31	Arabidopsis_thaliana	https://ftp.sra.ebi.ac.uk/vol1/fastq/SRR292/001/SRR2926661/SRR2926661.fastq.gz	-	control_none.beads_col_v3a	TAIR10.fa.gz
NAC_tnt.NST1_colamp_a	Arabidopsis_thaliana	https://ftp.sra.ebi.ac.uk/vol1/fastq/SRR292/000/SRR2926660/SRR2926660.fastq.gz	-	control_tnt-pixhalo_colamp_v3a	TAIR10.fa.gz
NAC_tnt.NTL8_col_v3a	Arabidopsis_thaliana	https://ftp.sra.ebi.ac.uk/vol1/fastq/SRR292/004/SRR2926954/SRR2926954.fastq.gz	-	control_none.beads_col_v3a	TAIR10.fa.gz
NAC_tnt.NTL8_col_v3b	Arabidopsis_thaliana	https://ftp.sra.ebi.ac.uk/vol1/fastq/SRR292/005/SRR2926955/SRR2926955.fastq.gz	-	control_none.beads_col_v3a	TAIR10.fa.gz
NAC_tnt.NTM1_col_a	Arabidopsis_thaliana	https://ftp.sra.ebi.ac.uk/vol1/fastq/SRR292/003/SRR2926663/SRR2926663.fastq.gz	-	control_none.beads_col_v3a	TAIR10.fa.gz
NAC_tnt.NTM1_colamp_a	Arabidopsis_thaliana	https://ftp.sra.ebi.ac.uk/vol1/fastq/SRR292/002/SRR2926662/SRR2926662.fastq.gz	-	control_tnt-pixhalo_colamp_v3a	TAIR10.fa.gz
NAC_tnt.NTM2_col_b	Arabidopsis_thaliana	https://ftp.sra.ebi.ac.uk/vol1/fastq/SRR292/004/SRR2926664/SRR2926664.fastq.gz	-	control_none.beads_col_v3a	TAIR10.fa.gz
NAC_tnt.SMB_col_a	Arabidopsis_thaliana	https://ftp.sra.ebi.ac.uk/vol1/fastq/SRR292/006/SRR2926666/SRR2926666.fastq.gz	-	control_none.beads_col_v3a	TAIR10.fa.gz
NAC_tnt.SMB_colamp_a	Arabidopsis_thaliana	https://ftp.sra.ebi.ac.uk/vol1/fastq/SRR292/005/SRR2926665/SRR2926665.fastq.gz	-	control_tnt-pixhalo_colamp_v3a	TAIR10.fa.gz
NAC_tnt.SND2_col_a	Arabidopsis_thaliana	https://ftp.sra.ebi.ac.uk/vol1/fastq/SRR292/008/SRR2926668/SRR2926668.fastq.gz	-	control_none.beads_col_v3a	TAIR10.fa.gz
NAC_tnt.SND2_colamp_a	Arabidopsis_thaliana	https://ftp.sra.ebi.ac.uk/vol1/fastq/SRR292/007/SRR2926667/SRR2926667.fastq.gz	-	control_tnt-pixhalo_colamp_v3a	TAIR10.fa.gz
NAC_tnt.SND3_col_b	Arabidopsis_thaliana	https://ftp.sra.ebi.ac.uk/vol1/fastq/SRR292/000/SRR2926670/SRR2926670.fastq.gz	-	control_none.beads_col_v3a	TAIR10.fa.gz
NAC_tnt.SND3_colamp_a	Arabidopsis_thaliana	https://ftp.sra.ebi.ac.uk/vol1/fastq/SRR292/009/SRR2926669/SRR2926669.fastq.gz	-	control_tnt-pixhalo_colamp_v3a	TAIR10.fa.gz
NAC_tnt.VND1_col_a	Arabidopsis_thaliana	https://ftp.sra.ebi.ac.uk/vol1/fastq/SRR292/001/SRR2926671/SRR2926671.fastq.gz	-	control_none.beads_col_v3a	TAIR10.fa.gz
NAC_tnt.VND2_col_a	Arabidopsis_thaliana	https://ftp.sra.ebi.ac.uk/vol1/fastq/SRR292/003/SRR2926673/SRR2926673.fastq.gz	-	control_none.beads_col_v3a	TAIR10.fa.gz
NAC_tnt.VND2_colamp_a	Arabidopsis_thaliana	https://ftp.sra.ebi.ac.uk/vol1/fastq/SRR292/002/SRR2926672/SRR2926672.fastq.gz	-	control_tnt-pixhalo_colamp_v3a	TAIR10.fa.gz
NAC_tnt.VND3_col_v3a	Arabidopsis_thaliana	https://ftp.sra.ebi.ac.uk/vol1/fastq/SRR292/006/SRR2926956/SRR2926956.fastq.gz	-	control_none.beads_col_v3a	TAIR10.fa.gz
NAC_tnt.VND3_col_v3b	Arabidopsis_thaliana	https://ftp.sra.ebi.ac.uk/vol1/fastq/SRR292/007/SRR2926957/SRR2926957.fastq.gz	-	control_none.beads_col_v3a	TAIR10.fa.gz
NAC_tnt.VND3_colamp_a	Arabidopsis_thaliana	https://ftp.sra.ebi.ac.uk/vol1/fastq/SRR292/004/SRR2926674/SRR2926674.fastq.gz	-	control_tnt-pixhalo_colamp_v3a	TAIR10.fa.gz
NAC_tnt.VND4_col_v3a	Arabidopsis_thaliana	https://ftp.sra.ebi.ac.uk/vol1/fastq/SRR292/008/SRR2926958/SRR2926958.fastq.gz	-	control_none.beads_col_v3a	TAIR10.fa.gz
NAC_tnt.VND4_col_v3b	Arabidopsis_thaliana	https://ftp.sra.ebi.ac.uk/vol1/fastq/SRR292/009/SRR2926959/SRR2926959.fastq.gz	-	control_none.beads_col_v3a	TAIR10.fa.gz
NAC_tnt.VND4_colamp_a	Arabidopsis_thaliana	https://ftp.sra.ebi.ac.uk/vol1/fastq/SRR292/005/SRR2926675/SRR2926675.fastq.gz	-	control_tnt-pixhalo_colamp_v3a	TAIR10.fa.gz
NAC_tnt.VND6_col_v31	Arabidopsis_thaliana	https://ftp.sra.ebi.ac.uk/vol1/fastq/SRR292/007/SRR2926677/SRR2926677.fastq.gz	-	control_none.beads_col_v3a	TAIR10.fa.gz
NAC_tnt.VND6_colamp_a	Arabidopsis_thaliana	https://ftp.sra.ebi.ac.uk/vol1/fastq/SRR292/006/SRR2926676/SRR2926676.fastq.gz	-	control_tnt-pixhalo_colamp_v3a	TAIR10.fa.gz
ND_tnt.AGL95_col_a	Arabidopsis_thaliana	https://ftp.sra.ebi.ac.uk/vol1/fastq/SRR292/008/SRR2926678/SRR2926678.fastq.gz	-	control_none.beads_col_v3a	TAIR10.fa.gz
ND_tnt.ASHR1_col_a	Arabidopsis_thaliana	https://ftp.sra.ebi.ac.uk/vol1/fastq/SRR292/009/SRR2926679/SRR2926679.fastq.gz	-	control_none.beads_col_v3a	TAIR10.fa.gz
ND_tnt.AT1G63040_col_a	Arabidopsis_thaliana	https://ftp.sra.ebi.ac.uk/vol1/fastq/SRR292/000/SRR2926680/SRR2926680.fastq.gz	-	control_none.beads_col_v3a	TAIR10.fa.gz
ND_tnt.AT2G28920_col_a	Arabidopsis_thaliana	https://ftp.sra.ebi.ac.uk/vol1/fastq/SRR292/001/SRR2926681/SRR2926681.fastq.gz	-	control_none.beads_col_v3a	TAIR10.fa.gz
ND_tnt.FRS9_col_a	Arabidopsis_thaliana	https://ftp.sra.ebi.ac.uk/vol1/fastq/SRR292/003/SRR2926683/SRR2926683.fastq.gz	-	control_none.beads_col_v3a	TAIR10.fa.gz
ND_tnt.FRS9_colamp_a	Arabidopsis_thaliana	https://ftp.sra.ebi.ac.uk/vol1/fastq/SRR292/002/SRR2926682/SRR2926682.fastq.gz	-	control_tnt-pixhalo_colamp_v3a	TAIR10.fa.gz
NLP_tnt.AtNLP4_col_b	Arabidopsis_thaliana	https://ftp.sra.ebi.ac.uk/vol1/fastq/SRR292/004/SRR2926684/SRR2926684.fastq.gz	-	control_none.beads_col_v3a	TAIR10.fa.gz
Orphan_tnt.AT1G23810_col_a	Arabidopsis_thaliana	https://ftp.sra.ebi.ac.uk/vol1/fastq/SRR292/005/SRR2926685/SRR2926685.fastq.gz	-	control_none.beads_col_v3a	TAIR10.fa.gz
Orphan_tnt.AT1G24250_col_a	Arabidopsis_thaliana	https://ftp.sra.ebi.ac.uk/vol1/fastq/SRR292/006/SRR2926686/SRR2926686.fastq.gz	-	control_none.beads_col_v3a	TAIR10.fa.gz
Orphan_tnt.BBX31_col_a	Arabidopsis_thaliana	https://ftp.sra.ebi.ac.uk/vol1/fastq/SRR292/007/SRR2926687/SRR2926687.fastq.gz	-	control_none.beads_col_v3a	TAIR10.fa.gz
PLATZ_tnt.AT2G01818_col_a	Arabidopsis_thaliana	https://ftp.sra.ebi.ac.uk/vol1/fastq/SRR292/008/SRR2926688/SRR2926688.fastq.gz	-	control_none.beads_col_v3a	TAIR10.fa.gz
RAV_tnt.RAV1_col100_a	Arabidopsis_thaliana	https://ftp.sra.ebi.ac.uk/vol1/fastq/SRR292/000/SRR2926960/SRR2926960.fastq.gz	-	control_none.beads_col_v3a	TAIR10.fa.gz
RAV_tnt.RAV1_col_b	Arabidopsis_thaliana	https://ftp.sra.ebi.ac.uk/vol1/fastq/SRR292/001/SRR2926961/SRR2926961_1.fastq.gz	-	control_none.beads_col_v3a	TAIR10.fa.gz
RAV_tnt.RAV1_colamp_a	Arabidopsis_thaliana	https://ftp.sra.ebi.ac.uk/vol1/fastq/SRR292/009/SRR2926689/SRR2926689.fastq.gz	-	control_tnt-pixhalo_colamp_v3a	TAIR10.fa.gz
REMB3_tnt.AT2G31460_col_a	Arabidopsis_thaliana	https://ftp.sra.ebi.ac.uk/vol1/fastq/SRR292/002/SRR2926692/SRR2926692.fastq.gz	-	control_none.beads_col_v3a	TAIR10.fa.gz
REM_tnt.REM19_col_a	Arabidopsis_thaliana	https://ftp.sra.ebi.ac.uk/vol1/fastq/SRR292/001/SRR2926691/SRR2926691.fastq.gz	-	control_none.beads_col_v3a	TAIR10.fa.gz
REM_tnt.REM19_colamp_a	Arabidopsis_thaliana	https://ftp.sra.ebi.ac.uk/vol1/fastq/SRR292/000/SRR2926690/SRR2926690.fastq.gz	-	control_tnt-pixhalo_colamp_v3a	TAIR10.fa.gz
RWPRK_tnt.NLP7_col_a	Arabidopsis_thaliana	https://ftp.sra.ebi.ac.uk/vol1/fastq/SRR292/003/SRR2926693/SRR2926693.fastq.gz	-	control_none.beads_col_v3a	TAIR10.fa.gz
RWPRK_tnt.RKD2_col_a	Arabidopsis_thaliana	https://ftp.sra.ebi.ac.uk/vol1/fastq/SRR292/005/SRR2926695/SRR2926695.fastq.gz	-	control_none.beads_col_v3a	TAIR10.fa.gz
RWPRK_tnt.RKD2_colamp_a	Arabidopsis_thaliana	https://ftp.sra.ebi.ac.uk/vol1/fastq/SRR292/004/SRR2926694/SRR2926694.fastq.gz	-	control_tnt-pixhalo_colamp_v3a	TAIR10.fa.gz
S1Falike_tnt.AT3G09735_col_a	Arabidopsis_thaliana	https://ftp.sra.ebi.ac.uk/vol1/fastq/SRR292/006/SRR2926696/SRR2926696.fastq.gz	-	control_none.beads_col_v3a	TAIR10.fa.gz
SBP_tnt.SPL11_col100_a	Arabidopsis_thaliana	https://ftp.sra.ebi.ac.uk/vol1/fastq/SRR292/009/SRR2926699/SRR2926699.fastq.gz	-	control_none.beads_col_v3a	TAIR10.fa.gz
SBP_tnt.SPL13_col_a	Arabidopsis_thaliana	https://ftp.sra.ebi.ac.uk/vol1/fastq/SRR292/000/SRR2926700/SRR2926700.fastq.gz	-	control_none.beads_col_v3a	TAIR10.fa.gz
SBP_tnt.SPL14_col_a	Arabidopsis_thaliana	https://ftp.sra.ebi.ac.uk/vol1/fastq/SRR292/001/SRR2926701/SRR2926701.fastq.gz	-	control_none.beads_col_v3a	TAIR10.fa.gz
SBP_tnt.SPL15_col_a	Arabidopsis_thaliana	https://ftp.sra.ebi.ac.uk/vol1/fastq/SRR292/003/SRR2926703/SRR2926703.fastq.gz	-	control_none.beads_col_v3a	TAIR10.fa.gz
SBP_tnt.SPL15_colamp_a	Arabidopsis_thaliana	https://ftp.sra.ebi.ac.uk/vol1/fastq/SRR292/002/SRR2926702/SRR2926702.fastq.gz	-	control_tnt-pixhalo_colamp_v3a	TAIR10.fa.gz
SBP_tnt.SPL1_col_a	Arabidopsis_thaliana	https://ftp.sra.ebi.ac.uk/vol1/fastq/SRR292/008/SRR2926698/SRR2926698.fastq.gz	-	control_none.beads_col_v3a	TAIR10.fa.gz
SBP_tnt.SPL1_colamp_a	Arabidopsis_thaliana	https://ftp.sra.ebi.ac.uk/vol1/fastq/SRR292/007/SRR2926697/SRR2926697.fastq.gz	-	control_tnt-pixhalo_colamp_v3a	TAIR10.fa.gz
SBP_tnt.SPL3_col_a	Arabidopsis_thaliana	https://ftp.sra.ebi.ac.uk/vol1/fastq/SRR292/005/SRR2926705/SRR2926705.fastq.gz	-	control_none.beads_col_v3a	TAIR10.fa.gz
SBP_tnt.SPL3_colamp_a	Arabidopsis_thaliana	https://ftp.sra.ebi.ac.uk/vol1/fastq/SRR292/004/SRR2926704/SRR2926704.fastq.gz	-	control_tnt-pixhalo_colamp_v3a	TAIR10.fa.gz
SBP_tnt.SPL5_col_a	Arabidopsis_thaliana	https://ftp.sra.ebi.ac.uk/vol1/fastq/SRR292/007/SRR2926707/SRR2926707.fastq.gz	-	control_none.beads_col_v3a	TAIR10.fa.gz
SBP_tnt.SPL5_colamp_a	Arabidopsis_thaliana	https://ftp.sra.ebi.ac.uk/vol1/fastq/SRR292/006/SRR2926706/SRR2926706.fastq.gz	-	control_tnt-pixhalo_colamp_v3a	TAIR10.fa.gz
SBP_tnt.SPL9_col_a	Arabidopsis_thaliana	https://ftp.sra.ebi.ac.uk/vol1/fastq/SRR292/009/SRR2926709/SRR2926709.fastq.gz	-	control_none.beads_col_v3a	TAIR10.fa.gz
SBP_tnt.SPL9_colamp_a	Arabidopsis_thaliana	https://ftp.sra.ebi.ac.uk/vol1/fastq/SRR292/008/SRR2926708/SRR2926708.fastq.gz	-	control_tnt-pixhalo_colamp_v3a	TAIR10.fa.gz
SRS_tnt.SRS7_col_a	Arabidopsis_thaliana	https://ftp.sra.ebi.ac.uk/vol1/fastq/SRR292/001/SRR2926711/SRR2926711.fastq.gz	-	control_none.beads_col_v3a	TAIR10.fa.gz
SRS_tnt.SRS7_colamp_a	Arabidopsis_thaliana	https://ftp.sra.ebi.ac.uk/vol1/fastq/SRR292/000/SRR2926710/SRR2926710.fastq.gz	-	control_tnt-pixhalo_colamp_v3a	TAIR10.fa.gz
TCP_tnt.At1g69690_col_a	Arabidopsis_thaliana	https://ftp.sra.ebi.ac.uk/vol1/fastq/SRR292/003/SRR2926713/SRR2926713.fastq.gz	-	control_none.beads_col_v3a	TAIR10.fa.gz
TCP_tnt.At1g69690_colamp_a	Arabidopsis_thaliana	https://ftp.sra.ebi.ac.uk/vol1/fastq/SRR292/002/SRR2926712/SRR2926712.fastq.gz	-	control_tnt-pixhalo_colamp_v3a	TAIR10.fa.gz
TCP_tnt.At1g72010_col200_a	Arabidopsis_thaliana	https://ftp.sra.ebi.ac.uk/vol1/fastq/SRR292/002/SRR2926962/SRR2926962.fastq.gz	-	control_none.beads_col_v3a	TAIR10.fa.gz
TCP_tnt.At1g72010_col_b	Arabidopsis_thaliana	https://ftp.sra.ebi.ac.uk/vol1/fastq/SRR292/003/SRR2926963/SRR2926963.fastq.gz	-	control_none.beads_col_v3a	TAIR10.fa.gz
TCP_tnt.At1g72010_colamp_a	Arabidopsis_thaliana	https://ftp.sra.ebi.ac.uk/vol1/fastq/SRR292/004/SRR2926714/SRR2926714.fastq.gz	-	control_tnt-pixhalo_colamp_v3a	TAIR10.fa.gz
TCP_tnt.At2g45680_col_b	Arabidopsis_thaliana	https://ftp.sra.ebi.ac.uk/vol1/fastq/SRR292/006/SRR2926716/SRR2926716.fastq.gz	-	control_none.beads_col_v3a	TAIR10.fa.gz
TCP_tnt.At2g45680_colamp_a	Arabidopsis_thaliana	https://ftp.sra.ebi.ac.uk/vol1/fastq/SRR292/005/SRR2926715/SRR2926715.fastq.gz	-	control_tnt-pixhalo_colamp_v3a	TAIR10.fa.gz
TCP_tnt.At5g08330_col_a	Arabidopsis_thaliana	https://ftp.sra.ebi.ac.uk/vol1/fastq/SRR292/008/SRR2926718/SRR2926718.fastq.gz	-	control_none.beads_col_v3a	TAIR10.fa.gz
TCP_tnt.At5g08330_colamp_a	Arabidopsis_thaliana	https://ftp.sra.ebi.ac.uk/vol1/fastq/SRR292/007/SRR2926717/SRR2926717.fastq.gz	-	control_tnt-pixhalo_colamp_v3a	TAIR10.fa.gz
TCP_tnt.PTF1_col_a	Arabidopsis_thaliana	https://ftp.sra.ebi.ac.uk/vol1/fastq/SRR292/000/SRR2926720/SRR2926720.fastq.gz	-	control_none.beads_col_v3a	TAIR10.fa.gz
TCP_tnt.PTF1_colamp_a	Arabidopsis_thaliana	https://ftp.sra.ebi.ac.uk/vol1/fastq/SRR292/009/SRR2926719/SRR2926719.fastq.gz	-	control_tnt-pixhalo_colamp_v3a	TAIR10.fa.gz
TCP_tnt.TCP14_col_b	Arabidopsis_thaliana	https://ftp.sra.ebi.ac.uk/vol1/fastq/SRR292/002/SRR2926722/SRR2926722.fastq.gz	-	control_none.beads_col_v3a	TAIR10.fa.gz
TCP_tnt.TCP16_col_a	Arabidopsis_thaliana	https://ftp.sra.ebi.ac.uk/vol1/fastq/SRR292/004/SRR2926724/SRR2926724.fastq.gz	-	control_none.beads_col_v3a	TAIR10.fa.gz
TCP_tnt.TCP16_colamp_a	Arabidopsis_thaliana	https://ftp.sra.ebi.ac.uk/vol1/fastq/SRR292/003/SRR2926723/SRR2926723.fastq.gz	-	control_tnt-pixhalo_colamp_v3a	TAIR10.fa.gz
TCP_tnt.TCP17_col_a	Arabidopsis_thaliana	https://ftp.sra.ebi.ac.uk/vol1/fastq/SRR292/006/SRR2926726/SRR2926726.fastq.gz	-	control_none.beads_col_v3a	TAIR10.fa.gz
TCP_tnt.TCP17_colamp_a	Arabidopsis_thaliana	https://ftp.sra.ebi.ac.uk/vol1/fastq/SRR292/005/SRR2926725/SRR2926725.fastq.gz	-	control_tnt-pixhalo_colamp_v3a	TAIR10.fa.gz
TCP_tnt.TCP1_col_a	Arabidopsis_thaliana	https://ftp.sra.ebi.ac.uk/vol1/fastq/SRR292/001/SRR2926721/SRR2926721.fastq.gz	-	control_none.beads_col_v3a	TAIR10.fa.gz
TCP_tnt.TCP20_col_a	Arabidopsis_thaliana	https://ftp.sra.ebi.ac.uk/vol1/fastq/SRR292/008/SRR2926728/SRR2926728.fastq.gz	-	control_none.beads_col_v3a	TAIR10.fa.gz
TCP_tnt.TCP20_colamp_a	Arabidopsis_thaliana	https://ftp.sra.ebi.ac.uk/vol1/fastq/SRR292/007/SRR2926727/SRR2926727.fastq.gz	-	control_tnt-pixhalo_colamp_v3a	TAIR10.fa.gz
TCP_tnt.TCP24_col200_a	Arabidopsis_thaliana	https://ftp.sra.ebi.ac.uk/vol1/fastq/SRR292/004/SRR2926964/SRR2926964.fastq.gz	-	control_none.beads_col_v3a	TAIR10.fa.gz
TCP_tnt.TCP24_col_b	Arabidopsis_thaliana	https://ftp.sra.ebi.ac.uk/vol1/fastq/SRR292/005/SRR2926965/SRR2926965_1.fastq.gz	-	control_none.beads_col_v3a	TAIR10.fa.gz
TCP_tnt.TCP24_colamp_a	Arabidopsis_thaliana	https://ftp.sra.ebi.ac.uk/vol1/fastq/SRR292/009/SRR2926729/SRR2926729.fastq.gz	-	control_tnt-pixhalo_colamp_v3a	TAIR10.fa.gz
TCP_tnt.TCP3_col_a	Arabidopsis_thaliana	https://ftp.sra.ebi.ac.uk/vol1/fastq/SRR292/006/SRR2926966/SRR2926966.fastq.gz	-	control_none.beads_col_v3a	TAIR10.fa.gz
TCP_tnt.TCP3_col_b	Arabidopsis_thaliana	https://ftp.sra.ebi.ac.uk/vol1/fastq/SRR292/007/SRR2926967/SRR2926967.fastq.gz	-	control_none.beads_col_v3a	TAIR10.fa.gz
TCP_tnt.TCP3_colamp_a	Arabidopsis_thaliana	https://ftp.sra.ebi.ac.uk/vol1/fastq/SRR292/000/SRR2926730/SRR2926730.fastq.gz	-	control_tnt-pixhalo_colamp_v3a	TAIR10.fa.gz
TCP_tnt.TCP7_col_a	Arabidopsis_thaliana	https://ftp.sra.ebi.ac.uk/vol1/fastq/SRR292/001/SRR2926731/SRR2926731.fastq.gz	-	control_none.beads_col_v3a	TAIR10.fa.gz
Trihelix_tnt.AT1G76870_col_b	Arabidopsis_thaliana	https://ftp.sra.ebi.ac.uk/vol1/fastq/SRR292/002/SRR2926732/SRR2926732.fastq.gz	-	control_none.beads_col_v3a	TAIR10.fa.gz
Trihelix_tnt.AT1G76880_col_a	Arabidopsis_thaliana	https://ftp.sra.ebi.ac.uk/vol1/fastq/SRR292/003/SRR2926733/SRR2926733.fastq.gz	-	control_none.beads_col_v3a	TAIR10.fa.gz
Trihelix_tnt.AT2G33550_col_a	Arabidopsis_thaliana	https://ftp.sra.ebi.ac.uk/vol1/fastq/SRR292/005/SRR2926735/SRR2926735.fastq.gz	-	control_none.beads_col_v3a	TAIR10.fa.gz
Trihelix_tnt.AT2G33550_colamp_a	Arabidopsis_thaliana	https://ftp.sra.ebi.ac.uk/vol1/fastq/SRR292/004/SRR2926734/SRR2926734.fastq.gz	-	control_tnt-pixhalo_colamp_v3a	TAIR10.fa.gz
Trihelix_tnt.AT3G10030_col_a	Arabidopsis_thaliana	https://ftp.sra.ebi.ac.uk/vol1/fastq/SRR292/007/SRR2926737/SRR2926737.fastq.gz	-	control_none.beads_col_v3a	TAIR10.fa.gz
Trihelix_tnt.AT3G10030_colamp_a	Arabidopsis_thaliana	https://ftp.sra.ebi.ac.uk/vol1/fastq/SRR292/006/SRR2926736/SRR2926736.fastq.gz	-	control_tnt-pixhalo_colamp_v3a	TAIR10.fa.gz
Trihelix_tnt.AT3G25990_col_a	Arabidopsis_thaliana	https://ftp.sra.ebi.ac.uk/vol1/fastq/SRR292/009/SRR2926739/SRR2926739.fastq.gz	-	control_none.beads_col_v3a	TAIR10.fa.gz
Trihelix_tnt.AT3G25990_colamp_a	Arabidopsis_thaliana	https://ftp.sra.ebi.ac.uk/vol1/fastq/SRR292/008/SRR2926738/SRR2926738.fastq.gz	-	control_tnt-pixhalo_colamp_v3a	TAIR10.fa.gz
Trihelix_tnt.AT3G58630_col_a	Arabidopsis_thaliana	https://ftp.sra.ebi.ac.uk/vol1/fastq/SRR292/001/SRR2926741/SRR2926741.fastq.gz	-	control_none.beads_col_v3a	TAIR10.fa.gz
Trihelix_tnt.AT3G58630_colamp_a	Arabidopsis_thaliana	https://ftp.sra.ebi.ac.uk/vol1/fastq/SRR292/000/SRR2926740/SRR2926740.fastq.gz	-	control_tnt-pixhalo_colamp_v3a	TAIR10.fa.gz
Trihelix_tnt.AT5G05550_col_a	Arabidopsis_thaliana	https://ftp.sra.ebi.ac.uk/vol1/fastq/SRR292/003/SRR2926743/SRR2926743.fastq.gz	-	control_none.beads_col_v3a	TAIR10.fa.gz
Trihelix_tnt.AT5G05550_colamp_a	Arabidopsis_thaliana	https://ftp.sra.ebi.ac.uk/vol1/fastq/SRR292/002/SRR2926742/SRR2926742.fastq.gz	-	control_tnt-pixhalo_colamp_v3a	TAIR10.fa.gz
Trihelix_tnt.AT5G47660_col_a	Arabidopsis_thaliana	https://ftp.sra.ebi.ac.uk/vol1/fastq/SRR292/005/SRR2926745/SRR2926745.fastq.gz	-	control_none.beads_col_v3a	TAIR10.fa.gz
Trihelix_tnt.AT5G47660_colamp_a	Arabidopsis_thaliana	https://ftp.sra.ebi.ac.uk/vol1/fastq/SRR292/004/SRR2926744/SRR2926744.fastq.gz	-	control_tnt-pixhalo_colamp_v3a	TAIR10.fa.gz
Trihelix_tnt.At3g14180_col100_a	Arabidopsis_thaliana	https://ftp.sra.ebi.ac.uk/vol1/fastq/SRR292/008/SRR2926968/SRR2926968.fastq.gz	-	control_none.beads_col_v3a	TAIR10.fa.gz
Trihelix_tnt.At3g14180_col_b	Arabidopsis_thaliana	https://ftp.sra.ebi.ac.uk/vol1/fastq/SRR292/009/SRR2926969/SRR2926969_1.fastq.gz	-	control_none.beads_col_v3a	TAIR10.fa.gz
Trihelix_tnt.GT1_col_a	Arabidopsis_thaliana	https://ftp.sra.ebi.ac.uk/vol1/fastq/SRR292/006/SRR2926746/SRR2926746.fastq.gz	-	control_none.beads_col_v3a	TAIR10.fa.gz
Trihelix_tnt.GT2_col_a	Arabidopsis_thaliana	https://ftp.sra.ebi.ac.uk/vol1/fastq/SRR292/008/SRR2926748/SRR2926748.fastq.gz	-	control_none.beads_col_v3a	TAIR10.fa.gz
Trihelix_tnt.GT2_colamp_a	Arabidopsis_thaliana	https://ftp.sra.ebi.ac.uk/vol1/fastq/SRR292/007/SRR2926747/SRR2926747.fastq.gz	-	control_tnt-pixhalo_colamp_v3a	TAIR10.fa.gz
Trihelix_tnt.GT3a_col_a	Arabidopsis_thaliana	https://ftp.sra.ebi.ac.uk/vol1/fastq/SRR292/009/SRR2926749/SRR2926749.fastq.gz	-	control_none.beads_col_v3a	TAIR10.fa.gz
Trihelix_tnt.GTL1_col_a	Arabidopsis_thaliana	https://ftp.sra.ebi.ac.uk/vol1/fastq/SRR292/001/SRR2926751/SRR2926751.fastq.gz	-	control_none.beads_col_v3a	TAIR10.fa.gz
Trihelix_tnt.GTL1_colamp_a	Arabidopsis_thaliana	https://ftp.sra.ebi.ac.uk/vol1/fastq/SRR292/000/SRR2926750/SRR2926750.fastq.gz	-	control_tnt-pixhalo_colamp_v3a	TAIR10.fa.gz
WRKY_tnt.WRKY11_col_a	Arabidopsis_thaliana	https://ftp.sra.ebi.ac.uk/vol1/fastq/SRR292/002/SRR2926752/SRR2926752.fastq.gz	-	control_none.beads_col_v3a	TAIR10.fa.gz
WRKY_tnt.WRKY14_col_a	Arabidopsis_thaliana	https://ftp.sra.ebi.ac.uk/vol1/fastq/SRR292/004/SRR2926754/SRR2926754.fastq.gz	-	control_none.beads_col_v3a	TAIR10.fa.gz
WRKY_tnt.WRKY14_colamp_a	Arabidopsis_thaliana	https://ftp.sra.ebi.ac.uk/vol1/fastq/SRR292/003/SRR2926753/SRR2926753.fastq.gz	-	control_tnt-pixhalo_colamp_v3a	TAIR10.fa.gz
WRKY_tnt.WRKY15_col_b	Arabidopsis_thaliana	https://ftp.sra.ebi.ac.uk/vol1/fastq/SRR292/006/SRR2926756/SRR2926756_1.fastq.gz	-	control_none.beads_col_v3a	TAIR10.fa.gz
WRKY_tnt.WRKY15_colamp_a	Arabidopsis_thaliana	https://ftp.sra.ebi.ac.uk/vol1/fastq/SRR292/005/SRR2926755/SRR2926755.fastq.gz	-	control_tnt-pixhalo_colamp_v3a	TAIR10.fa.gz
WRKY_tnt.WRKY17_col_a	Arabidopsis_thaliana	https://ftp.sra.ebi.ac.uk/vol1/fastq/SRR292/008/SRR2926758/SRR2926758.fastq.gz	-	control_none.beads_col_v3a	TAIR10.fa.gz
WRKY_tnt.WRKY17_colamp_a	Arabidopsis_thaliana	https://ftp.sra.ebi.ac.uk/vol1/fastq/SRR292/007/SRR2926757/SRR2926757.fastq.gz	-	control_tnt-pixhalo_colamp_v3a	TAIR10.fa.gz
WRKY_tnt.WRKY18_col_a	Arabidopsis_thaliana	https://ftp.sra.ebi.ac.uk/vol1/fastq/SRR292/000/SRR2926760/SRR2926760.fastq.gz	-	control_none.beads_col_v3a	TAIR10.fa.gz
WRKY_tnt.WRKY18_colamp_a	Arabidopsis_thaliana	https://ftp.sra.ebi.ac.uk/vol1/fastq/SRR292/009/SRR2926759/SRR2926759.fastq.gz	-	control_tnt-pixhalo_colamp_v3a	TAIR10.fa.gz
WRKY_tnt.WRKY20_col_a	Arabidopsis_thaliana	https://ftp.sra.ebi.ac.uk/vol1/fastq/SRR292/001/SRR2926761/SRR2926761.fastq.gz	-	control_none.beads_col_v3a	TAIR10.fa.gz
WRKY_tnt.WRKY21_col_a	Arabidopsis_thaliana	https://ftp.sra.ebi.ac.uk/vol1/fastq/SRR292/000/SRR2926970/SRR2926970.fastq.gz	-	control_none.beads_col_v3a	TAIR10.fa.gz
WRKY_tnt.WRKY21_col_b	Arabidopsis_thaliana	https://ftp.sra.ebi.ac.uk/vol1/fastq/SRR292/001/SRR2926971/SRR2926971.fastq.gz	-	control_none.beads_col_v3a	TAIR10.fa.gz
WRKY_tnt.WRKY21_colamp_a	Arabidopsis_thaliana	https://ftp.sra.ebi.ac.uk/vol1/fastq/SRR292/002/SRR2926762/SRR2926762.fastq.gz	-	control_tnt-pixhalo_colamp_v3a	TAIR10.fa.gz
WRKY_tnt.WRKY22_col100_a	Arabidopsis_thaliana	https://ftp.sra.ebi.ac.uk/vol1/fastq/SRR292/002/SRR2926972/SRR2926972.fastq.gz	-	control_none.beads_col_v3a	TAIR10.fa.gz
WRKY_tnt.WRKY22_col_b	Arabidopsis_thaliana	https://ftp.sra.ebi.ac.uk/vol1/fastq/SRR292/003/SRR2926973/SRR2926973_1.fastq.gz	-	control_none.beads_col_v3a	TAIR10.fa.gz
WRKY_tnt.WRKY22_colamp_a	Arabidopsis_thaliana	https://ftp.sra.ebi.ac.uk/vol1/fastq/SRR292/003/SRR2926763/SRR2926763.fastq.gz	-	control_tnt-pixhalo_colamp_v3a	TAIR10.fa.gz
WRKY_tnt.WRKY24_col_a	Arabidopsis_thaliana	https://ftp.sra.ebi.ac.uk/vol1/fastq/SRR292/005/SRR2926765/SRR2926765.fastq.gz	-	control_none.beads_col_v3a	TAIR10.fa.gz
WRKY_tnt.WRKY24_colamp_a	Arabidopsis_thaliana	https://ftp.sra.ebi.ac.uk/vol1/fastq/SRR292/004/SRR2926764/SRR2926764.fastq.gz	-	control_tnt-pixhalo_colamp_v3a	TAIR10.fa.gz
WRKY_tnt.WRKY25_col_a	Arabidopsis_thaliana	https://ftp.sra.ebi.ac.uk/vol1/fastq/SRR292/007/SRR2926767/SRR2926767.fastq.gz	-	control_none.beads_col_v3a	TAIR10.fa.gz
WRKY_tnt.WRKY25_colamp_a	Arabidopsis_thaliana	https://ftp.sra.ebi.ac.uk/vol1/fastq/SRR292/006/SRR2926766/SRR2926766.fastq.gz	-	control_tnt-pixhalo_colamp_v3a	TAIR10.fa.gz
WRKY_tnt.WRKY26_col_a	Arabidopsis_thaliana	https://ftp.sra.ebi.ac.uk/vol1/fastq/SRR292/009/SRR2926769/SRR2926769.fastq.gz	-	control_none.beads_col_v3a	TAIR10.fa.gz
WRKY_tnt.WRKY26_colamp_a	Arabidopsis_thaliana	https://ftp.sra.ebi.ac.uk/vol1/fastq/SRR292/008/SRR2926768/SRR2926768.fastq.gz	-	control_tnt-pixhalo_colamp_v3a	TAIR10.fa.gz
WRKY_tnt.WRKY27_col_a	Arabidopsis_thaliana	https://ftp.sra.ebi.ac.uk/vol1/fastq/SRR292/001/SRR2926771/SRR2926771.fastq.gz	-	control_none.beads_col_v3a	TAIR10.fa.gz
WRKY_tnt.WRKY27_colamp_a	Arabidopsis_thaliana	https://ftp.sra.ebi.ac.uk/vol1/fastq/SRR292/000/SRR2926770/SRR2926770.fastq.gz	-	control_tnt-pixhalo_colamp_v3a	TAIR10.fa.gz
WRKY_tnt.WRKY28_col_a	Arabidopsis_thaliana	https://ftp.sra.ebi.ac.uk/vol1/fastq/SRR292/003/SRR2926773/SRR2926773.fastq.gz	-	control_none.beads_col_v3a	TAIR10.fa.gz
WRKY_tnt.WRKY28_colamp_a	Arabidopsis_thaliana	https://ftp.sra.ebi.ac.uk/vol1/fastq/SRR292/002/SRR2926772/SRR2926772.fastq.gz	-	control_tnt-pixhalo_colamp_v3a	TAIR10.fa.gz
WRKY_tnt.WRKY29_col_a	Arabidopsis_thaliana	https://ftp.sra.ebi.ac.uk/vol1/fastq/SRR292/005/SRR2926775/SRR2926775.fastq.gz	-	control_none.beads_col_v3a	TAIR10.fa.gz
WRKY_tnt.WRKY29_colamp_a	Arabidopsis_thaliana	https://ftp.sra.ebi.ac.uk/vol1/fastq/SRR292/004/SRR2926774/SRR2926774.fastq.gz	-	control_tnt-pixhalo_colamp_v3a	TAIR10.fa.gz
WRKY_tnt.WRKY30_col_a	Arabidopsis_thaliana	https://ftp.sra.ebi.ac.uk/vol1/fastq/SRR292/008/SRR2926778/SRR2926778.fastq.gz	-	control_none.beads_col_v3a	TAIR10.fa.gz
WRKY_tnt.WRKY30_colamp_a	Arabidopsis_thaliana	https://ftp.sra.ebi.ac.uk/vol1/fastq/SRR292/007/SRR2926777/SRR2926777.fastq.gz	-	control_tnt-pixhalo_colamp_v3a	TAIR10.fa.gz
WRKY_tnt.WRKY31_col_a	Arabidopsis_thaliana	https://ftp.sra.ebi.ac.uk/vol1/fastq/SRR292/000/SRR2926780/SRR2926780.fastq.gz	-	control_none.beads_col_v3a	TAIR10.fa.gz
WRKY_tnt.WRKY31_colamp_a	Arabidopsis_thaliana	https://ftp.sra.ebi.ac.uk/vol1/fastq/SRR292/009/SRR2926779/SRR2926779.fastq.gz	-	control_tnt-pixhalo_colamp_v3a	TAIR10.fa.gz
WRKY_tnt.WRKY33_col_a	Arabidopsis_thaliana	https://ftp.sra.ebi.ac.uk/vol1/fastq/SRR292/001/SRR2926781/SRR2926781.fastq.gz	-	control_none.beads_col_v3a	TAIR10.fa.gz
WRKY_tnt.WRKY3_col_a	Arabidopsis_thaliana	https://ftp.sra.ebi.ac.uk/vol1/fastq/SRR292/006/SRR2926776/SRR2926776.fastq.gz	-	control_none.beads_col_v3a	TAIR10.fa.gz
WRKY_tnt.WRKY40_col_a	Arabidopsis_thaliana	https://ftp.sra.ebi.ac.uk/vol1/fastq/SRR292/004/SRR2926974/SRR2926974.fastq.gz	-	control_none.beads_col_v3a	TAIR10.fa.gz
WRKY_tnt.WRKY40_col_v31	Arabidopsis_thaliana	https://ftp.sra.ebi.ac.uk/vol1/fastq/SRR292/005/SRR2926975/SRR2926975.fastq.gz	-	control_none.beads_col_v3a	TAIR10.fa.gz
WRKY_tnt.WRKY40_colamp_a	Arabidopsis_thaliana	https://ftp.sra.ebi.ac.uk/vol1/fastq/SRR292/002/SRR2926782/SRR2926782.fastq.gz	-	control_tnt-pixhalo_colamp_v3a	TAIR10.fa.gz
WRKY_tnt.WRKY42_col_a	Arabidopsis_thaliana	https://ftp.sra.ebi.ac.uk/vol1/fastq/SRR292/004/SRR2926784/SRR2926784.fastq.gz	-	control_none.beads_col_v3a	TAIR10.fa.gz
WRKY_tnt.WRKY42_colamp_a	Arabidopsis_thaliana	https://ftp.sra.ebi.ac.uk/vol1/fastq/SRR292/003/SRR2926783/SRR2926783.fastq.gz	-	control_tnt-pixhalo_colamp_v3a	TAIR10.fa.gz
WRKY_tnt.WRKY43_col_a	Arabidopsis_thaliana	https://ftp.sra.ebi.ac.uk/vol1/fastq/SRR292/006/SRR2926786/SRR2926786.fastq.gz	-	control_none.beads_col_v3a	TAIR10.fa.gz
WRKY_tnt.WRKY43_colamp_a	Arabidopsis_thaliana	https://ftp.sra.ebi.ac.uk/vol1/fastq/SRR292/005/SRR2926785/SRR2926785.fastq.gz	-	control_tnt-pixhalo_colamp_v3a	TAIR10.fa.gz
WRKY_tnt.WRKY45_col_a	Arabidopsis_thaliana	https://ftp.sra.ebi.ac.uk/vol1/fastq/SRR292/008/SRR2926788/SRR2926788.fastq.gz	-	control_none.beads_col_v3a	TAIR10.fa.gz
WRKY_tnt.WRKY45_colamp_a	Arabidopsis_thaliana	https://ftp.sra.ebi.ac.uk/vol1/fastq/SRR292/007/SRR2926787/SRR2926787.fastq.gz	-	control_tnt-pixhalo_colamp_v3a	TAIR10.fa.gz
WRKY_tnt.WRKY46_col_a	Arabidopsis_thaliana	https://ftp.sra.ebi.ac.uk/vol1/fastq/SRR292/000/SRR2926790/SRR2926790.fastq.gz	-	control_none.beads_col_v3a	TAIR10.fa.gz
WRKY_tnt.WRKY46_colamp_a	Arabidopsis_thaliana	https://ftp.sra.ebi.ac.uk/vol1/fastq/SRR292/009/SRR2926789/SRR2926789.fastq.gz	-	control_tnt-pixhalo_colamp_v3a	TAIR10.fa.gz
WRKY_tnt.WRKY47_col_a	Arabidopsis_thaliana	https://ftp.sra.ebi.ac.uk/vol1/fastq/SRR292/002/SRR2926792/SRR2926792.fastq.gz	-	control_none.beads_col_v3a	TAIR10.fa.gz
WRKY_tnt.WRKY47_colamp_a	Arabidopsis_thaliana	https://ftp.sra.ebi.ac.uk/vol1/fastq/SRR292/001/SRR2926791/SRR2926791.fastq.gz	-	control_tnt-pixhalo_colamp_v3a	TAIR10.fa.gz
WRKY_tnt.WRKY50_col_a	Arabidopsis_thaliana	https://ftp.sra.ebi.ac.uk/vol1/fastq/SRR292/004/SRR2926794/SRR2926794.fastq.gz	-	control_none.beads_col_v3a	TAIR10.fa.gz
WRKY_tnt.WRKY50_colamp_a	Arabidopsis_thaliana	https://ftp.sra.ebi.ac.uk/vol1/fastq/SRR292/003/SRR2926793/SRR2926793.fastq.gz	-	control_tnt-pixhalo_colamp_v3a	TAIR10.fa.gz
WRKY_tnt.WRKY55_col_a	Arabidopsis_thaliana	https://ftp.sra.ebi.ac.uk/vol1/fastq/SRR292/005/SRR2926795/SRR2926795.fastq.gz	-	control_none.beads_col_v3a	TAIR10.fa.gz
WRKY_tnt.WRKY59_col_a	Arabidopsis_thaliana	https://ftp.sra.ebi.ac.uk/vol1/fastq/SRR292/006/SRR2926796/SRR2926796.fastq.gz	-	control_none.beads_col_v3a	TAIR10.fa.gz
WRKY_tnt.WRKY65_col_a	Arabidopsis_thaliana	https://ftp.sra.ebi.ac.uk/vol1/fastq/SRR292/000/SRR2926800/SRR2926800.fastq.gz	-	control_none.beads_col_v3a	TAIR10.fa.gz
WRKY_tnt.WRKY65_colamp_a	Arabidopsis_thaliana	https://ftp.sra.ebi.ac.uk/vol1/fastq/SRR292/009/SRR2926799/SRR2926799.fastq.gz	-	control_tnt-pixhalo_colamp_v3a	TAIR10.fa.gz
WRKY_tnt.WRKY6_col_a	Arabidopsis_thaliana	https://ftp.sra.ebi.ac.uk/vol1/fastq/SRR292/008/SRR2926798/SRR2926798.fastq.gz	-	control_none.beads_col_v3a	TAIR10.fa.gz
WRKY_tnt.WRKY6_colamp_a	Arabidopsis_thaliana	https://ftp.sra.ebi.ac.uk/vol1/fastq/SRR292/007/SRR2926797/SRR2926797.fastq.gz	-	control_tnt-pixhalo_colamp_v3a	TAIR10.fa.gz
WRKY_tnt.WRKY70_col200_a	Arabidopsis_thaliana	https://ftp.sra.ebi.ac.uk/vol1/fastq/SRR292/008/SRR2926978/SRR2926978.fastq.gz	-	control_none.beads_col_v3a	TAIR10.fa.gz
WRKY_tnt.WRKY70_col_b	Arabidopsis_thaliana	https://ftp.sra.ebi.ac.uk/vol1/fastq/SRR292/009/SRR2926979/SRR2926979.fastq.gz	-	control_none.beads_col_v3a	TAIR10.fa.gz
WRKY_tnt.WRKY71_col_a	Arabidopsis_thaliana	https://ftp.sra.ebi.ac.uk/vol1/fastq/SRR292/002/SRR2926802/SRR2926802.fastq.gz	-	control_none.beads_col_v3a	TAIR10.fa.gz
WRKY_tnt.WRKY75_col_a	Arabidopsis_thaliana	https://ftp.sra.ebi.ac.uk/vol1/fastq/SRR292/004/SRR2926804/SRR2926804.fastq.gz	-	control_none.beads_col_v3a	TAIR10.fa.gz
WRKY_tnt.WRKY75_colamp_a	Arabidopsis_thaliana	https://ftp.sra.ebi.ac.uk/vol1/fastq/SRR292/003/SRR2926803/SRR2926803.fastq.gz	-	control_tnt-pixhalo_colamp_v3a	TAIR10.fa.gz
WRKY_tnt.WRKY7_col100_a	Arabidopsis_thaliana	https://ftp.sra.ebi.ac.uk/vol1/fastq/SRR292/006/SRR2926976/SRR2926976.fastq.gz	-	control_none.beads_col_v3a	TAIR10.fa.gz
WRKY_tnt.WRKY7_col_b	Arabidopsis_thaliana	https://ftp.sra.ebi.ac.uk/vol1/fastq/SRR292/007/SRR2926977/SRR2926977_1.fastq.gz	-	control_none.beads_col_v3a	TAIR10.fa.gz
WRKY_tnt.WRKY7_colamp_a	Arabidopsis_thaliana	https://ftp.sra.ebi.ac.uk/vol1/fastq/SRR292/001/SRR2926801/SRR2926801.fastq.gz	-	control_tnt-pixhalo_colamp_v3a	TAIR10.fa.gz
WRKY_tnt.WRKY8_col100_a	Arabidopsis_thaliana	https://ftp.sra.ebi.ac.uk/vol1/fastq/SRR292/000/SRR2926980/SRR2926980.fastq.gz	-	control_none.beads_col_v3a	TAIR10.fa.gz
WRKY_tnt.WRKY8_col_b	Arabidopsis_thaliana	https://ftp.sra.ebi.ac.uk/vol1/fastq/SRR292/001/SRR2926981/SRR2926981_1.fastq.gz	-	control_none.beads_col_v3a	TAIR10.fa.gz
WRKY_tnt.WRKY8_colamp_a	Arabidopsis_thaliana	https://ftp.sra.ebi.ac.uk/vol1/fastq/SRR292/005/SRR2926805/SRR2926805.fastq.gz	-	control_tnt-pixhalo_colamp_v3a	TAIR10.fa.gz
ZFHD_tnt.ATHB23_col_b	Arabidopsis_thaliana	https://ftp.sra.ebi.ac.uk/vol1/fastq/SRR292/007/SRR2926807/SRR2926807_1.fastq.gz	-	control_none.beads_col_v3a	TAIR10.fa.gz
ZFHD_tnt.ATHB23_colamp_a	Arabidopsis_thaliana	https://ftp.sra.ebi.ac.uk/vol1/fastq/SRR292/006/SRR2926806/SRR2926806.fastq.gz	-	control_tnt-pixhalo_colamp_v3a	TAIR10.fa.gz
ZFHD_tnt.ATHB24_col_a	Arabidopsis_thaliana	https://ftp.sra.ebi.ac.uk/vol1/fastq/SRR292/009/SRR2926809/SRR2926809.fastq.gz	-	control_none.beads_col_v3a	TAIR10.fa.gz
ZFHD_tnt.ATHB24_colamp_a	Arabidopsis_thaliana	https://ftp.sra.ebi.ac.uk/vol1/fastq/SRR292/008/SRR2926808/SRR2926808.fastq.gz	-	control_tnt-pixhalo_colamp_v3a	TAIR10.fa.gz
ZFHD_tnt.ATHB25_col_a	Arabidopsis_thaliana	https://ftp.sra.ebi.ac.uk/vol1/fastq/SRR292/001/SRR2926811/SRR2926811.fastq.gz	-	control_none.beads_col_v3a	TAIR10.fa.gz
ZFHD_tnt.ATHB25_colamp_a	Arabidopsis_thaliana	https://ftp.sra.ebi.ac.uk/vol1/fastq/SRR292/000/SRR2926810/SRR2926810.fastq.gz	-	control_tnt-pixhalo_colamp_v3a	TAIR10.fa.gz
ZFHD_tnt.ATHB33_col_a	Arabidopsis_thaliana	https://ftp.sra.ebi.ac.uk/vol1/fastq/SRR292/003/SRR2926813/SRR2926813.fastq.gz	-	control_none.beads_col_v3a	TAIR10.fa.gz
ZFHD_tnt.ATHB33_colamp_a	Arabidopsis_thaliana	https://ftp.sra.ebi.ac.uk/vol1/fastq/SRR292/002/SRR2926812/SRR2926812.fastq.gz	-	control_tnt-pixhalo_colamp_v3a	TAIR10.fa.gz
ZFHD_tnt.ATHB34_col_a	Arabidopsis_thaliana	https://ftp.sra.ebi.ac.uk/vol1/fastq/SRR292/005/SRR2926815/SRR2926815.fastq.gz	-	control_none.beads_col_v3a	TAIR10.fa.gz
ZFHD_tnt.ATHB34_colamp_a	Arabidopsis_thaliana	https://ftp.sra.ebi.ac.uk/vol1/fastq/SRR292/004/SRR2926814/SRR2926814.fastq.gz	-	control_tnt-pixhalo_colamp_v3a	TAIR10.fa.gz
ZFHD_tnt.AtHB32_col200_a	Arabidopsis_thaliana	https://ftp.sra.ebi.ac.uk/vol1/fastq/SRR292/006/SRR2926816/SRR2926816.fastq.gz	-	control_none.beads_col_v3a	TAIR10.fa.gz
bHLH_tnt.BIM1_col_a	Arabidopsis_thaliana	https://ftp.sra.ebi.ac.uk/vol1/fastq/SRR292/008/SRR2926818/SRR2926818.fastq.gz	-	control_none.beads_col_v3a	TAIR10.fa.gz
bHLH_tnt.BIM1_colamp_a	Arabidopsis_thaliana	https://ftp.sra.ebi.ac.uk/vol1/fastq/SRR292/007/SRR2926817/SRR2926817.fastq.gz	-	control_tnt-pixhalo_colamp_v3a	TAIR10.fa.gz
bHLH_tnt.BIM2_col_v3b	Arabidopsis_thaliana	https://ftp.sra.ebi.ac.uk/vol1/fastq/SRR292/009/SRR2926819/SRR2926819_1.fastq.gz	-	control_none.beads_col_v3a	TAIR10.fa.gz
bHLH_tnt.BIM2_colamp_v3a	Arabidopsis_thaliana	https://ftp.sra.ebi.ac.uk/vol1/fastq/SRR292/002/SRR2926982/SRR2926982_1.fastq.gz	-	control_tnt-pixhalo_colamp_v3a	TAIR10.fa.gz
bHLH_tnt.BIM2_colamp_v3b	Arabidopsis_thaliana	https://ftp.sra.ebi.ac.uk/vol1/fastq/SRR292/003/SRR2926983/SRR2926983_1.fastq.gz	-	control_tnt-pixhalo_colamp_v3a	TAIR10.fa.gz
bHLH_tnt.BIM3_col_a	Arabidopsis_thaliana	https://ftp.sra.ebi.ac.uk/vol1/fastq/SRR292/000/SRR2926820/SRR2926820.fastq.gz	-	control_none.beads_col_v3a	TAIR10.fa.gz
bHLH_tnt.PIF7_col_a	Arabidopsis_thaliana	https://ftp.sra.ebi.ac.uk/vol1/fastq/SRR292/001/SRR2926821/SRR2926821.fastq.gz	-	control_none.beads_col_v3a	TAIR10.fa.gz
bHLH_tnt.bHLH104_col_b	Arabidopsis_thaliana	https://ftp.sra.ebi.ac.uk/vol1/fastq/SRR292/004/SRR2926824/SRR2926824.fastq.gz	-	control_none.beads_col_v3a	TAIR10.fa.gz
bHLH_tnt.bHLH10_col_a	Arabidopsis_thaliana	https://ftp.sra.ebi.ac.uk/vol1/fastq/SRR292/003/SRR2926823/SRR2926823.fastq.gz	-	control_none.beads_col_v3a	TAIR10.fa.gz
bHLH_tnt.bHLH10_colamp_a	Arabidopsis_thaliana	https://ftp.sra.ebi.ac.uk/vol1/fastq/SRR292/002/SRR2926822/SRR2926822.fastq.gz	-	control_tnt-pixhalo_colamp_v3a	TAIR10.fa.gz
bHLH_tnt.bHLH122_col100_a	Arabidopsis_thaliana	https://ftp.sra.ebi.ac.uk/vol1/fastq/SRR292/005/SRR2926825/SRR2926825.fastq.gz	-	control_none.beads_col_v3a	TAIR10.fa.gz
bHLH_tnt.bHLH122_colamp_a	Arabidopsis_thaliana	https://ftp.sra.ebi.ac.uk/vol1/fastq/SRR292/006/SRR2926826/SRR2926826.fastq.gz	-	control_tnt-pixhalo_colamp_v3a	TAIR10.fa.gz
bHLH_tnt.bHLH130_col_a	Arabidopsis_thaliana	https://ftp.sra.ebi.ac.uk/vol1/fastq/SRR292/007/SRR2926827/SRR2926827.fastq.gz	-	control_none.beads_col_v3a	TAIR10.fa.gz
bHLH_tnt.bHLH157_col_a	Arabidopsis_thaliana	https://ftp.sra.ebi.ac.uk/vol1/fastq/SRR292/008/SRR2926828/SRR2926828.fastq.gz	-	control_none.beads_col_v3a	TAIR10.fa.gz
bHLH_tnt.bHLH18_col_a	Arabidopsis_thaliana	https://ftp.sra.ebi.ac.uk/vol1/fastq/SRR292/009/SRR2926829/SRR2926829.fastq.gz	-	control_none.beads_col_v3a	TAIR10.fa.gz
bHLH_tnt.bHLH28_col_a	Arabidopsis_thaliana	https://ftp.sra.ebi.ac.uk/vol1/fastq/SRR292/000/SRR2926830/SRR2926830.fastq.gz	-	control_none.beads_col_v3a	TAIR10.fa.gz
bHLH_tnt.bHLH31_col200_a	Arabidopsis_thaliana	https://ftp.sra.ebi.ac.uk/vol1/fastq/SRR292/004/SRR2926984/SRR2926984.fastq.gz	-	control_none.beads_col_v3a	TAIR10.fa.gz
bHLH_tnt.bHLH31_col_b	Arabidopsis_thaliana	https://ftp.sra.ebi.ac.uk/vol1/fastq/SRR292/005/SRR2926985/SRR2926985.fastq.gz	-	control_none.beads_col_v3a	TAIR10.fa.gz
bHLH_tnt.bHLH34_col_a	Arabidopsis_thaliana	https://ftp.sra.ebi.ac.uk/vol1/fastq/SRR292/006/SRR2926986/SRR2926986.fastq.gz	-	control_none.beads_col_v3a	TAIR10.fa.gz
bHLH_tnt.bHLH34_col_b	Arabidopsis_thaliana	https://ftp.sra.ebi.ac.uk/vol1/fastq/SRR292/007/SRR2926987/SRR2926987.fastq.gz	-	control_none.beads_col_v3a	TAIR10.fa.gz
bHLH_tnt.bHLH34_colamp_a	Arabidopsis_thaliana	https://ftp.sra.ebi.ac.uk/vol1/fastq/SRR292/001/SRR2926831/SRR2926831.fastq.gz	-	control_tnt-pixhalo_colamp_v3a	TAIR10.fa.gz
bHLH_tnt.bHLH64_col_a	Arabidopsis_thaliana	https://ftp.sra.ebi.ac.uk/vol1/fastq/SRR292/002/SRR2926832/SRR2926832.fastq.gz	-	control_none.beads_col_v3a	TAIR10.fa.gz
bHLH_tnt.bHLH69_col_a	Arabidopsis_thaliana	https://ftp.sra.ebi.ac.uk/vol1/fastq/SRR292/003/SRR2926833/SRR2926833.fastq.gz	-	control_none.beads_col_v3a	TAIR10.fa.gz
bHLH_tnt.bHLH74_col_a	Arabidopsis_thaliana	https://ftp.sra.ebi.ac.uk/vol1/fastq/SRR292/005/SRR2926835/SRR2926835.fastq.gz	-	control_none.beads_col_v3a	TAIR10.fa.gz
bHLH_tnt.bHLH74_colamp_a	Arabidopsis_thaliana	https://ftp.sra.ebi.ac.uk/vol1/fastq/SRR292/004/SRR2926834/SRR2926834.fastq.gz	-	control_tnt-pixhalo_colamp_v3a	TAIR10.fa.gz
bHLH_tnt.bHLH77_col_a	Arabidopsis_thaliana	https://ftp.sra.ebi.ac.uk/vol1/fastq/SRR292/006/SRR2926836/SRR2926836.fastq.gz	-	control_none.beads_col_v3a	TAIR10.fa.gz
bHLH_tnt.bHLH80_col_a	Arabidopsis_thaliana	https://ftp.sra.ebi.ac.uk/vol1/fastq/SRR292/008/SRR2926838/SRR2926838.fastq.gz	-	control_none.beads_col_v3a	TAIR10.fa.gz
bHLH_tnt.bHLH80_colamp_a	Arabidopsis_thaliana	https://ftp.sra.ebi.ac.uk/vol1/fastq/SRR292/007/SRR2926837/SRR2926837.fastq.gz	-	control_tnt-pixhalo_colamp_v3a	TAIR10.fa.gz
bZIP_tnt.ABF2_col_v3a	Arabidopsis_thaliana	https://ftp.sra.ebi.ac.uk/vol1/fastq/SRR292/009/SRR2926839/SRR2926839.fastq.gz	-	control_none.beads_col_v3a	TAIR10.fa.gz
bZIP_tnt.ABI5_col_v3h	Arabidopsis_thaliana	https://ftp.sra.ebi.ac.uk/vol1/fastq/SRR292/001/SRR2926841/SRR2926841.fastq.gz	-	control_none.beads_col_v3a	TAIR10.fa.gz
bZIP_tnt.ABI5_colamp_v3b	Arabidopsis_thaliana	https://ftp.sra.ebi.ac.uk/vol1/fastq/SRR292/000/SRR2926840/SRR2926840.fastq.gz	-	control_tnt-pixhalo_colamp_v3a	TAIR10.fa.gz
bZIP_tnt.AREB3_col_v31	Arabidopsis_thaliana	https://ftp.sra.ebi.ac.uk/vol1/fastq/SRR292/003/SRR2926843/SRR2926843.fastq.gz	-	control_none.beads_col_v3a	TAIR10.fa.gz
bZIP_tnt.AREB3_colamp_a	Arabidopsis_thaliana	https://ftp.sra.ebi.ac.uk/vol1/fastq/SRR292/002/SRR2926842/SRR2926842.fastq.gz	-	control_tnt-pixhalo_colamp_v3a	TAIR10.fa.gz
bZIP_tnt.GBF3_col_v3a	Arabidopsis_thaliana	https://ftp.sra.ebi.ac.uk/vol1/fastq/SRR292/008/SRR2926988/SRR2926988.fastq.gz	-	control_none.beads_col_v3a	TAIR10.fa.gz
bZIP_tnt.GBF3_col_v3b	Arabidopsis_thaliana	https://ftp.sra.ebi.ac.uk/vol1/fastq/SRR292/009/SRR2926989/SRR2926989.fastq.gz	-	control_none.beads_col_v3a	TAIR10.fa.gz
bZIP_tnt.GBF3_colamp_v3d	Arabidopsis_thaliana	https://ftp.sra.ebi.ac.uk/vol1/fastq/SRR292/000/SRR2926990/SRR2926990_1.fastq.gz	-	control_tnt-pixhalo_colamp_v3a	TAIR10.fa.gz
bZIP_tnt.GBF3_colamp_v3e	Arabidopsis_thaliana	https://ftp.sra.ebi.ac.uk/vol1/fastq/SRR292/001/SRR2926991/SRR2926991_1.fastq.gz	-	control_tnt-pixhalo_colamp_v3a	TAIR10.fa.gz
bZIP_tnt.GBF5_col_v3a	Arabidopsis_thaliana	https://ftp.sra.ebi.ac.uk/vol1/fastq/SRR292/005/SRR2926845/SRR2926845.fastq.gz	-	control_none.beads_col_v3a	TAIR10.fa.gz
bZIP_tnt.GBF5_colamp_a	Arabidopsis_thaliana	https://ftp.sra.ebi.ac.uk/vol1/fastq/SRR292/004/SRR2926844/SRR2926844.fastq.gz	-	control_tnt-pixhalo_colamp_v3a	TAIR10.fa.gz
bZIP_tnt.GBF6_col_v3a	Arabidopsis_thaliana	https://ftp.sra.ebi.ac.uk/vol1/fastq/SRR292/002/SRR2926992/SRR2926992.fastq.gz	-	control_none.beads_col_v3a	TAIR10.fa.gz
bZIP_tnt.GBF6_col_v3b	Arabidopsis_thaliana	https://ftp.sra.ebi.ac.uk/vol1/fastq/SRR292/003/SRR2926993/SRR2926993.fastq.gz	-	control_none.beads_col_v3a	TAIR10.fa.gz
bZIP_tnt.GBF6_colamp_a	Arabidopsis_thaliana	https://ftp.sra.ebi.ac.uk/vol1/fastq/SRR292/006/SRR2926846/SRR2926846.fastq.gz	-	control_tnt-pixhalo_colamp_v3a	TAIR10.fa.gz
bZIP_tnt.HY5_colamp_v3a	Arabidopsis_thaliana	https://ftp.sra.ebi.ac.uk/vol1/fastq/SRR292/007/SRR2926847/SRR2926847_1.fastq.gz	-	control_tnt-pixhalo_colamp_v3a	TAIR10.fa.gz
bZIP_tnt.TGA10_col_a	Arabidopsis_thaliana	https://ftp.sra.ebi.ac.uk/vol1/fastq/SRR292/000/SRR2926850/SRR2926850.fastq.gz	-	control_none.beads_col_v3a	TAIR10.fa.gz
bZIP_tnt.TGA10_colamp_a	Arabidopsis_thaliana	https://ftp.sra.ebi.ac.uk/vol1/fastq/SRR292/009/SRR2926849/SRR2926849.fastq.gz	-	control_tnt-pixhalo_colamp_v3a	TAIR10.fa.gz
bZIP_tnt.TGA1_col_v3a	Arabidopsis_thaliana	https://ftp.sra.ebi.ac.uk/vol1/fastq/SRR292/004/SRR2926994/SRR2926994.fastq.gz	-	control_none.beads_col_v3a	TAIR10.fa.gz
bZIP_tnt.TGA1_col_v3b	Arabidopsis_thaliana	https://ftp.sra.ebi.ac.uk/vol1/fastq/SRR292/005/SRR2926995/SRR2926995.fastq.gz	-	control_none.beads_col_v3a	TAIR10.fa.gz
bZIP_tnt.TGA1_colamp_a	Arabidopsis_thaliana	https://ftp.sra.ebi.ac.uk/vol1/fastq/SRR292/008/SRR2926848/SRR2926848.fastq.gz	-	control_tnt-pixhalo_colamp_v3a	TAIR10.fa.gz
bZIP_tnt.TGA2_col_v3a	Arabidopsis_thaliana	https://ftp.sra.ebi.ac.uk/vol1/fastq/SRR292/006/SRR2926996/SRR2926996.fastq.gz	-	control_none.beads_col_v3a	TAIR10.fa.gz
bZIP_tnt.TGA2_col_v3b	Arabidopsis_thaliana	https://ftp.sra.ebi.ac.uk/vol1/fastq/SRR292/007/SRR2926997/SRR2926997.fastq.gz	-	control_none.beads_col_v3a	TAIR10.fa.gz
bZIP_tnt.TGA2_colamp_v31	Arabidopsis_thaliana	https://ftp.sra.ebi.ac.uk/vol1/fastq/SRR292/001/SRR2926851/SRR2926851.fastq.gz	-	control_tnt-pixhalo_colamp_v3a	TAIR10.fa.gz
bZIP_tnt.TGA3_col_v3a	Arabidopsis_thaliana	https://ftp.sra.ebi.ac.uk/vol1/fastq/SRR292/008/SRR2926998/SRR2926998.fastq.gz	-	control_none.beads_col_v3a	TAIR10.fa.gz
bZIP_tnt.TGA3_col_v3b	Arabidopsis_thaliana	https://ftp.sra.ebi.ac.uk/vol1/fastq/SRR292/009/SRR2926999/SRR2926999.fastq.gz	-	control_none.beads_col_v3a	TAIR10.fa.gz
bZIP_tnt.TGA3_colamp_a	Arabidopsis_thaliana	https://ftp.sra.ebi.ac.uk/vol1/fastq/SRR292/002/SRR2926852/SRR2926852.fastq.gz	-	control_tnt-pixhalo_colamp_v3a	TAIR10.fa.gz
bZIP_tnt.TGA4_col_a	Arabidopsis_thaliana	https://ftp.sra.ebi.ac.uk/vol1/fastq/SRR292/004/SRR2926854/SRR2926854.fastq.gz	-	control_none.beads_col_v3a	TAIR10.fa.gz
bZIP_tnt.TGA4_colamp_a	Arabidopsis_thaliana	https://ftp.sra.ebi.ac.uk/vol1/fastq/SRR292/003/SRR2926853/SRR2926853.fastq.gz	-	control_tnt-pixhalo_colamp_v3a	TAIR10.fa.gz
bZIP_tnt.TGA5_col_v3a	Arabidopsis_thaliana	https://ftp.sra.ebi.ac.uk/vol1/fastq/SRR292/005/SRR2926855/SRR2926855_1.fastq.gz	-	control_none.beads_col_v3a	TAIR10.fa.gz
bZIP_tnt.TGA6_col_a	Arabidopsis_thaliana	https://ftp.sra.ebi.ac.uk/vol1/fastq/SRR292/007/SRR2926857/SRR2926857.fastq.gz	-	control_none.beads_col_v3a	TAIR10.fa.gz
bZIP_tnt.TGA6_colamp_a	Arabidopsis_thaliana	https://ftp.sra.ebi.ac.uk/vol1/fastq/SRR292/006/SRR2926856/SRR2926856.fastq.gz	-	control_tnt-pixhalo_colamp_v3a	TAIR10.fa.gz
bZIP_tnt.TGA9_col_a	Arabidopsis_thaliana	https://ftp.sra.ebi.ac.uk/vol1/fastq/SRR292/009/SRR2926859/SRR2926859.fastq.gz	-	control_none.beads_col_v3a	TAIR10.fa.gz
bZIP_tnt.TGA9_colamp_a	Arabidopsis_thaliana	https://ftp.sra.ebi.ac.uk/vol1/fastq/SRR292/008/SRR2926858/SRR2926858.fastq.gz	-	control_tnt-pixhalo_colamp_v3a	TAIR10.fa.gz
bZIP_tnt.VIP1_col_v3a	Arabidopsis_thaliana	https://ftp.sra.ebi.ac.uk/vol1/fastq/SRR292/001/SRR2926861/SRR2926861.fastq.gz	-	control_none.beads_col_v3a	TAIR10.fa.gz
bZIP_tnt.VIP1_colamp_a	Arabidopsis_thaliana	https://ftp.sra.ebi.ac.uk/vol1/fastq/SRR292/000/SRR2926860/SRR2926860.fastq.gz	-	control_tnt-pixhalo_colamp_v3a	TAIR10.fa.gz
bZIP_tnt.bZIP16_col_v3a	Arabidopsis_thaliana	https://ftp.sra.ebi.ac.uk/vol1/fastq/SRR292/003/SRR2926863/SRR2926863.fastq.gz	-	control_none.beads_col_v3a	TAIR10.fa.gz
bZIP_tnt.bZIP16_colamp_a	Arabidopsis_thaliana	https://ftp.sra.ebi.ac.uk/vol1/fastq/SRR292/002/SRR2926862/SRR2926862.fastq.gz	-	control_tnt-pixhalo_colamp_v3a	TAIR10.fa.gz
bZIP_tnt.bZIP18_col_v31	Arabidopsis_thaliana	https://ftp.sra.ebi.ac.uk/vol1/fastq/SRR292/005/SRR2926865/SRR2926865.fastq.gz	-	control_none.beads_col_v3a	TAIR10.fa.gz
bZIP_tnt.bZIP18_colamp_a	Arabidopsis_thaliana	https://ftp.sra.ebi.ac.uk/vol1/fastq/SRR292/004/SRR2926864/SRR2926864.fastq.gz	-	control_tnt-pixhalo_colamp_v3a	TAIR10.fa.gz
bZIP_tnt.bZIP28_col_a	Arabidopsis_thaliana	https://ftp.sra.ebi.ac.uk/vol1/fastq/SRR292/006/SRR2926866/SRR2926866.fastq.gz	-	control_none.beads_col_v3a	TAIR10.fa.gz
bZIP_tnt.bZIP3_col_a	Arabidopsis_thaliana	https://ftp.sra.ebi.ac.uk/vol1/fastq/SRR292/007/SRR2926867/SRR2926867.fastq.gz	-	control_none.beads_col_v3a	TAIR10.fa.gz
bZIP_tnt.bZIP42_col_a	Arabidopsis_thaliana	https://ftp.sra.ebi.ac.uk/vol1/fastq/SRR292/009/SRR2926869/SRR2926869.fastq.gz	-	control_none.beads_col_v3a	TAIR10.fa.gz
bZIP_tnt.bZIP42_colamp_a	Arabidopsis_thaliana	https://ftp.sra.ebi.ac.uk/vol1/fastq/SRR292/008/SRR2926868/SRR2926868.fastq.gz	-	control_tnt-pixhalo_colamp_v3a	TAIR10.fa.gz
bZIP_tnt.bZIP43_col_a	Arabidopsis_thaliana	https://ftp.sra.ebi.ac.uk/vol1/fastq/SRR292/000/SRR2926870/SRR2926870.fastq.gz	-	control_none.beads_col_v3a	TAIR10.fa.gz
bZIP_tnt.bZIP44_col_v3a	Arabidopsis_thaliana	https://ftp.sra.ebi.ac.uk/vol1/fastq/SRR292/000/SRR2927000/SRR2927000.fastq.gz	-	control_none.beads_col_v3a	TAIR10.fa.gz
bZIP_tnt.bZIP44_col_v3b	Arabidopsis_thaliana	https://ftp.sra.ebi.ac.uk/vol1/fastq/SRR292/001/SRR2927001/SRR2927001.fastq.gz	-	control_none.beads_col_v3a	TAIR10.fa.gz
bZIP_tnt.bZIP44_colamp_a	Arabidopsis_thaliana	https://ftp.sra.ebi.ac.uk/vol1/fastq/SRR292/001/SRR2926871/SRR2926871.fastq.gz	-	control_tnt-pixhalo_colamp_v3a	TAIR10.fa.gz
bZIP_tnt.bZIP48_col_a	Arabidopsis_thaliana	https://ftp.sra.ebi.ac.uk/vol1/fastq/SRR292/003/SRR2926873/SRR2926873.fastq.gz	-	control_none.beads_col_v3a	TAIR10.fa.gz
bZIP_tnt.bZIP48_colamp_a	Arabidopsis_thaliana	https://ftp.sra.ebi.ac.uk/vol1/fastq/SRR292/002/SRR2926872/SRR2926872.fastq.gz	-	control_tnt-pixhalo_colamp_v3a	TAIR10.fa.gz
bZIP_tnt.bZIP50_col_v31	Arabidopsis_thaliana	https://ftp.sra.ebi.ac.uk/vol1/fastq/SRR292/005/SRR2926875/SRR2926875.fastq.gz	-	control_none.beads_col_v3a	TAIR10.fa.gz
bZIP_tnt.bZIP50_colamp_v31	Arabidopsis_thaliana	https://ftp.sra.ebi.ac.uk/vol1/fastq/SRR292/004/SRR2926874/SRR2926874.fastq.gz	-	control_tnt-pixhalo_colamp_v3a	TAIR10.fa.gz
bZIP_tnt.bZIP52_col_v31	Arabidopsis_thaliana	https://ftp.sra.ebi.ac.uk/vol1/fastq/SRR292/007/SRR2926877/SRR2926877.fastq.gz	-	control_none.beads_col_v3a	TAIR10.fa.gz
bZIP_tnt.bZIP52_colamp_a	Arabidopsis_thaliana	https://ftp.sra.ebi.ac.uk/vol1/fastq/SRR292/006/SRR2926876/SRR2926876.fastq.gz	-	control_tnt-pixhalo_colamp_v3a	TAIR10.fa.gz
bZIP_tnt.bZIP53_col_v3a	Arabidopsis_thaliana	https://ftp.sra.ebi.ac.uk/vol1/fastq/SRR292/002/SRR2927002/SRR2927002.fastq.gz	-	control_none.beads_col_v3a	TAIR10.fa.gz
bZIP_tnt.bZIP53_col_v3b	Arabidopsis_thaliana	https://ftp.sra.ebi.ac.uk/vol1/fastq/SRR292/003/SRR2927003/SRR2927003.fastq.gz	-	control_none.beads_col_v3a	TAIR10.fa.gz
bZIP_tnt.bZIP53_colamp_a	Arabidopsis_thaliana	https://ftp.sra.ebi.ac.uk/vol1/fastq/SRR292/008/SRR2926878/SRR2926878.fastq.gz	-	control_tnt-pixhalo_colamp_v3a	TAIR10.fa.gz
bZIP_tnt.bZIP68_col_a	Arabidopsis_thaliana	https://ftp.sra.ebi.ac.uk/vol1/fastq/SRR292/009/SRR2926879/SRR2926879.fastq.gz	-	control_none.beads_col_v3a	TAIR10.fa.gz
bZIP_tnt.bZIP69_col_a	Arabidopsis_thaliana	https://ftp.sra.ebi.ac.uk/vol1/fastq/SRR292/001/SRR2926881/SRR2926881.fastq.gz	-	control_none.beads_col_v3a	TAIR10.fa.gz
bZIP_tnt.bZIP69_colamp_a	Arabidopsis_thaliana	https://ftp.sra.ebi.ac.uk/vol1/fastq/SRR292/000/SRR2926880/SRR2926880.fastq.gz	-	control_tnt-pixhalo_colamp_v3a	TAIR10.fa.gz
control_none.beads_col_v3a	Arabidopsis_thaliana	https://ftp.sra.ebi.ac.uk/vol1/fastq/SRR292/008/SRR2926068/SRR2926068_1.fastq.gz	-	-	TAIR10.fa.gz
control_tnt-pixhalo_colamp_v3a	Arabidopsis_thaliana	https://ftp.sra.ebi.ac.uk/vol1/fastq/SRR292/009/SRR2926069/SRR2926069_1.fastq.gz	-	-	TAIR10.fa.gz
mTERF_tnt.AT5G23930_col_a	Arabidopsis_thaliana	https://ftp.sra.ebi.ac.uk/vol1/fastq/SRR292/002/SRR2926882/SRR2926882.fastq.gz	-	control_none.beads_col_v3a	TAIR10.fa.gz
zfGRF_tnt.AT3G42860_col_a	Arabidopsis_thaliana	https://ftp.sra.ebi.ac.uk/vol1/fastq/SRR292/003/SRR2926883/SRR2926883.fastq.gz	-	control_none.beads_col_v3a	TAIR10.fa.gz
