sample_id	read1_url	read2_url	control_sample	bowtie_index	reference_fasta	chrom_sizes
AL1G11460.t1_A_lyrata_MN47_DAPi712A10-ORGi5038-96P247	https://ftp.sra.ebi.ac.uk/vol1/fastq/SRR311/037/SRR31196237/SRR31196237_1.fastq.gz	https://ftp.sra.ebi.ac.uk/vol1/fastq/SRR311/037/SRR31196237/SRR31196237_2.fastq.gz	Control_TF_DNA_A_lyrata_MN47_DAPi712H12-ORGi5038-96P155-repool	Arabidopsis_lyrata.v.1.0.19	Arabidopsis_lyrata.v.1.0.19.fa.gz	Arabidopsis_lyrata.v.1.0.19.chrom.sizes
AL1G23550.t1_A_lyrata_MN47_DAPi712B03-ORGi5038-96P247	https://ftp.sra.ebi.ac.uk/vol1/fastq/SRR311/037/SRR31196537/SRR31196537_1.fastq.gz	https://ftp.sra.ebi.ac.uk/vol1/fastq/SRR311/037/SRR31196537/SRR31196537_2.fastq.gz	Control_TF_DNA_A_lyrata_MN47_DAPi712H12-ORGi5038-96P155-repool	Arabidopsis_lyrata.v.1.0.19	Arabidopsis_lyrata.v.1.0.19.fa.gz	Arabidopsis_lyrata.v.1.0.19.chrom.sizes
AL1G53260.t1_A_lyrata_MN47_DAPi712B01-ORGi5038-96P247	https://ftp.sra.ebi.ac.uk/vol1/fastq/SRR311/077/SRR31195877/SRR31195877_1.fastq.gz	https://ftp.sra.ebi.ac.uk/vol1/fastq/SRR311/077/SRR31195877/SRR31195877_2.fastq.gz	Control_TF_DNA_A_lyrata_MN47_DAPi712H12-ORGi5038-96P155-repool	Arabidopsis_lyrata.v.1.0.19	Arabidopsis_lyrata.v.1.0.19.fa.gz	Arabidopsis_lyrata.v.1.0.19.chrom.sizes
AL2G28980.t1_A_lyrata_MN47_DAPi712H11-ORGi5038-96P247	https://ftp.sra.ebi.ac.uk/vol1/fastq/SRR311/039/SRR31196539/SRR31196539_1.fastq.gz	https://ftp.sra.ebi.ac.uk/vol1/fastq/SRR311/039/SRR31196539/SRR31196539_2.fastq.gz	Control_TF_DNA_A_lyrata_MN47_DAPi712H12-ORGi5038-96P155-repool	Arabidopsis_lyrata.v.1.0.19	Arabidopsis_lyrata.v.1.0.19.fa.gz	Arabidopsis_lyrata.v.1.0.19.chrom.sizes
AL2G32420.t2_A_lyrata_MN47_DAPi712F10-ORGi5038-96P247	https://ftp.sra.ebi.ac.uk/vol1/fastq/SRR311/063/SRR31196163/SRR31196163_1.fastq.gz	https://ftp.sra.ebi.ac.uk/vol1/fastq/SRR311/063/SRR31196163/SRR31196163_2.fastq.gz	Control_TF_DNA_A_lyrata_MN47_DAPi712H12-ORGi5038-96P155-repool	Arabidopsis_lyrata.v.1.0.19	Arabidopsis_lyrata.v.1.0.19.fa.gz	Arabidopsis_lyrata.v.1.0.19.chrom.sizes
AL2G40550.t1_A_lyrata_MN47_DAPi712C11-ORGi5038-96P247	https://ftp.sra.ebi.ac.uk/vol1/fastq/SRR311/019/SRR31195719/SRR31195719_1.fastq.gz	https://ftp.sra.ebi.ac.uk/vol1/fastq/SRR311/019/SRR31195719/SRR31195719_2.fastq.gz	Control_TF_DNA_A_lyrata_MN47_DAPi712H12-ORGi5038-96P155-repool	Arabidopsis_lyrata.v.1.0.19	Arabidopsis_lyrata.v.1.0.19.fa.gz	Arabidopsis_lyrata.v.1.0.19.chrom.sizes
AL3G23910.t2_A_lyrata_MN47_DAPi712E07-ORGi5038-96P247	https://ftp.sra.ebi.ac.uk/vol1/fastq/SRR311/031/SRR31196431/SRR31196431_1.fastq.gz	https://ftp.sra.ebi.ac.uk/vol1/fastq/SRR311/031/SRR31196431/SRR31196431_2.fastq.gz	Control_TF_DNA_A_lyrata_MN47_DAPi712H12-ORGi5038-96P155-repool	Arabidopsis_lyrata.v.1.0.19	Arabidopsis_lyrata.v.1.0.19.fa.gz	Arabidopsis_lyrata.v.1.0.19.chrom.sizes
AL4G38490.t1_A_lyrata_MN47_DAPi712G08-ORGi5038-96P247	https://ftp.sra.ebi.ac.uk/vol1/fastq/SRR311/027/SRR31195827/SRR31195827_1.fastq.gz	https://ftp.sra.ebi.ac.uk/vol1/fastq/SRR311/027/SRR31195827/SRR31195827_2.fastq.gz	Control_TF_DNA_A_lyrata_MN47_DAPi712H12-ORGi5038-96P155-repool	Arabidopsis_lyrata.v.1.0.19	Arabidopsis_lyrata.v.1.0.19.fa.gz	Arabidopsis_lyrata.v.1.0.19.chrom.sizes
AL4G45550.t1_A_lyrata_MN47_DAPi712H06-ORGi5038-96P247	https://ftp.sra.ebi.ac.uk/vol1/fastq/SRR311/007/SRR31196207/SRR31196207_1.fastq.gz	https://ftp.sra.ebi.ac.uk/vol1/fastq/SRR311/007/SRR31196207/SRR31196207_2.fastq.gz	Control_TF_DNA_A_lyrata_MN47_DAPi712H12-ORGi5038-96P155-repool	Arabidopsis_lyrata.v.1.0.19	Arabidopsis_lyrata.v.1.0.19.fa.gz	Arabidopsis_lyrata.v.1.0.19.chrom.sizes
AL8G10650.t1_A_lyrata_MN47_DAPi712D09-ORGi5038-96P247	https://ftp.sra.ebi.ac.uk/vol1/fastq/SRR311/063/SRR31195663/SRR31195663_1.fastq.gz	https://ftp.sra.ebi.ac.uk/vol1/fastq/SRR311/063/SRR31195663/SRR31195663_2.fastq.gz	Control_TF_DNA_A_lyrata_MN47_DAPi712H12-ORGi5038-96P155-repool	Arabidopsis_lyrata.v.1.0.19	Arabidopsis_lyrata.v.1.0.19.fa.gz	Arabidopsis_lyrata.v.1.0.19.chrom.sizes
AL8G13510.t2_A_lyrata_MN47_DAPi712B08-ORGi5038-96P247	https://ftp.sra.ebi.ac.uk/vol1/fastq/SRR311/085/SRR31195885/SRR31195885_1.fastq.gz	https://ftp.sra.ebi.ac.uk/vol1/fastq/SRR311/085/SRR31195885/SRR31195885_2.fastq.gz	Control_TF_DNA_A_lyrata_MN47_DAPi712H12-ORGi5038-96P155-repool	Arabidopsis_lyrata.v.1.0.19	Arabidopsis_lyrata.v.1.0.19.fa.gz	Arabidopsis_lyrata.v.1.0.19.chrom.sizes
AT1G01060_A_lyrata_MN47_DAPi709D10-ORGi5038-96P169	https://ftp.sra.ebi.ac.uk/vol1/fastq/SRR311/029/SRR31195829/SRR31195829_1.fastq.gz	https://ftp.sra.ebi.ac.uk/vol1/fastq/SRR311/029/SRR31195829/SRR31195829_2.fastq.gz	Control_TF_DNA_A_lyrata_MN47_DAPi712H12-ORGi5038-96P155-repool	Arabidopsis_lyrata.v.1.0.19	Arabidopsis_lyrata.v.1.0.19.fa.gz	Arabidopsis_lyrata.v.1.0.19.chrom.sizes
AT1G01060_A_lyrata_MN47_DAPi712H05-ORGi5038-96P220	https://ftp.sra.ebi.ac.uk/vol1/fastq/SRR311/025/SRR31196225/SRR31196225_1.fastq.gz	https://ftp.sra.ebi.ac.uk/vol1/fastq/SRR311/025/SRR31196225/SRR31196225_2.fastq.gz	Control_TF_DNA_A_lyrata_MN47_DAPi712H12-ORGi5038-96P155-repool	Arabidopsis_lyrata.v.1.0.19	Arabidopsis_lyrata.v.1.0.19.fa.gz	Arabidopsis_lyrata.v.1.0.19.chrom.sizes
AT1G01250_A_lyrata_MN47_DAPi710B07-ORGi5038-96P151	https://ftp.sra.ebi.ac.uk/vol1/fastq/SRR311/021/SRR31196421/SRR31196421_1.fastq.gz	https://ftp.sra.ebi.ac.uk/vol1/fastq/SRR311/021/SRR31196421/SRR31196421_2.fastq.gz	Control_TF_DNA_A_lyrata_MN47_DAPi712H12-ORGi5038-96P155-repool	Arabidopsis_lyrata.v.1.0.19	Arabidopsis_lyrata.v.1.0.19.fa.gz	Arabidopsis_lyrata.v.1.0.19.chrom.sizes
AT1G01720_A_lyrata_MN47_DAPi709F09-ORGi5038-96P169	https://ftp.sra.ebi.ac.uk/vol1/fastq/SRR311/083/SRR31195683/SRR31195683_1.fastq.gz	https://ftp.sra.ebi.ac.uk/vol1/fastq/SRR311/083/SRR31195683/SRR31195683_2.fastq.gz	Control_TF_DNA_A_lyrata_MN47_DAPi712H12-ORGi5038-96P155-repool	Arabidopsis_lyrata.v.1.0.19	Arabidopsis_lyrata.v.1.0.19.fa.gz	Arabidopsis_lyrata.v.1.0.19.chrom.sizes
AT1G02230_A_lyrata_MN47_DAPi712B03-ORGi5038-96P155	https://ftp.sra.ebi.ac.uk/vol1/fastq/SRR311/089/SRR31196389/SRR31196389_1.fastq.gz	https://ftp.sra.ebi.ac.uk/vol1/fastq/SRR311/089/SRR31196389/SRR31196389_2.fastq.gz	Control_TF_DNA_A_lyrata_MN47_DAPi712H12-ORGi5038-96P155-repool	Arabidopsis_lyrata.v.1.0.19	Arabidopsis_lyrata.v.1.0.19.fa.gz	Arabidopsis_lyrata.v.1.0.19.chrom.sizes
AT1G02250_A_lyrata_MN47_DAPi710D09-ORGi5038-96P151	https://ftp.sra.ebi.ac.uk/vol1/fastq/SRR311/018/SRR31196418/SRR31196418_1.fastq.gz	https://ftp.sra.ebi.ac.uk/vol1/fastq/SRR311/018/SRR31196418/SRR31196418_2.fastq.gz	Control_TF_DNA_A_lyrata_MN47_DAPi712H12-ORGi5038-96P155-repool	Arabidopsis_lyrata.v.1.0.19	Arabidopsis_lyrata.v.1.0.19.fa.gz	Arabidopsis_lyrata.v.1.0.19.chrom.sizes
AT1G03800_A_lyrata_MN47_DAPi709C01-ORGi5038-96P169	https://ftp.sra.ebi.ac.uk/vol1/fastq/SRR311/017/SRR31196217/SRR31196217_1.fastq.gz	https://ftp.sra.ebi.ac.uk/vol1/fastq/SRR311/017/SRR31196217/SRR31196217_2.fastq.gz	Control_TF_DNA_A_lyrata_MN47_DAPi712H12-ORGi5038-96P155-repool	Arabidopsis_lyrata.v.1.0.19	Arabidopsis_lyrata.v.1.0.19.fa.gz	Arabidopsis_lyrata.v.1.0.19.chrom.sizes
AT1G06280_A_lyrata_MN47_DAPi710H02-ORGi5038-96P151	https://ftp.sra.ebi.ac.uk/vol1/fastq/SRR311/033/SRR31196433/SRR31196433_1.fastq.gz	https://ftp.sra.ebi.ac.uk/vol1/fastq/SRR311/033/SRR31196433/SRR31196433_2.fastq.gz	Control_TF_DNA_A_lyrata_MN47_DAPi712H12-ORGi5038-96P155-repool	Arabidopsis_lyrata.v.1.0.19	Arabidopsis_lyrata.v.1.0.19.fa.gz	Arabidopsis_lyrata.v.1.0.19.chrom.sizes
AT1G06850_A_lyrata_MN47_DAPi712C12-ORGi5038-96P155	https://ftp.sra.ebi.ac.uk/vol1/fastq/SRR311/065/SRR31196365/SRR31196365_1.fastq.gz	https://ftp.sra.ebi.ac.uk/vol1/fastq/SRR311/065/SRR31196365/SRR31196365_2.fastq.gz	Control_TF_DNA_A_lyrata_MN47_DAPi712H12-ORGi5038-96P155-repool	Arabidopsis_lyrata.v.1.0.19	Arabidopsis_lyrata.v.1.0.19.fa.gz	Arabidopsis_lyrata.v.1.0.19.chrom.sizes
AT1G08320_A_lyrata_MN47_DAPi710D12-ORGi5038-96P151	https://ftp.sra.ebi.ac.uk/vol1/fastq/SRR311/055/SRR31195755/SRR31195755_1.fastq.gz	https://ftp.sra.ebi.ac.uk/vol1/fastq/SRR311/055/SRR31195755/SRR31195755_2.fastq.gz	Control_TF_DNA_A_lyrata_MN47_DAPi712H12-ORGi5038-96P155-repool	Arabidopsis_lyrata.v.1.0.19	Arabidopsis_lyrata.v.1.0.19.fa.gz	Arabidopsis_lyrata.v.1.0.19.chrom.sizes
AT1G09540_A_lyrata_MN47_DAPi710F07-ORGi5038-96P151	https://ftp.sra.ebi.ac.uk/vol1/fastq/SRR311/027/SRR31195727/SRR31195727_1.fastq.gz	https://ftp.sra.ebi.ac.uk/vol1/fastq/SRR311/027/SRR31195727/SRR31195727_2.fastq.gz	Control_TF_DNA_A_lyrata_MN47_DAPi712H12-ORGi5038-96P155-repool	Arabidopsis_lyrata.v.1.0.19	Arabidopsis_lyrata.v.1.0.19.fa.gz	Arabidopsis_lyrata.v.1.0.19.chrom.sizes
AT1G12260_A_lyrata_MN47_DAPi712A11-ORGi5038-96P155	https://ftp.sra.ebi.ac.uk/vol1/fastq/SRR311/069/SRR31195769/SRR31195769_1.fastq.gz	https://ftp.sra.ebi.ac.uk/vol1/fastq/SRR311/069/SRR31195769/SRR31195769_2.fastq.gz	Control_TF_DNA_A_lyrata_MN47_DAPi712H12-ORGi5038-96P155-repool	Arabidopsis_lyrata.v.1.0.19	Arabidopsis_lyrata.v.1.0.19.fa.gz	Arabidopsis_lyrata.v.1.0.19.chrom.sizes
AT1G12260_A_lyrata_MN47_DAPi712C12-ORGi5038-96P220	https://ftp.sra.ebi.ac.uk/vol1/fastq/SRR311/069/SRR31196269/SRR31196269_1.fastq.gz	https://ftp.sra.ebi.ac.uk/vol1/fastq/SRR311/069/SRR31196269/SRR31196269_2.fastq.gz	Control_TF_DNA_A_lyrata_MN47_DAPi712H12-ORGi5038-96P155-repool	Arabidopsis_lyrata.v.1.0.19	Arabidopsis_lyrata.v.1.0.19.fa.gz	Arabidopsis_lyrata.v.1.0.19.chrom.sizes
AT1G12610_A_lyrata_MN47_DAPi710A11-ORGi5038-96P151	https://ftp.sra.ebi.ac.uk/vol1/fastq/SRR311/045/SRR31196245/SRR31196245_1.fastq.gz	https://ftp.sra.ebi.ac.uk/vol1/fastq/SRR311/045/SRR31196245/SRR31196245_2.fastq.gz	Control_TF_DNA_A_lyrata_MN47_DAPi712H12-ORGi5038-96P155-repool	Arabidopsis_lyrata.v.1.0.19	Arabidopsis_lyrata.v.1.0.19.fa.gz	Arabidopsis_lyrata.v.1.0.19.chrom.sizes
AT1G12630_A_lyrata_MN47_DAPi710B04-ORGi5038-96P151	https://ftp.sra.ebi.ac.uk/vol1/fastq/SRR311/093/SRR31195793/SRR31195793_1.fastq.gz	https://ftp.sra.ebi.ac.uk/vol1/fastq/SRR311/093/SRR31195793/SRR31195793_2.fastq.gz	Control_TF_DNA_A_lyrata_MN47_DAPi712H12-ORGi5038-96P155-repool	Arabidopsis_lyrata.v.1.0.19	Arabidopsis_lyrata.v.1.0.19.fa.gz	Arabidopsis_lyrata.v.1.0.19.chrom.sizes
AT1G13260_A_lyrata_MN47_DAPi712E01-ORGi5038-96P220	https://ftp.sra.ebi.ac.uk/vol1/fastq/SRR311/093/SRR31196293/SRR31196293_1.fastq.gz	https://ftp.sra.ebi.ac.uk/vol1/fastq/SRR311/093/SRR31196293/SRR31196293_2.fastq.gz	Control_TF_DNA_A_lyrata_MN47_DAPi712H12-ORGi5038-96P155-repool	Arabidopsis_lyrata.v.1.0.19	Arabidopsis_lyrata.v.1.0.19.fa.gz	Arabidopsis_lyrata.v.1.0.19.chrom.sizes
AT1G13600_A_lyrata_MN47_DAPi712F12-ORGi5038-96P155	https://ftp.sra.ebi.ac.uk/vol1/fastq/SRR311/081/SRR31195981/SRR31195981_1.fastq.gz	https://ftp.sra.ebi.ac.uk/vol1/fastq/SRR311/081/SRR31195981/SRR31195981_2.fastq.gz	Control_TF_DNA_A_lyrata_MN47_DAPi712H12-ORGi5038-96P155-repool	Arabidopsis_lyrata.v.1.0.19	Arabidopsis_lyrata.v.1.0.19.fa.gz	Arabidopsis_lyrata.v.1.0.19.chrom.sizes
AT1G14687_A_lyrata_MN47_DAPi711F04-ORGi5038-96P166	https://ftp.sra.ebi.ac.uk/vol1/fastq/SRR311/083/SRR31196183/SRR31196183_1.fastq.gz	https://ftp.sra.ebi.ac.uk/vol1/fastq/SRR311/083/SRR31196183/SRR31196183_2.fastq.gz	Control_TF_DNA_A_lyrata_MN47_DAPi712H12-ORGi5038-96P155-repool	Arabidopsis_lyrata.v.1.0.19	Arabidopsis_lyrata.v.1.0.19.fa.gz	Arabidopsis_lyrata.v.1.0.19.chrom.sizes
AT1G16490_A_lyrata_MN47_DAPi712B02-ORGi5038-96P155	https://ftp.sra.ebi.ac.uk/vol1/fastq/SRR311/010/SRR31196510/SRR31196510_1.fastq.gz	https://ftp.sra.ebi.ac.uk/vol1/fastq/SRR311/010/SRR31196510/SRR31196510_2.fastq.gz	Control_TF_DNA_A_lyrata_MN47_DAPi712H12-ORGi5038-96P155-repool	Arabidopsis_lyrata.v.1.0.19	Arabidopsis_lyrata.v.1.0.19.fa.gz	Arabidopsis_lyrata.v.1.0.19.chrom.sizes
AT1G18330_A_lyrata_MN47_DAPi711F03-ORGi5038-96P166	https://ftp.sra.ebi.ac.uk/vol1/fastq/SRR311/033/SRR31196533/SRR31196533_1.fastq.gz	https://ftp.sra.ebi.ac.uk/vol1/fastq/SRR311/033/SRR31196533/SRR31196533_2.fastq.gz	Control_TF_DNA_A_lyrata_MN47_DAPi712H12-ORGi5038-96P155-repool	Arabidopsis_lyrata.v.1.0.19	Arabidopsis_lyrata.v.1.0.19.fa.gz	Arabidopsis_lyrata.v.1.0.19.chrom.sizes
AT1G18330_A_lyrata_MN47_DAPi712G01-ORGi5038-96P220	https://ftp.sra.ebi.ac.uk/vol1/fastq/SRR311/071/SRR31196471/SRR31196471_1.fastq.gz	https://ftp.sra.ebi.ac.uk/vol1/fastq/SRR311/071/SRR31196471/SRR31196471_2.fastq.gz	Control_TF_DNA_A_lyrata_MN47_DAPi712H12-ORGi5038-96P155-repool	Arabidopsis_lyrata.v.1.0.19	Arabidopsis_lyrata.v.1.0.19.fa.gz	Arabidopsis_lyrata.v.1.0.19.chrom.sizes
AT1G19000_A_lyrata_MN47_DAPi711D11-ORGi5038-96P166	https://ftp.sra.ebi.ac.uk/vol1/fastq/SRR311/069/SRR31196569/SRR31196569_1.fastq.gz	https://ftp.sra.ebi.ac.uk/vol1/fastq/SRR311/069/SRR31196569/SRR31196569_2.fastq.gz	Control_TF_DNA_A_lyrata_MN47_DAPi712H12-ORGi5038-96P155-repool	Arabidopsis_lyrata.v.1.0.19	Arabidopsis_lyrata.v.1.0.19.fa.gz	Arabidopsis_lyrata.v.1.0.19.chrom.sizes
AT1G19210_A_lyrata_MN47_DAPi709H02-ORGi5038-96P169	https://ftp.sra.ebi.ac.uk/vol1/fastq/SRR311/037/SRR31196037/SRR31196037_1.fastq.gz	https://ftp.sra.ebi.ac.uk/vol1/fastq/SRR311/037/SRR31196037/SRR31196037_2.fastq.gz	Control_TF_DNA_A_lyrata_MN47_DAPi712H12-ORGi5038-96P155-repool	Arabidopsis_lyrata.v.1.0.19	Arabidopsis_lyrata.v.1.0.19.fa.gz	Arabidopsis_lyrata.v.1.0.19.chrom.sizes
AT1G20910_A_lyrata_MN47_DAPi712B10-ORGi5038-96P220	https://ftp.sra.ebi.ac.uk/vol1/fastq/SRR311/021/SRR31196321/SRR31196321_1.fastq.gz	https://ftp.sra.ebi.ac.uk/vol1/fastq/SRR311/021/SRR31196321/SRR31196321_2.fastq.gz	Control_TF_DNA_A_lyrata_MN47_DAPi712H12-ORGi5038-96P155-repool	Arabidopsis_lyrata.v.1.0.19	Arabidopsis_lyrata.v.1.0.19.fa.gz	Arabidopsis_lyrata.v.1.0.19.chrom.sizes
AT1G20910_A_lyrata_MN47_DAPi712F01-ORGi5038-96P155	https://ftp.sra.ebi.ac.uk/vol1/fastq/SRR311/057/SRR31195757/SRR31195757_1.fastq.gz	https://ftp.sra.ebi.ac.uk/vol1/fastq/SRR311/057/SRR31195757/SRR31195757_2.fastq.gz	Control_TF_DNA_A_lyrata_MN47_DAPi712H12-ORGi5038-96P155-repool	Arabidopsis_lyrata.v.1.0.19	Arabidopsis_lyrata.v.1.0.19.fa.gz	Arabidopsis_lyrata.v.1.0.19.chrom.sizes
AT1G20980_A_lyrata_MN47_DAPi712D06-ORGi5038-96P155	https://ftp.sra.ebi.ac.uk/vol1/fastq/SRR311/029/SRR31195929/SRR31195929_1.fastq.gz	https://ftp.sra.ebi.ac.uk/vol1/fastq/SRR311/029/SRR31195929/SRR31195929_2.fastq.gz	Control_TF_DNA_A_lyrata_MN47_DAPi712H12-ORGi5038-96P155-repool	Arabidopsis_lyrata.v.1.0.19	Arabidopsis_lyrata.v.1.0.19.fa.gz	Arabidopsis_lyrata.v.1.0.19.chrom.sizes
AT1G20980_A_lyrata_MN47_DAPi712E11-ORGi5038-96P220	https://ftp.sra.ebi.ac.uk/vol1/fastq/SRR311/057/SRR31195957/SRR31195957_1.fastq.gz	https://ftp.sra.ebi.ac.uk/vol1/fastq/SRR311/057/SRR31195957/SRR31195957_2.fastq.gz	Control_TF_DNA_A_lyrata_MN47_DAPi712H12-ORGi5038-96P155-repool	Arabidopsis_lyrata.v.1.0.19	Arabidopsis_lyrata.v.1.0.19.fa.gz	Arabidopsis_lyrata.v.1.0.19.chrom.sizes
AT1G22070_A_lyrata_MN47_DAPi712B11-ORGi5038-96P155	https://ftp.sra.ebi.ac.uk/vol1/fastq/SRR311/073/SRR31195973/SRR31195973_1.fastq.gz	https://ftp.sra.ebi.ac.uk/vol1/fastq/SRR311/073/SRR31195973/SRR31195973_2.fastq.gz	Control_TF_DNA_A_lyrata_MN47_DAPi712H12-ORGi5038-96P155-repool	Arabidopsis_lyrata.v.1.0.19	Arabidopsis_lyrata.v.1.0.19.fa.gz	Arabidopsis_lyrata.v.1.0.19.chrom.sizes
AT1G22810_A_lyrata_MN47_DAPi709B04-ORGi5038-96P169	https://ftp.sra.ebi.ac.uk/vol1/fastq/SRR311/073/SRR31196373/SRR31196373_1.fastq.gz	https://ftp.sra.ebi.ac.uk/vol1/fastq/SRR311/073/SRR31196373/SRR31196373_2.fastq.gz	Control_TF_DNA_A_lyrata_MN47_DAPi712H12-ORGi5038-96P155-repool	Arabidopsis_lyrata.v.1.0.19	Arabidopsis_lyrata.v.1.0.19.fa.gz	Arabidopsis_lyrata.v.1.0.19.chrom.sizes
AT1G25340_A_lyrata_MN47_DAPi710B01-ORGi5038-96P151	https://ftp.sra.ebi.ac.uk/vol1/fastq/SRR311/005/SRR31196605/SRR31196605_1.fastq.gz	https://ftp.sra.ebi.ac.uk/vol1/fastq/SRR311/005/SRR31196605/SRR31196605_2.fastq.gz	Control_TF_DNA_A_lyrata_MN47_DAPi712H12-ORGi5038-96P155-repool	Arabidopsis_lyrata.v.1.0.19	Arabidopsis_lyrata.v.1.0.19.fa.gz	Arabidopsis_lyrata.v.1.0.19.chrom.sizes
AT1G25550_A_lyrata_MN47_DAPi711C01-ORGi5038-96P166	https://ftp.sra.ebi.ac.uk/vol1/fastq/SRR311/012/SRR31196512/SRR31196512_1.fastq.gz	https://ftp.sra.ebi.ac.uk/vol1/fastq/SRR311/012/SRR31196512/SRR31196512_2.fastq.gz	Control_TF_DNA_A_lyrata_MN47_DAPi712H12-ORGi5038-96P155-repool	Arabidopsis_lyrata.v.1.0.19	Arabidopsis_lyrata.v.1.0.19.fa.gz	Arabidopsis_lyrata.v.1.0.19.chrom.sizes
AT1G27730_A_lyrata_MN47_DAPi711F01-ORGi5038-96P166	https://ftp.sra.ebi.ac.uk/vol1/fastq/SRR311/029/SRR31196429/SRR31196429_1.fastq.gz	https://ftp.sra.ebi.ac.uk/vol1/fastq/SRR311/029/SRR31196429/SRR31196429_2.fastq.gz	Control_TF_DNA_A_lyrata_MN47_DAPi712H12-ORGi5038-96P155-repool	Arabidopsis_lyrata.v.1.0.19	Arabidopsis_lyrata.v.1.0.19.fa.gz	Arabidopsis_lyrata.v.1.0.19.chrom.sizes
AT1G27730_A_lyrata_MN47_DAPi712C01-ORGi5038-96P220	https://ftp.sra.ebi.ac.uk/vol1/fastq/SRR311/030/SRR31195730/SRR31195730_1.fastq.gz	https://ftp.sra.ebi.ac.uk/vol1/fastq/SRR311/030/SRR31195730/SRR31195730_2.fastq.gz	Control_TF_DNA_A_lyrata_MN47_DAPi712H12-ORGi5038-96P155-repool	Arabidopsis_lyrata.v.1.0.19	Arabidopsis_lyrata.v.1.0.19.fa.gz	Arabidopsis_lyrata.v.1.0.19.chrom.sizes
AT1G28160_A_lyrata_MN47_DAPi710E04-ORGi5038-96P151	https://ftp.sra.ebi.ac.uk/vol1/fastq/SRR311/075/SRR31196475/SRR31196475_1.fastq.gz	https://ftp.sra.ebi.ac.uk/vol1/fastq/SRR311/075/SRR31196475/SRR31196475_2.fastq.gz	Control_TF_DNA_A_lyrata_MN47_DAPi712H12-ORGi5038-96P155-repool	Arabidopsis_lyrata.v.1.0.19	Arabidopsis_lyrata.v.1.0.19.fa.gz	Arabidopsis_lyrata.v.1.0.19.chrom.sizes
AT1G28370_A_lyrata_MN47_DAPi709A07-ORGi5038-96P169	https://ftp.sra.ebi.ac.uk/vol1/fastq/SRR311/045/SRR31196345/SRR31196345_1.fastq.gz	https://ftp.sra.ebi.ac.uk/vol1/fastq/SRR311/045/SRR31196345/SRR31196345_2.fastq.gz	Control_TF_DNA_A_lyrata_MN47_DAPi712H12-ORGi5038-96P155-repool	Arabidopsis_lyrata.v.1.0.19	Arabidopsis_lyrata.v.1.0.19.fa.gz	Arabidopsis_lyrata.v.1.0.19.chrom.sizes
AT1G28470_A_lyrata_MN47_DAPi710E12-ORGi5038-96P151	https://ftp.sra.ebi.ac.uk/vol1/fastq/SRR311/079/SRR31196079/SRR31196079_1.fastq.gz	https://ftp.sra.ebi.ac.uk/vol1/fastq/SRR311/079/SRR31196079/SRR31196079_2.fastq.gz	Control_TF_DNA_A_lyrata_MN47_DAPi712H12-ORGi5038-96P155-repool	Arabidopsis_lyrata.v.1.0.19	Arabidopsis_lyrata.v.1.0.19.fa.gz	Arabidopsis_lyrata.v.1.0.19.chrom.sizes
AT1G29160_A_lyrata_MN47_DAPi709G01-ORGi5038-96P169	https://ftp.sra.ebi.ac.uk/vol1/fastq/SRR311/015/SRR31196215/SRR31196215_1.fastq.gz	https://ftp.sra.ebi.ac.uk/vol1/fastq/SRR311/015/SRR31196215/SRR31196215_2.fastq.gz	Control_TF_DNA_A_lyrata_MN47_DAPi712H12-ORGi5038-96P155-repool	Arabidopsis_lyrata.v.1.0.19	Arabidopsis_lyrata.v.1.0.19.fa.gz	Arabidopsis_lyrata.v.1.0.19.chrom.sizes
AT1G29160_A_lyrata_MN47_DAPi712B04-ORGi5038-96P220	https://ftp.sra.ebi.ac.uk/vol1/fastq/SRR311/047/SRR31195747/SRR31195747_1.fastq.gz	https://ftp.sra.ebi.ac.uk/vol1/fastq/SRR311/047/SRR31195747/SRR31195747_2.fastq.gz	Control_TF_DNA_A_lyrata_MN47_DAPi712H12-ORGi5038-96P155-repool	Arabidopsis_lyrata.v.1.0.19	Arabidopsis_lyrata.v.1.0.19.fa.gz	Arabidopsis_lyrata.v.1.0.19.chrom.sizes
AT1G29280_A_lyrata_MN47_DAPi711F12-ORGi5038-96P166	https://ftp.sra.ebi.ac.uk/vol1/fastq/SRR311/095/SRR31196595/SRR31196595_1.fastq.gz	https://ftp.sra.ebi.ac.uk/vol1/fastq/SRR311/095/SRR31196595/SRR31196595_2.fastq.gz	Control_TF_DNA_A_lyrata_MN47_DAPi712H12-ORGi5038-96P155-repool	Arabidopsis_lyrata.v.1.0.19	Arabidopsis_lyrata.v.1.0.19.fa.gz	Arabidopsis_lyrata.v.1.0.19.chrom.sizes
AT1G30210_A_lyrata_MN47_DAPi711E03-ORGi5038-96P166	https://ftp.sra.ebi.ac.uk/vol1/fastq/SRR311/033/SRR31195833/SRR31195833_1.fastq.gz	https://ftp.sra.ebi.ac.uk/vol1/fastq/SRR311/033/SRR31195833/SRR31195833_2.fastq.gz	Control_TF_DNA_A_lyrata_MN47_DAPi712H12-ORGi5038-96P155-repool	Arabidopsis_lyrata.v.1.0.19	Arabidopsis_lyrata.v.1.0.19.fa.gz	Arabidopsis_lyrata.v.1.0.19.chrom.sizes
AT1G32150_A_lyrata_MN47_DAPi712G03-ORGi5038-96P155	https://ftp.sra.ebi.ac.uk/vol1/fastq/SRR311/065/SRR31196565/SRR31196565_1.fastq.gz	https://ftp.sra.ebi.ac.uk/vol1/fastq/SRR311/065/SRR31196565/SRR31196565_2.fastq.gz	Control_TF_DNA_A_lyrata_MN47_DAPi712H12-ORGi5038-96P155-repool	Arabidopsis_lyrata.v.1.0.19	Arabidopsis_lyrata.v.1.0.19.fa.gz	Arabidopsis_lyrata.v.1.0.19.chrom.sizes
AT1G33240_A_lyrata_MN47_DAPi711C10-ORGi5038-96P166	https://ftp.sra.ebi.ac.uk/vol1/fastq/SRR311/039/SRR31196039/SRR31196039_1.fastq.gz	https://ftp.sra.ebi.ac.uk/vol1/fastq/SRR311/039/SRR31196039/SRR31196039_2.fastq.gz	Control_TF_DNA_A_lyrata_MN47_DAPi712H12-ORGi5038-96P155-repool	Arabidopsis_lyrata.v.1.0.19	Arabidopsis_lyrata.v.1.0.19.fa.gz	Arabidopsis_lyrata.v.1.0.19.chrom.sizes
AT1G33240_A_lyrata_MN47_DAPi712F03-ORGi5038-96P220	https://ftp.sra.ebi.ac.uk/vol1/fastq/SRR311/093/SRR31196593/SRR31196593_1.fastq.gz	https://ftp.sra.ebi.ac.uk/vol1/fastq/SRR311/093/SRR31196593/SRR31196593_2.fastq.gz	Control_TF_DNA_A_lyrata_MN47_DAPi712H12-ORGi5038-96P155-repool	Arabidopsis_lyrata.v.1.0.19	Arabidopsis_lyrata.v.1.0.19.fa.gz	Arabidopsis_lyrata.v.1.0.19.chrom.sizes
AT1G34670_A_lyrata_MN47_DAPi710G09-ORGi5038-96P151	https://ftp.sra.ebi.ac.uk/vol1/fastq/SRR311/045/SRR31196545/SRR31196545_1.fastq.gz	https://ftp.sra.ebi.ac.uk/vol1/fastq/SRR311/045/SRR31196545/SRR31196545_2.fastq.gz	Control_TF_DNA_A_lyrata_MN47_DAPi712H12-ORGi5038-96P155-repool	Arabidopsis_lyrata.v.1.0.19	Arabidopsis_lyrata.v.1.0.19.fa.gz	Arabidopsis_lyrata.v.1.0.19.chrom.sizes
AT1G36060_A_lyrata_MN47_DAPi709D02-ORGi5038-96P169	https://ftp.sra.ebi.ac.uk/vol1/fastq/SRR311/075/SRR31196075/SRR31196075_1.fastq.gz	https://ftp.sra.ebi.ac.uk/vol1/fastq/SRR311/075/SRR31196075/SRR31196075_2.fastq.gz	Control_TF_DNA_A_lyrata_MN47_DAPi712H12-ORGi5038-96P155-repool	Arabidopsis_lyrata.v.1.0.19	Arabidopsis_lyrata.v.1.0.19.fa.gz	Arabidopsis_lyrata.v.1.0.19.chrom.sizes
AT1G43700_A_lyrata_MN47_DAPi712C11-ORGi5038-96P155	https://ftp.sra.ebi.ac.uk/vol1/fastq/SRR311/023/SRR31195923/SRR31195923_1.fastq.gz	https://ftp.sra.ebi.ac.uk/vol1/fastq/SRR311/023/SRR31195923/SRR31195923_2.fastq.gz	Control_TF_DNA_A_lyrata_MN47_DAPi712H12-ORGi5038-96P155-repool	Arabidopsis_lyrata.v.1.0.19	Arabidopsis_lyrata.v.1.0.19.fa.gz	Arabidopsis_lyrata.v.1.0.19.chrom.sizes
AT1G46768_A_lyrata_MN47_DAPi709H03-ORGi5038-96P169	https://ftp.sra.ebi.ac.uk/vol1/fastq/SRR311/043/SRR31196043/SRR31196043_1.fastq.gz	https://ftp.sra.ebi.ac.uk/vol1/fastq/SRR311/043/SRR31196043/SRR31196043_2.fastq.gz	Control_TF_DNA_A_lyrata_MN47_DAPi712H12-ORGi5038-96P155-repool	Arabidopsis_lyrata.v.1.0.19	Arabidopsis_lyrata.v.1.0.19.fa.gz	Arabidopsis_lyrata.v.1.0.19.chrom.sizes
AT1G46768_A_lyrata_MN47_DAPi712G04-ORGi5038-96P220	https://ftp.sra.ebi.ac.uk/vol1/fastq/SRR311/049/SRR31196449/SRR31196449_1.fastq.gz	https://ftp.sra.ebi.ac.uk/vol1/fastq/SRR311/049/SRR31196449/SRR31196449_2.fastq.gz	Control_TF_DNA_A_lyrata_MN47_DAPi712H12-ORGi5038-96P155-repool	Arabidopsis_lyrata.v.1.0.19	Arabidopsis_lyrata.v.1.0.19.fa.gz	Arabidopsis_lyrata.v.1.0.19.chrom.sizes
AT1G47655_A_lyrata_MN47_DAPi710D05-ORGi5038-96P151	https://ftp.sra.ebi.ac.uk/vol1/fastq/SRR311/061/SRR31196461/SRR31196461_1.fastq.gz	https://ftp.sra.ebi.ac.uk/vol1/fastq/SRR311/061/SRR31196461/SRR31196461_2.fastq.gz	Control_TF_DNA_A_lyrata_MN47_DAPi712H12-ORGi5038-96P155-repool	Arabidopsis_lyrata.v.1.0.19	Arabidopsis_lyrata.v.1.0.19.fa.gz	Arabidopsis_lyrata.v.1.0.19.chrom.sizes
AT1G49010_A_lyrata_MN47_DAPi709F03-ORGi5038-96P169	https://ftp.sra.ebi.ac.uk/vol1/fastq/SRR311/068/SRR31196468/SRR31196468_1.fastq.gz	https://ftp.sra.ebi.ac.uk/vol1/fastq/SRR311/068/SRR31196468/SRR31196468_2.fastq.gz	Control_TF_DNA_A_lyrata_MN47_DAPi712H12-ORGi5038-96P155-repool	Arabidopsis_lyrata.v.1.0.19	Arabidopsis_lyrata.v.1.0.19.fa.gz	Arabidopsis_lyrata.v.1.0.19.chrom.sizes
AT1G49480_A_lyrata_MN47_DAPi711D12-ORGi5038-96P166	https://ftp.sra.ebi.ac.uk/vol1/fastq/SRR311/001/SRR31195901/SRR31195901_1.fastq.gz	https://ftp.sra.ebi.ac.uk/vol1/fastq/SRR311/001/SRR31195901/SRR31195901_2.fastq.gz	Control_TF_DNA_A_lyrata_MN47_DAPi712H12-ORGi5038-96P155-repool	Arabidopsis_lyrata.v.1.0.19	Arabidopsis_lyrata.v.1.0.19.fa.gz	Arabidopsis_lyrata.v.1.0.19.chrom.sizes
AT1G49480_A_lyrata_MN47_DAPi712A04-ORGi5038-96P220	https://ftp.sra.ebi.ac.uk/vol1/fastq/SRR311/075/SRR31196275/SRR31196275_1.fastq.gz	https://ftp.sra.ebi.ac.uk/vol1/fastq/SRR311/075/SRR31196275/SRR31196275_2.fastq.gz	Control_TF_DNA_A_lyrata_MN47_DAPi712H12-ORGi5038-96P155-repool	Arabidopsis_lyrata.v.1.0.19	Arabidopsis_lyrata.v.1.0.19.fa.gz	Arabidopsis_lyrata.v.1.0.19.chrom.sizes
AT1G50640_A_lyrata_MN47_DAPi709G04-ORGi5038-96P169	https://ftp.sra.ebi.ac.uk/vol1/fastq/SRR311/067/SRR31195767/SRR31195767_1.fastq.gz	https://ftp.sra.ebi.ac.uk/vol1/fastq/SRR311/067/SRR31195767/SRR31195767_2.fastq.gz	Control_TF_DNA_A_lyrata_MN47_DAPi712H12-ORGi5038-96P155-repool	Arabidopsis_lyrata.v.1.0.19	Arabidopsis_lyrata.v.1.0.19.fa.gz	Arabidopsis_lyrata.v.1.0.19.chrom.sizes
AT1G51220_A_lyrata_MN47_DAPi709G12-ORGi5038-96P169	https://ftp.sra.ebi.ac.uk/vol1/fastq/SRR311/049/SRR31196549/SRR31196549_1.fastq.gz	https://ftp.sra.ebi.ac.uk/vol1/fastq/SRR311/049/SRR31196549/SRR31196549_2.fastq.gz	Control_TF_DNA_A_lyrata_MN47_DAPi712H12-ORGi5038-96P155-repool	Arabidopsis_lyrata.v.1.0.19	Arabidopsis_lyrata.v.1.0.19.fa.gz	Arabidopsis_lyrata.v.1.0.19.chrom.sizes
AT1G52880_A_lyrata_MN47_DAPi712B12-ORGi5038-96P155	https://ftp.sra.ebi.ac.uk/vol1/fastq/SRR311/075/SRR31196175/SRR31196175_1.fastq.gz	https://ftp.sra.ebi.ac.uk/vol1/fastq/SRR311/075/SRR31196175/SRR31196175_2.fastq.gz	Control_TF_DNA_A_lyrata_MN47_DAPi712H12-ORGi5038-96P155-repool	Arabidopsis_lyrata.v.1.0.19	Arabidopsis_lyrata.v.1.0.19.fa.gz	Arabidopsis_lyrata.v.1.0.19.chrom.sizes
AT1G52880_A_lyrata_MN47_DAPi712E12-ORGi5038-96P220	https://ftp.sra.ebi.ac.uk/vol1/fastq/SRR311/007/SRR31195807/SRR31195807_1.fastq.gz	https://ftp.sra.ebi.ac.uk/vol1/fastq/SRR311/007/SRR31195807/SRR31195807_2.fastq.gz	Control_TF_DNA_A_lyrata_MN47_DAPi712H12-ORGi5038-96P155-repool	Arabidopsis_lyrata.v.1.0.19	Arabidopsis_lyrata.v.1.0.19.fa.gz	Arabidopsis_lyrata.v.1.0.19.chrom.sizes
AT1G53170_A_lyrata_MN47_DAPi711H11-ORGi5038-96P166	https://ftp.sra.ebi.ac.uk/vol1/fastq/SRR311/008/SRR31196008/SRR31196008_1.fastq.gz	https://ftp.sra.ebi.ac.uk/vol1/fastq/SRR311/008/SRR31196008/SRR31196008_2.fastq.gz	Control_TF_DNA_A_lyrata_MN47_DAPi712H12-ORGi5038-96P155-repool	Arabidopsis_lyrata.v.1.0.19	Arabidopsis_lyrata.v.1.0.19.fa.gz	Arabidopsis_lyrata.v.1.0.19.chrom.sizes
AT1G53230_A_lyrata_MN47_DAPi709C08-ORGi5038-96P169	https://ftp.sra.ebi.ac.uk/vol1/fastq/SRR311/033/SRR31196233/SRR31196233_1.fastq.gz	https://ftp.sra.ebi.ac.uk/vol1/fastq/SRR311/033/SRR31196233/SRR31196233_2.fastq.gz	Control_TF_DNA_A_lyrata_MN47_DAPi712H12-ORGi5038-96P155-repool	Arabidopsis_lyrata.v.1.0.19	Arabidopsis_lyrata.v.1.0.19.fa.gz	Arabidopsis_lyrata.v.1.0.19.chrom.sizes
AT1G63030_A_lyrata_MN47_DAPi710C07-ORGi5038-96P151	https://ftp.sra.ebi.ac.uk/vol1/fastq/SRR311/024/SRR31196524/SRR31196524_1.fastq.gz	https://ftp.sra.ebi.ac.uk/vol1/fastq/SRR311/024/SRR31196524/SRR31196524_2.fastq.gz	Control_TF_DNA_A_lyrata_MN47_DAPi712H12-ORGi5038-96P155-repool	Arabidopsis_lyrata.v.1.0.19	Arabidopsis_lyrata.v.1.0.19.fa.gz	Arabidopsis_lyrata.v.1.0.19.chrom.sizes
AT1G64620_A_lyrata_MN47_DAPi711C04-ORGi5038-96P166	https://ftp.sra.ebi.ac.uk/vol1/fastq/SRR311/049/SRR31195849/SRR31195849_1.fastq.gz	https://ftp.sra.ebi.ac.uk/vol1/fastq/SRR311/049/SRR31195849/SRR31195849_2.fastq.gz	Control_TF_DNA_A_lyrata_MN47_DAPi712H12-ORGi5038-96P155-repool	Arabidopsis_lyrata.v.1.0.19	Arabidopsis_lyrata.v.1.0.19.fa.gz	Arabidopsis_lyrata.v.1.0.19.chrom.sizes
AT1G68320_A_lyrata_MN47_DAPi709H11-ORGi5038-96P169	https://ftp.sra.ebi.ac.uk/vol1/fastq/SRR311/047/SRR31196147/SRR31196147_1.fastq.gz	https://ftp.sra.ebi.ac.uk/vol1/fastq/SRR311/047/SRR31196147/SRR31196147_2.fastq.gz	Control_TF_DNA_A_lyrata_MN47_DAPi712H12-ORGi5038-96P155-repool	Arabidopsis_lyrata.v.1.0.19	Arabidopsis_lyrata.v.1.0.19.fa.gz	Arabidopsis_lyrata.v.1.0.19.chrom.sizes
AT1G69180_A_lyrata_MN47_DAPi709G09-ORGi5038-96P169	https://ftp.sra.ebi.ac.uk/vol1/fastq/SRR311/011/SRR31196411/SRR31196411_1.fastq.gz	https://ftp.sra.ebi.ac.uk/vol1/fastq/SRR311/011/SRR31196411/SRR31196411_2.fastq.gz	Control_TF_DNA_A_lyrata_MN47_DAPi712H12-ORGi5038-96P155-repool	Arabidopsis_lyrata.v.1.0.19	Arabidopsis_lyrata.v.1.0.19.fa.gz	Arabidopsis_lyrata.v.1.0.19.chrom.sizes
AT1G69180_A_lyrata_MN47_DAPi712G05-ORGi5038-96P220	https://ftp.sra.ebi.ac.uk/vol1/fastq/SRR311/073/SRR31196473/SRR31196473_1.fastq.gz	https://ftp.sra.ebi.ac.uk/vol1/fastq/SRR311/073/SRR31196473/SRR31196473_2.fastq.gz	Control_TF_DNA_A_lyrata_MN47_DAPi712H12-ORGi5038-96P155-repool	Arabidopsis_lyrata.v.1.0.19	Arabidopsis_lyrata.v.1.0.19.fa.gz	Arabidopsis_lyrata.v.1.0.19.chrom.sizes
AT1G69490_A_lyrata_MN47_DAPi712A09-ORGi5038-96P155	https://ftp.sra.ebi.ac.uk/vol1/fastq/SRR311/037/SRR31195837/SRR31195837_1.fastq.gz	https://ftp.sra.ebi.ac.uk/vol1/fastq/SRR311/037/SRR31195837/SRR31195837_2.fastq.gz	Control_TF_DNA_A_lyrata_MN47_DAPi712H12-ORGi5038-96P155-repool	Arabidopsis_lyrata.v.1.0.19	Arabidopsis_lyrata.v.1.0.19.fa.gz	Arabidopsis_lyrata.v.1.0.19.chrom.sizes
AT1G69570_A_lyrata_MN47_DAPi710F11-ORGi5038-96P151	https://ftp.sra.ebi.ac.uk/vol1/fastq/SRR311/007/SRR31196607/SRR31196607_1.fastq.gz	https://ftp.sra.ebi.ac.uk/vol1/fastq/SRR311/007/SRR31196607/SRR31196607_2.fastq.gz	Control_TF_DNA_A_lyrata_MN47_DAPi712H12-ORGi5038-96P155-repool	Arabidopsis_lyrata.v.1.0.19	Arabidopsis_lyrata.v.1.0.19.fa.gz	Arabidopsis_lyrata.v.1.0.19.chrom.sizes
AT1G69690_A_lyrata_MN47_DAPi711G05-ORGi5038-96P166	https://ftp.sra.ebi.ac.uk/vol1/fastq/SRR311/001/SRR31196001/SRR31196001_1.fastq.gz	https://ftp.sra.ebi.ac.uk/vol1/fastq/SRR311/001/SRR31196001/SRR31196001_2.fastq.gz	Control_TF_DNA_A_lyrata_MN47_DAPi712H12-ORGi5038-96P155-repool	Arabidopsis_lyrata.v.1.0.19	Arabidopsis_lyrata.v.1.0.19.fa.gz	Arabidopsis_lyrata.v.1.0.19.chrom.sizes
AT1G69690_A_lyrata_MN47_DAPi712C02-ORGi5038-96P220	https://ftp.sra.ebi.ac.uk/vol1/fastq/SRR311/055/SRR31196555/SRR31196555_1.fastq.gz	https://ftp.sra.ebi.ac.uk/vol1/fastq/SRR311/055/SRR31196555/SRR31196555_2.fastq.gz	Control_TF_DNA_A_lyrata_MN47_DAPi712H12-ORGi5038-96P155-repool	Arabidopsis_lyrata.v.1.0.19	Arabidopsis_lyrata.v.1.0.19.fa.gz	Arabidopsis_lyrata.v.1.0.19.chrom.sizes
AT1G69780_A_lyrata_MN47_DAPi711G07-ORGi5038-96P166	https://ftp.sra.ebi.ac.uk/vol1/fastq/SRR311/067/SRR31196267/SRR31196267_1.fastq.gz	https://ftp.sra.ebi.ac.uk/vol1/fastq/SRR311/067/SRR31196267/SRR31196267_2.fastq.gz	Control_TF_DNA_A_lyrata_MN47_DAPi712H12-ORGi5038-96P155-repool	Arabidopsis_lyrata.v.1.0.19	Arabidopsis_lyrata.v.1.0.19.fa.gz	Arabidopsis_lyrata.v.1.0.19.chrom.sizes
AT1G69780_A_lyrata_MN47_DAPi712A03-ORGi5038-96P220	https://ftp.sra.ebi.ac.uk/vol1/fastq/SRR311/095/SRR31196095/SRR31196095_1.fastq.gz	https://ftp.sra.ebi.ac.uk/vol1/fastq/SRR311/095/SRR31196095/SRR31196095_2.fastq.gz	Control_TF_DNA_A_lyrata_MN47_DAPi712H12-ORGi5038-96P155-repool	Arabidopsis_lyrata.v.1.0.19	Arabidopsis_lyrata.v.1.0.19.fa.gz	Arabidopsis_lyrata.v.1.0.19.chrom.sizes
AT1G71450_A_lyrata_MN47_DAPi709G11-ORGi5038-96P169	https://ftp.sra.ebi.ac.uk/vol1/fastq/SRR311/012/SRR31196012/SRR31196012_1.fastq.gz	https://ftp.sra.ebi.ac.uk/vol1/fastq/SRR311/012/SRR31196012/SRR31196012_2.fastq.gz	Control_TF_DNA_A_lyrata_MN47_DAPi712H12-ORGi5038-96P155-repool	Arabidopsis_lyrata.v.1.0.19	Arabidopsis_lyrata.v.1.0.19.fa.gz	Arabidopsis_lyrata.v.1.0.19.chrom.sizes
AT1G72010_A_lyrata_MN47_DAPi711H03-ORGi5038-96P166	https://ftp.sra.ebi.ac.uk/vol1/fastq/SRR311/025/SRR31195825/SRR31195825_1.fastq.gz	https://ftp.sra.ebi.ac.uk/vol1/fastq/SRR311/025/SRR31195825/SRR31195825_2.fastq.gz	Control_TF_DNA_A_lyrata_MN47_DAPi712H12-ORGi5038-96P155-repool	Arabidopsis_lyrata.v.1.0.19	Arabidopsis_lyrata.v.1.0.19.fa.gz	Arabidopsis_lyrata.v.1.0.19.chrom.sizes
AT1G72740_A_lyrata_MN47_DAPi710H11-ORGi5038-96P151	https://ftp.sra.ebi.ac.uk/vol1/fastq/SRR311/015/SRR31196115/SRR31196115_1.fastq.gz	https://ftp.sra.ebi.ac.uk/vol1/fastq/SRR311/015/SRR31196115/SRR31196115_2.fastq.gz	Control_TF_DNA_A_lyrata_MN47_DAPi712H12-ORGi5038-96P155-repool	Arabidopsis_lyrata.v.1.0.19	Arabidopsis_lyrata.v.1.0.19.fa.gz	Arabidopsis_lyrata.v.1.0.19.chrom.sizes
AT1G72740_A_lyrata_MN47_DAPi712G09-ORGi5038-96P220	https://ftp.sra.ebi.ac.uk/vol1/fastq/SRR311/085/SRR31195685/SRR31195685_1.fastq.gz	https://ftp.sra.ebi.ac.uk/vol1/fastq/SRR311/085/SRR31195685/SRR31195685_2.fastq.gz	Control_TF_DNA_A_lyrata_MN47_DAPi712H12-ORGi5038-96P155-repool	Arabidopsis_lyrata.v.1.0.19	Arabidopsis_lyrata.v.1.0.19.fa.gz	Arabidopsis_lyrata.v.1.0.19.chrom.sizes
AT1G74480_A_lyrata_MN47_DAPi710H04-ORGi5038-96P151	https://ftp.sra.ebi.ac.uk/vol1/fastq/SRR311/035/SRR31196035/SRR31196035_1.fastq.gz	https://ftp.sra.ebi.ac.uk/vol1/fastq/SRR311/035/SRR31196035/SRR31196035_2.fastq.gz	Control_TF_DNA_A_lyrata_MN47_DAPi712H12-ORGi5038-96P155-repool	Arabidopsis_lyrata.v.1.0.19	Arabidopsis_lyrata.v.1.0.19.fa.gz	Arabidopsis_lyrata.v.1.0.19.chrom.sizes
AT1G74480_A_lyrata_MN47_DAPi712D07-ORGi5038-96P220	https://ftp.sra.ebi.ac.uk/vol1/fastq/SRR311/019/SRR31195919/SRR31195919_1.fastq.gz	https://ftp.sra.ebi.ac.uk/vol1/fastq/SRR311/019/SRR31195919/SRR31195919_2.fastq.gz	Control_TF_DNA_A_lyrata_MN47_DAPi712H12-ORGi5038-96P155-repool	Arabidopsis_lyrata.v.1.0.19	Arabidopsis_lyrata.v.1.0.19.fa.gz	Arabidopsis_lyrata.v.1.0.19.chrom.sizes
AT1G74650_A_lyrata_MN47_DAPi710H08-ORGi5038-96P151	https://ftp.sra.ebi.ac.uk/vol1/fastq/SRR311/013/SRR31196113/SRR31196113_1.fastq.gz	https://ftp.sra.ebi.ac.uk/vol1/fastq/SRR311/013/SRR31196113/SRR31196113_2.fastq.gz	Control_TF_DNA_A_lyrata_MN47_DAPi712H12-ORGi5038-96P155-repool	Arabidopsis_lyrata.v.1.0.19	Arabidopsis_lyrata.v.1.0.19.fa.gz	Arabidopsis_lyrata.v.1.0.19.chrom.sizes
AT1G75240_A_lyrata_MN47_DAPi710C12-ORGi5038-96P151	https://ftp.sra.ebi.ac.uk/vol1/fastq/SRR311/061/SRR31195661/SRR31195661_1.fastq.gz	https://ftp.sra.ebi.ac.uk/vol1/fastq/SRR311/061/SRR31195661/SRR31195661_2.fastq.gz	Control_TF_DNA_A_lyrata_MN47_DAPi712H12-ORGi5038-96P155-repool	Arabidopsis_lyrata.v.1.0.19	Arabidopsis_lyrata.v.1.0.19.fa.gz	Arabidopsis_lyrata.v.1.0.19.chrom.sizes
AT1G75390_A_lyrata_MN47_DAPi712E08-ORGi5038-96P155	https://ftp.sra.ebi.ac.uk/vol1/fastq/SRR311/061/SRR31196361/SRR31196361_1.fastq.gz	https://ftp.sra.ebi.ac.uk/vol1/fastq/SRR311/061/SRR31196361/SRR31196361_2.fastq.gz	Control_TF_DNA_A_lyrata_MN47_DAPi712H12-ORGi5038-96P155-repool	Arabidopsis_lyrata.v.1.0.19	Arabidopsis_lyrata.v.1.0.19.fa.gz	Arabidopsis_lyrata.v.1.0.19.chrom.sizes
AT1G76420_A_lyrata_MN47_DAPi710C10-ORGi5038-96P151	https://ftp.sra.ebi.ac.uk/vol1/fastq/SRR311/033/SRR31196333/SRR31196333_1.fastq.gz	https://ftp.sra.ebi.ac.uk/vol1/fastq/SRR311/033/SRR31196333/SRR31196333_2.fastq.gz	Control_TF_DNA_A_lyrata_MN47_DAPi712H12-ORGi5038-96P155-repool	Arabidopsis_lyrata.v.1.0.19	Arabidopsis_lyrata.v.1.0.19.fa.gz	Arabidopsis_lyrata.v.1.0.19.chrom.sizes
AT1G76420_A_lyrata_MN47_DAPi712C09-ORGi5038-96P220	https://ftp.sra.ebi.ac.uk/vol1/fastq/SRR311/081/SRR31196081/SRR31196081_1.fastq.gz	https://ftp.sra.ebi.ac.uk/vol1/fastq/SRR311/081/SRR31196081/SRR31196081_2.fastq.gz	Control_TF_DNA_A_lyrata_MN47_DAPi712H12-ORGi5038-96P155-repool	Arabidopsis_lyrata.v.1.0.19	Arabidopsis_lyrata.v.1.0.19.fa.gz	Arabidopsis_lyrata.v.1.0.19.chrom.sizes
AT1G76880_A_lyrata_MN47_DAPi712E06-ORGi5038-96P155	https://ftp.sra.ebi.ac.uk/vol1/fastq/SRR311/031/SRR31196531/SRR31196531_1.fastq.gz	https://ftp.sra.ebi.ac.uk/vol1/fastq/SRR311/031/SRR31196531/SRR31196531_2.fastq.gz	Control_TF_DNA_A_lyrata_MN47_DAPi712H12-ORGi5038-96P155-repool	Arabidopsis_lyrata.v.1.0.19	Arabidopsis_lyrata.v.1.0.19.fa.gz	Arabidopsis_lyrata.v.1.0.19.chrom.sizes
AT1G76880_A_lyrata_MN47_DAPi712F11-ORGi5038-96P220	https://ftp.sra.ebi.ac.uk/vol1/fastq/SRR311/077/SRR31195977/SRR31195977_1.fastq.gz	https://ftp.sra.ebi.ac.uk/vol1/fastq/SRR311/077/SRR31195977/SRR31195977_2.fastq.gz	Control_TF_DNA_A_lyrata_MN47_DAPi712H12-ORGi5038-96P155-repool	Arabidopsis_lyrata.v.1.0.19	Arabidopsis_lyrata.v.1.0.19.fa.gz	Arabidopsis_lyrata.v.1.0.19.chrom.sizes
AT1G77200_A_lyrata_MN47_DAPi710C05-ORGi5038-96P151	https://ftp.sra.ebi.ac.uk/vol1/fastq/SRR311/002/SRR31196502/SRR31196502_1.fastq.gz	https://ftp.sra.ebi.ac.uk/vol1/fastq/SRR311/002/SRR31196502/SRR31196502_2.fastq.gz	Control_TF_DNA_A_lyrata_MN47_DAPi712H12-ORGi5038-96P155-repool	Arabidopsis_lyrata.v.1.0.19	Arabidopsis_lyrata.v.1.0.19.fa.gz	Arabidopsis_lyrata.v.1.0.19.chrom.sizes
AT1G79180_A_lyrata_MN47_DAPi709H09-ORGi5038-96P169	https://ftp.sra.ebi.ac.uk/vol1/fastq/SRR311/035/SRR31195935/SRR31195935_1.fastq.gz	https://ftp.sra.ebi.ac.uk/vol1/fastq/SRR311/035/SRR31195935/SRR31195935_2.fastq.gz	Control_TF_DNA_A_lyrata_MN47_DAPi712H12-ORGi5038-96P155-repool	Arabidopsis_lyrata.v.1.0.19	Arabidopsis_lyrata.v.1.0.19.fa.gz	Arabidopsis_lyrata.v.1.0.19.chrom.sizes
AT1G79580_A_lyrata_MN47_DAPi710H09-ORGi5038-96P151	https://ftp.sra.ebi.ac.uk/vol1/fastq/SRR311/001/SRR31196601/SRR31196601_1.fastq.gz	https://ftp.sra.ebi.ac.uk/vol1/fastq/SRR311/001/SRR31196601/SRR31196601_2.fastq.gz	Control_TF_DNA_A_lyrata_MN47_DAPi712H12-ORGi5038-96P155-repool	Arabidopsis_lyrata.v.1.0.19	Arabidopsis_lyrata.v.1.0.19.fa.gz	Arabidopsis_lyrata.v.1.0.19.chrom.sizes
AT1G79580_A_lyrata_MN47_DAPi712B09-ORGi5038-96P220	https://ftp.sra.ebi.ac.uk/vol1/fastq/SRR311/005/SRR31196305/SRR31196305_1.fastq.gz	https://ftp.sra.ebi.ac.uk/vol1/fastq/SRR311/005/SRR31196305/SRR31196305_2.fastq.gz	Control_TF_DNA_A_lyrata_MN47_DAPi712H12-ORGi5038-96P155-repool	Arabidopsis_lyrata.v.1.0.19	Arabidopsis_lyrata.v.1.0.19.fa.gz	Arabidopsis_lyrata.v.1.0.19.chrom.sizes
AT1G80840_A_lyrata_MN47_DAPi711A11-ORGi5038-96P166	https://ftp.sra.ebi.ac.uk/vol1/fastq/SRR311/069/SRR31195869/SRR31195869_1.fastq.gz	https://ftp.sra.ebi.ac.uk/vol1/fastq/SRR311/069/SRR31195869/SRR31195869_2.fastq.gz	Control_TF_DNA_A_lyrata_MN47_DAPi712H12-ORGi5038-96P155-repool	Arabidopsis_lyrata.v.1.0.19	Arabidopsis_lyrata.v.1.0.19.fa.gz	Arabidopsis_lyrata.v.1.0.19.chrom.sizes
AT1G80840_A_lyrata_MN47_DAPi712G03-ORGi5038-96P220	https://ftp.sra.ebi.ac.uk/vol1/fastq/SRR311/041/SRR31196341/SRR31196341_1.fastq.gz	https://ftp.sra.ebi.ac.uk/vol1/fastq/SRR311/041/SRR31196341/SRR31196341_2.fastq.gz	Control_TF_DNA_A_lyrata_MN47_DAPi712H12-ORGi5038-96P155-repool	Arabidopsis_lyrata.v.1.0.19	Arabidopsis_lyrata.v.1.0.19.fa.gz	Arabidopsis_lyrata.v.1.0.19.chrom.sizes
AT2G01060_A_lyrata_MN47_DAPi712F05-ORGi5038-96P220	https://ftp.sra.ebi.ac.uk/vol1/fastq/SRR311/059/SRR31196559/SRR31196559_1.fastq.gz	https://ftp.sra.ebi.ac.uk/vol1/fastq/SRR311/059/SRR31196559/SRR31196559_2.fastq.gz	Control_TF_DNA_A_lyrata_MN47_DAPi712H12-ORGi5038-96P155-repool	Arabidopsis_lyrata.v.1.0.19	Arabidopsis_lyrata.v.1.0.19.fa.gz	Arabidopsis_lyrata.v.1.0.19.chrom.sizes
AT2G01930_A_lyrata_MN47_DAPi709D06-ORGi5038-96P169	https://ftp.sra.ebi.ac.uk/vol1/fastq/SRR311/047/SRR31195647/SRR31195647_1.fastq.gz	https://ftp.sra.ebi.ac.uk/vol1/fastq/SRR311/047/SRR31195647/SRR31195647_2.fastq.gz	Control_TF_DNA_A_lyrata_MN47_DAPi712H12-ORGi5038-96P155-repool	Arabidopsis_lyrata.v.1.0.19	Arabidopsis_lyrata.v.1.0.19.fa.gz	Arabidopsis_lyrata.v.1.0.19.chrom.sizes
AT2G01930_A_lyrata_MN47_DAPi712D05-ORGi5038-96P220	https://ftp.sra.ebi.ac.uk/vol1/fastq/SRR311/087/SRR31195787/SRR31195787_1.fastq.gz	https://ftp.sra.ebi.ac.uk/vol1/fastq/SRR311/087/SRR31195787/SRR31195787_2.fastq.gz	Control_TF_DNA_A_lyrata_MN47_DAPi712H12-ORGi5038-96P155-repool	Arabidopsis_lyrata.v.1.0.19	Arabidopsis_lyrata.v.1.0.19.fa.gz	Arabidopsis_lyrata.v.1.0.19.chrom.sizes
AT2G01940_A_lyrata_MN47_DAPi710C09-ORGi5038-96P151	https://ftp.sra.ebi.ac.uk/vol1/fastq/SRR311/075/SRR31195675/SRR31195675_1.fastq.gz	https://ftp.sra.ebi.ac.uk/vol1/fastq/SRR311/075/SRR31195675/SRR31195675_2.fastq.gz	Control_TF_DNA_A_lyrata_MN47_DAPi712H12-ORGi5038-96P155-repool	Arabidopsis_lyrata.v.1.0.19	Arabidopsis_lyrata.v.1.0.19.fa.gz	Arabidopsis_lyrata.v.1.0.19.chrom.sizes
AT2G01940_A_lyrata_MN47_DAPi712G08-ORGi5038-96P220	https://ftp.sra.ebi.ac.uk/vol1/fastq/SRR311/063/SRR31196463/SRR31196463_1.fastq.gz	https://ftp.sra.ebi.ac.uk/vol1/fastq/SRR311/063/SRR31196463/SRR31196463_2.fastq.gz	Control_TF_DNA_A_lyrata_MN47_DAPi712H12-ORGi5038-96P155-repool	Arabidopsis_lyrata.v.1.0.19	Arabidopsis_lyrata.v.1.0.19.fa.gz	Arabidopsis_lyrata.v.1.0.19.chrom.sizes
AT2G02820_A_lyrata_MN47_DAPi710B09-ORGi5038-96P151	https://ftp.sra.ebi.ac.uk/vol1/fastq/SRR311/021/SRR31195721/SRR31195721_1.fastq.gz	https://ftp.sra.ebi.ac.uk/vol1/fastq/SRR311/021/SRR31195721/SRR31195721_2.fastq.gz	Control_TF_DNA_A_lyrata_MN47_DAPi712H12-ORGi5038-96P155-repool	Arabidopsis_lyrata.v.1.0.19	Arabidopsis_lyrata.v.1.0.19.fa.gz	Arabidopsis_lyrata.v.1.0.19.chrom.sizes
AT2G02820_A_lyrata_MN47_DAPi712F08-ORGi5038-96P220	https://ftp.sra.ebi.ac.uk/vol1/fastq/SRR311/095/SRR31195995/SRR31195995_1.fastq.gz	https://ftp.sra.ebi.ac.uk/vol1/fastq/SRR311/095/SRR31195995/SRR31195995_2.fastq.gz	Control_TF_DNA_A_lyrata_MN47_DAPi712H12-ORGi5038-96P155-repool	Arabidopsis_lyrata.v.1.0.19	Arabidopsis_lyrata.v.1.0.19.fa.gz	Arabidopsis_lyrata.v.1.0.19.chrom.sizes
AT2G03500_A_lyrata_MN47_DAPi711H07-ORGi5038-96P166	https://ftp.sra.ebi.ac.uk/vol1/fastq/SRR311/031/SRR31196031/SRR31196031_1.fastq.gz	https://ftp.sra.ebi.ac.uk/vol1/fastq/SRR311/031/SRR31196031/SRR31196031_2.fastq.gz	Control_TF_DNA_A_lyrata_MN47_DAPi712H12-ORGi5038-96P155-repool	Arabidopsis_lyrata.v.1.0.19	Arabidopsis_lyrata.v.1.0.19.fa.gz	Arabidopsis_lyrata.v.1.0.19.chrom.sizes
AT2G15740_A_lyrata_MN47_DAPi710F08-ORGi5038-96P151	https://ftp.sra.ebi.ac.uk/vol1/fastq/SRR311/041/SRR31196241/SRR31196241_1.fastq.gz	https://ftp.sra.ebi.ac.uk/vol1/fastq/SRR311/041/SRR31196241/SRR31196241_2.fastq.gz	Control_TF_DNA_A_lyrata_MN47_DAPi712H12-ORGi5038-96P155-repool	Arabidopsis_lyrata.v.1.0.19	Arabidopsis_lyrata.v.1.0.19.fa.gz	Arabidopsis_lyrata.v.1.0.19.chrom.sizes
AT2G18380_A_lyrata_MN47_DAPi710H06-ORGi5038-96P151	https://ftp.sra.ebi.ac.uk/vol1/fastq/SRR311/099/SRR31195699/SRR31195699_1.fastq.gz	https://ftp.sra.ebi.ac.uk/vol1/fastq/SRR311/099/SRR31195699/SRR31195699_2.fastq.gz	Control_TF_DNA_A_lyrata_MN47_DAPi712H12-ORGi5038-96P155-repool	Arabidopsis_lyrata.v.1.0.19	Arabidopsis_lyrata.v.1.0.19.fa.gz	Arabidopsis_lyrata.v.1.0.19.chrom.sizes
AT2G18550_A_lyrata_MN47_DAPi710E06-ORGi5038-96P151	https://ftp.sra.ebi.ac.uk/vol1/fastq/SRR311/009/SRR31196409/SRR31196409_1.fastq.gz	https://ftp.sra.ebi.ac.uk/vol1/fastq/SRR311/009/SRR31196409/SRR31196409_2.fastq.gz	Control_TF_DNA_A_lyrata_MN47_DAPi712H12-ORGi5038-96P155-repool	Arabidopsis_lyrata.v.1.0.19	Arabidopsis_lyrata.v.1.0.19.fa.gz	Arabidopsis_lyrata.v.1.0.19.chrom.sizes
AT2G18550_A_lyrata_MN47_DAPi712E07-ORGi5038-96P220	https://ftp.sra.ebi.ac.uk/vol1/fastq/SRR311/029/SRR31196529/SRR31196529_1.fastq.gz	https://ftp.sra.ebi.ac.uk/vol1/fastq/SRR311/029/SRR31196529/SRR31196529_2.fastq.gz	Control_TF_DNA_A_lyrata_MN47_DAPi712H12-ORGi5038-96P155-repool	Arabidopsis_lyrata.v.1.0.19	Arabidopsis_lyrata.v.1.0.19.fa.gz	Arabidopsis_lyrata.v.1.0.19.chrom.sizes
AT2G20400_A_lyrata_MN47_DAPi709E09-ORGi5038-96P169	https://ftp.sra.ebi.ac.uk/vol1/fastq/SRR311/029/SRR31196129/SRR31196129_1.fastq.gz	https://ftp.sra.ebi.ac.uk/vol1/fastq/SRR311/029/SRR31196129/SRR31196129_2.fastq.gz	Control_TF_DNA_A_lyrata_MN47_DAPi712H12-ORGi5038-96P155-repool	Arabidopsis_lyrata.v.1.0.19	Arabidopsis_lyrata.v.1.0.19.fa.gz	Arabidopsis_lyrata.v.1.0.19.chrom.sizes
AT2G22430_A_lyrata_MN47_DAPi711F07-ORGi5038-96P166	https://ftp.sra.ebi.ac.uk/vol1/fastq/SRR311/053/SRR31195853/SRR31195853_1.fastq.gz	https://ftp.sra.ebi.ac.uk/vol1/fastq/SRR311/053/SRR31195853/SRR31195853_2.fastq.gz	Control_TF_DNA_A_lyrata_MN47_DAPi712H12-ORGi5038-96P155-repool	Arabidopsis_lyrata.v.1.0.19	Arabidopsis_lyrata.v.1.0.19.fa.gz	Arabidopsis_lyrata.v.1.0.19.chrom.sizes
AT2G22430_A_lyrata_MN47_DAPi712H02-ORGi5038-96P220	https://ftp.sra.ebi.ac.uk/vol1/fastq/SRR311/041/SRR31196541/SRR31196541_1.fastq.gz	https://ftp.sra.ebi.ac.uk/vol1/fastq/SRR311/041/SRR31196541/SRR31196541_2.fastq.gz	Control_TF_DNA_A_lyrata_MN47_DAPi712H12-ORGi5038-96P155-repool	Arabidopsis_lyrata.v.1.0.19	Arabidopsis_lyrata.v.1.0.19.fa.gz	Arabidopsis_lyrata.v.1.0.19.chrom.sizes
AT2G23290_A_lyrata_MN47_DAPi712A02-ORGi5038-96P155	https://ftp.sra.ebi.ac.uk/vol1/fastq/SRR311/071/SRR31196371/SRR31196371_1.fastq.gz	https://ftp.sra.ebi.ac.uk/vol1/fastq/SRR311/071/SRR31196371/SRR31196371_2.fastq.gz	Control_TF_DNA_A_lyrata_MN47_DAPi712H12-ORGi5038-96P155-repool	Arabidopsis_lyrata.v.1.0.19	Arabidopsis_lyrata.v.1.0.19.fa.gz	Arabidopsis_lyrata.v.1.0.19.chrom.sizes
AT2G23320_A_lyrata_MN47_DAPi711E01-ORGi5038-96P166	https://ftp.sra.ebi.ac.uk/vol1/fastq/SRR311/055/SRR31196455/SRR31196455_1.fastq.gz	https://ftp.sra.ebi.ac.uk/vol1/fastq/SRR311/055/SRR31196455/SRR31196455_2.fastq.gz	Control_TF_DNA_A_lyrata_MN47_DAPi712H12-ORGi5038-96P155-repool	Arabidopsis_lyrata.v.1.0.19	Arabidopsis_lyrata.v.1.0.19.fa.gz	Arabidopsis_lyrata.v.1.0.19.chrom.sizes
AT2G23340_A_lyrata_MN47_DAPi711E08-ORGi5038-96P166	https://ftp.sra.ebi.ac.uk/vol1/fastq/SRR311/061/SRR31196561/SRR31196561_1.fastq.gz	https://ftp.sra.ebi.ac.uk/vol1/fastq/SRR311/061/SRR31196561/SRR31196561_2.fastq.gz	Control_TF_DNA_A_lyrata_MN47_DAPi712H12-ORGi5038-96P155-repool	Arabidopsis_lyrata.v.1.0.19	Arabidopsis_lyrata.v.1.0.19.fa.gz	Arabidopsis_lyrata.v.1.0.19.chrom.sizes
AT2G24430_A_lyrata_MN47_DAPi709B10-ORGi5038-96P169	https://ftp.sra.ebi.ac.uk/vol1/fastq/SRR311/071/SRR31196271/SRR31196271_1.fastq.gz	https://ftp.sra.ebi.ac.uk/vol1/fastq/SRR311/071/SRR31196271/SRR31196271_2.fastq.gz	Control_TF_DNA_A_lyrata_MN47_DAPi712H12-ORGi5038-96P155-repool	Arabidopsis_lyrata.v.1.0.19	Arabidopsis_lyrata.v.1.0.19.fa.gz	Arabidopsis_lyrata.v.1.0.19.chrom.sizes
AT2G26960_A_lyrata_MN47_DAPi710D11-ORGi5038-96P151	https://ftp.sra.ebi.ac.uk/vol1/fastq/SRR311/020/SRR31196520/SRR31196520_1.fastq.gz	https://ftp.sra.ebi.ac.uk/vol1/fastq/SRR311/020/SRR31196520/SRR31196520_2.fastq.gz	Control_TF_DNA_A_lyrata_MN47_DAPi712H12-ORGi5038-96P155-repool	Arabidopsis_lyrata.v.1.0.19	Arabidopsis_lyrata.v.1.0.19.fa.gz	Arabidopsis_lyrata.v.1.0.19.chrom.sizes
AT2G28810_A_lyrata_MN47_DAPi710A06-ORGi5038-96P151	https://ftp.sra.ebi.ac.uk/vol1/fastq/SRR311/081/SRR31196581/SRR31196581_1.fastq.gz	https://ftp.sra.ebi.ac.uk/vol1/fastq/SRR311/081/SRR31196581/SRR31196581_2.fastq.gz	Control_TF_DNA_A_lyrata_MN47_DAPi712H12-ORGi5038-96P155-repool	Arabidopsis_lyrata.v.1.0.19	Arabidopsis_lyrata.v.1.0.19.fa.gz	Arabidopsis_lyrata.v.1.0.19.chrom.sizes
AT2G30250_A_lyrata_MN47_DAPi711B11-ORGi5038-96P166	https://ftp.sra.ebi.ac.uk/vol1/fastq/SRR311/087/SRR31195887/SRR31195887_1.fastq.gz	https://ftp.sra.ebi.ac.uk/vol1/fastq/SRR311/087/SRR31195887/SRR31195887_2.fastq.gz	Control_TF_DNA_A_lyrata_MN47_DAPi712H12-ORGi5038-96P155-repool	Arabidopsis_lyrata.v.1.0.19	Arabidopsis_lyrata.v.1.0.19.fa.gz	Arabidopsis_lyrata.v.1.0.19.chrom.sizes
AT2G30250_A_lyrata_MN47_DAPi712H03-ORGi5038-96P220	https://ftp.sra.ebi.ac.uk/vol1/fastq/SRR311/053/SRR31196153/SRR31196153_1.fastq.gz	https://ftp.sra.ebi.ac.uk/vol1/fastq/SRR311/053/SRR31196153/SRR31196153_2.fastq.gz	Control_TF_DNA_A_lyrata_MN47_DAPi712H12-ORGi5038-96P155-repool	Arabidopsis_lyrata.v.1.0.19	Arabidopsis_lyrata.v.1.0.19.fa.gz	Arabidopsis_lyrata.v.1.0.19.chrom.sizes
AT2G30340_A_lyrata_MN47_DAPi710H03-ORGi5038-96P151	https://ftp.sra.ebi.ac.uk/vol1/fastq/SRR311/039/SRR31196439/SRR31196439_1.fastq.gz	https://ftp.sra.ebi.ac.uk/vol1/fastq/SRR311/039/SRR31196439/SRR31196439_2.fastq.gz	Control_TF_DNA_A_lyrata_MN47_DAPi712H12-ORGi5038-96P155-repool	Arabidopsis_lyrata.v.1.0.19	Arabidopsis_lyrata.v.1.0.19.fa.gz	Arabidopsis_lyrata.v.1.0.19.chrom.sizes
AT2G31230_A_lyrata_MN47_DAPi711G02-ORGi5038-96P166	https://ftp.sra.ebi.ac.uk/vol1/fastq/SRR311/019/SRR31196219/SRR31196219_1.fastq.gz	https://ftp.sra.ebi.ac.uk/vol1/fastq/SRR311/019/SRR31196219/SRR31196219_2.fastq.gz	Control_TF_DNA_A_lyrata_MN47_DAPi712H12-ORGi5038-96P155-repool	Arabidopsis_lyrata.v.1.0.19	Arabidopsis_lyrata.v.1.0.19.fa.gz	Arabidopsis_lyrata.v.1.0.19.chrom.sizes
AT2G32460_A_lyrata_MN47_DAPi709G05-ORGi5038-96P169	https://ftp.sra.ebi.ac.uk/vol1/fastq/SRR311/017/SRR31196317/SRR31196317_1.fastq.gz	https://ftp.sra.ebi.ac.uk/vol1/fastq/SRR311/017/SRR31196317/SRR31196317_2.fastq.gz	Control_TF_DNA_A_lyrata_MN47_DAPi712H12-ORGi5038-96P155-repool	Arabidopsis_lyrata.v.1.0.19	Arabidopsis_lyrata.v.1.0.19.fa.gz	Arabidopsis_lyrata.v.1.0.19.chrom.sizes
AT2G33550_A_lyrata_MN47_DAPi710F01-ORGi5038-96P151	https://ftp.sra.ebi.ac.uk/vol1/fastq/SRR311/065/SRR31196065/SRR31196065_1.fastq.gz	https://ftp.sra.ebi.ac.uk/vol1/fastq/SRR311/065/SRR31196065/SRR31196065_2.fastq.gz	Control_TF_DNA_A_lyrata_MN47_DAPi712H12-ORGi5038-96P155-repool	Arabidopsis_lyrata.v.1.0.19	Arabidopsis_lyrata.v.1.0.19.fa.gz	Arabidopsis_lyrata.v.1.0.19.chrom.sizes
AT2G35530_A_lyrata_MN47_DAPi712G09-ORGi5038-96P155	https://ftp.sra.ebi.ac.uk/vol1/fastq/SRR311/015/SRR31196415/SRR31196415_1.fastq.gz	https://ftp.sra.ebi.ac.uk/vol1/fastq/SRR311/015/SRR31196415/SRR31196415_2.fastq.gz	Control_TF_DNA_A_lyrata_MN47_DAPi712H12-ORGi5038-96P155-repool	Arabidopsis_lyrata.v.1.0.19	Arabidopsis_lyrata.v.1.0.19.fa.gz	Arabidopsis_lyrata.v.1.0.19.chrom.sizes
AT2G37590_A_lyrata_MN47_DAPi710E09-ORGi5038-96P151	https://ftp.sra.ebi.ac.uk/vol1/fastq/SRR311/099/SRR31196099/SRR31196099_1.fastq.gz	https://ftp.sra.ebi.ac.uk/vol1/fastq/SRR311/099/SRR31196099/SRR31196099_2.fastq.gz	Control_TF_DNA_A_lyrata_MN47_DAPi712H12-ORGi5038-96P155-repool	Arabidopsis_lyrata.v.1.0.19	Arabidopsis_lyrata.v.1.0.19.fa.gz	Arabidopsis_lyrata.v.1.0.19.chrom.sizes
AT2G40260_A_lyrata_MN47_DAPi709C12-ORGi5038-96P169	https://ftp.sra.ebi.ac.uk/vol1/fastq/SRR311/041/SRR31195841/SRR31195841_1.fastq.gz	https://ftp.sra.ebi.ac.uk/vol1/fastq/SRR311/041/SRR31195841/SRR31195841_2.fastq.gz	Control_TF_DNA_A_lyrata_MN47_DAPi712H12-ORGi5038-96P155-repool	Arabidopsis_lyrata.v.1.0.19	Arabidopsis_lyrata.v.1.0.19.fa.gz	Arabidopsis_lyrata.v.1.0.19.chrom.sizes
AT2G40620_A_lyrata_MN47_DAPi712B12-ORGi5038-96P220	https://ftp.sra.ebi.ac.uk/vol1/fastq/SRR311/042/SRR31196142/SRR31196142_1.fastq.gz	https://ftp.sra.ebi.ac.uk/vol1/fastq/SRR311/042/SRR31196142/SRR31196142_2.fastq.gz	Control_TF_DNA_A_lyrata_MN47_DAPi712H12-ORGi5038-96P155-repool	Arabidopsis_lyrata.v.1.0.19	Arabidopsis_lyrata.v.1.0.19.fa.gz	Arabidopsis_lyrata.v.1.0.19.chrom.sizes
AT2G40740_A_lyrata_MN47_DAPi710C11-ORGi5038-96P151	https://ftp.sra.ebi.ac.uk/vol1/fastq/SRR311/090/SRR31196490/SRR31196490_1.fastq.gz	https://ftp.sra.ebi.ac.uk/vol1/fastq/SRR311/090/SRR31196490/SRR31196490_2.fastq.gz	Control_TF_DNA_A_lyrata_MN47_DAPi712H12-ORGi5038-96P155-repool	Arabidopsis_lyrata.v.1.0.19	Arabidopsis_lyrata.v.1.0.19.fa.gz	Arabidopsis_lyrata.v.1.0.19.chrom.sizes
AT2G42430_A_lyrata_MN47_DAPi710E01-ORGi5038-96P151	https://ftp.sra.ebi.ac.uk/vol1/fastq/SRR311/075/SRR31196375/SRR31196375_1.fastq.gz	https://ftp.sra.ebi.ac.uk/vol1/fastq/SRR311/075/SRR31196375/SRR31196375_2.fastq.gz	Control_TF_DNA_A_lyrata_MN47_DAPi712H12-ORGi5038-96P155-repool	Arabidopsis_lyrata.v.1.0.19	Arabidopsis_lyrata.v.1.0.19.fa.gz	Arabidopsis_lyrata.v.1.0.19.chrom.sizes
AT2G44940_A_lyrata_MN47_DAPi709F02-ORGi5038-96P169	https://ftp.sra.ebi.ac.uk/vol1/fastq/SRR311/095/SRR31196395/SRR31196395_1.fastq.gz	https://ftp.sra.ebi.ac.uk/vol1/fastq/SRR311/095/SRR31196395/SRR31196395_2.fastq.gz	Control_TF_DNA_A_lyrata_MN47_DAPi712H12-ORGi5038-96P155-repool	Arabidopsis_lyrata.v.1.0.19	Arabidopsis_lyrata.v.1.0.19.fa.gz	Arabidopsis_lyrata.v.1.0.19.chrom.sizes
AT2G45410_A_lyrata_MN47_DAPi710B02-ORGi5038-96P151	https://ftp.sra.ebi.ac.uk/vol1/fastq/SRR311/061/SRR31195961/SRR31195961_1.fastq.gz	https://ftp.sra.ebi.ac.uk/vol1/fastq/SRR311/061/SRR31195961/SRR31195961_2.fastq.gz	Control_TF_DNA_A_lyrata_MN47_DAPi712H12-ORGi5038-96P155-repool	Arabidopsis_lyrata.v.1.0.19	Arabidopsis_lyrata.v.1.0.19.fa.gz	Arabidopsis_lyrata.v.1.0.19.chrom.sizes
AT2G45420_A_lyrata_MN47_DAPi712F06-ORGi5038-96P220	https://ftp.sra.ebi.ac.uk/vol1/fastq/SRR311/059/SRR31195959/SRR31195959_1.fastq.gz	https://ftp.sra.ebi.ac.uk/vol1/fastq/SRR311/059/SRR31195959/SRR31195959_2.fastq.gz	Control_TF_DNA_A_lyrata_MN47_DAPi712H12-ORGi5038-96P155-repool	Arabidopsis_lyrata.v.1.0.19	Arabidopsis_lyrata.v.1.0.19.fa.gz	Arabidopsis_lyrata.v.1.0.19.chrom.sizes
AT2G45480_A_lyrata_MN47_DAPi710G11-ORGi5038-96P151	https://ftp.sra.ebi.ac.uk/vol1/fastq/SRR311/091/SRR31196091/SRR31196091_1.fastq.gz	https://ftp.sra.ebi.ac.uk/vol1/fastq/SRR311/091/SRR31196091/SRR31196091_2.fastq.gz	Control_TF_DNA_A_lyrata_MN47_DAPi712H12-ORGi5038-96P155-repool	Arabidopsis_lyrata.v.1.0.19	Arabidopsis_lyrata.v.1.0.19.fa.gz	Arabidopsis_lyrata.v.1.0.19.chrom.sizes
AT2G45480_A_lyrata_MN47_DAPi712F09-ORGi5038-96P220	https://ftp.sra.ebi.ac.uk/vol1/fastq/SRR311/021/SRR31196121/SRR31196121_1.fastq.gz	https://ftp.sra.ebi.ac.uk/vol1/fastq/SRR311/021/SRR31196121/SRR31196121_2.fastq.gz	Control_TF_DNA_A_lyrata_MN47_DAPi712H12-ORGi5038-96P155-repool	Arabidopsis_lyrata.v.1.0.19	Arabidopsis_lyrata.v.1.0.19.fa.gz	Arabidopsis_lyrata.v.1.0.19.chrom.sizes
AT2G46270_A_lyrata_MN47_DAPi712H11-ORGi5038-96P220	https://ftp.sra.ebi.ac.uk/vol1/fastq/SRR311/049/SRR31195949/SRR31195949_1.fastq.gz	https://ftp.sra.ebi.ac.uk/vol1/fastq/SRR311/049/SRR31195949/SRR31195949_2.fastq.gz	Control_TF_DNA_A_lyrata_MN47_DAPi712H12-ORGi5038-96P155-repool	Arabidopsis_lyrata.v.1.0.19	Arabidopsis_lyrata.v.1.0.19.fa.gz	Arabidopsis_lyrata.v.1.0.19.chrom.sizes
AT2G46590_A_lyrata_MN47_DAPi711B10-ORGi5038-96P166	https://ftp.sra.ebi.ac.uk/vol1/fastq/SRR311/013/SRR31195813/SRR31195813_1.fastq.gz	https://ftp.sra.ebi.ac.uk/vol1/fastq/SRR311/013/SRR31195813/SRR31195813_2.fastq.gz	Control_TF_DNA_A_lyrata_MN47_DAPi712H12-ORGi5038-96P155-repool	Arabidopsis_lyrata.v.1.0.19	Arabidopsis_lyrata.v.1.0.19.fa.gz	Arabidopsis_lyrata.v.1.0.19.chrom.sizes
AT2G46680_A_lyrata_MN47_DAPi711E11-ORGi5038-96P166	https://ftp.sra.ebi.ac.uk/vol1/fastq/SRR311/018/SRR31196018/SRR31196018_1.fastq.gz	https://ftp.sra.ebi.ac.uk/vol1/fastq/SRR311/018/SRR31196018/SRR31196018_2.fastq.gz	Control_TF_DNA_A_lyrata_MN47_DAPi712H12-ORGi5038-96P155-repool	Arabidopsis_lyrata.v.1.0.19	Arabidopsis_lyrata.v.1.0.19.fa.gz	Arabidopsis_lyrata.v.1.0.19.chrom.sizes
AT2G46770_A_lyrata_MN47_DAPi712D10-ORGi5038-96P155	https://ftp.sra.ebi.ac.uk/vol1/fastq/SRR311/069/SRR31195969/SRR31195969_1.fastq.gz	https://ftp.sra.ebi.ac.uk/vol1/fastq/SRR311/069/SRR31195969/SRR31195969_2.fastq.gz	Control_TF_DNA_A_lyrata_MN47_DAPi712H12-ORGi5038-96P155-repool	Arabidopsis_lyrata.v.1.0.19	Arabidopsis_lyrata.v.1.0.19.fa.gz	Arabidopsis_lyrata.v.1.0.19.chrom.sizes
AT2G47070_A_lyrata_MN47_DAPi712H04-ORGi5038-96P155	https://ftp.sra.ebi.ac.uk/vol1/fastq/SRR311/085/SRR31196385/SRR31196385_1.fastq.gz	https://ftp.sra.ebi.ac.uk/vol1/fastq/SRR311/085/SRR31196385/SRR31196385_2.fastq.gz	Control_TF_DNA_A_lyrata_MN47_DAPi712H12-ORGi5038-96P155-repool	Arabidopsis_lyrata.v.1.0.19	Arabidopsis_lyrata.v.1.0.19.fa.gz	Arabidopsis_lyrata.v.1.0.19.chrom.sizes
AT2G47070_A_lyrata_MN47_DAPi712H10-ORGi5038-96P220	https://ftp.sra.ebi.ac.uk/vol1/fastq/SRR311/081/SRR31195781/SRR31195781_1.fastq.gz	https://ftp.sra.ebi.ac.uk/vol1/fastq/SRR311/081/SRR31195781/SRR31195781_2.fastq.gz	Control_TF_DNA_A_lyrata_MN47_DAPi712H12-ORGi5038-96P155-repool	Arabidopsis_lyrata.v.1.0.19	Arabidopsis_lyrata.v.1.0.19.fa.gz	Arabidopsis_lyrata.v.1.0.19.chrom.sizes
AT3G01220_A_lyrata_MN47_DAPi709F01-ORGi5038-96P169	https://ftp.sra.ebi.ac.uk/vol1/fastq/SRR311/073/SRR31195873/SRR31195873_1.fastq.gz	https://ftp.sra.ebi.ac.uk/vol1/fastq/SRR311/073/SRR31195873/SRR31195873_2.fastq.gz	Control_TF_DNA_A_lyrata_MN47_DAPi712H12-ORGi5038-96P155-repool	Arabidopsis_lyrata.v.1.0.19	Arabidopsis_lyrata.v.1.0.19.fa.gz	Arabidopsis_lyrata.v.1.0.19.chrom.sizes
AT3G01530_A_lyrata_MN47_DAPi711A05-ORGi5038-96P166	https://ftp.sra.ebi.ac.uk/vol1/fastq/SRR311/087/SRR31196087/SRR31196087_1.fastq.gz	https://ftp.sra.ebi.ac.uk/vol1/fastq/SRR311/087/SRR31196087/SRR31196087_2.fastq.gz	Control_TF_DNA_A_lyrata_MN47_DAPi712H12-ORGi5038-96P155-repool	Arabidopsis_lyrata.v.1.0.19	Arabidopsis_lyrata.v.1.0.19.fa.gz	Arabidopsis_lyrata.v.1.0.19.chrom.sizes
AT3G01970_A_lyrata_MN47_DAPi709C04-ORGi5038-96P169	https://ftp.sra.ebi.ac.uk/vol1/fastq/SRR311/083/SRR31196483/SRR31196483_1.fastq.gz	https://ftp.sra.ebi.ac.uk/vol1/fastq/SRR311/083/SRR31196483/SRR31196483_2.fastq.gz	Control_TF_DNA_A_lyrata_MN47_DAPi712H12-ORGi5038-96P155-repool	Arabidopsis_lyrata.v.1.0.19	Arabidopsis_lyrata.v.1.0.19.fa.gz	Arabidopsis_lyrata.v.1.0.19.chrom.sizes
AT3G02940_A_lyrata_MN47_DAPi709C05-ORGi5038-96P169	https://ftp.sra.ebi.ac.uk/vol1/fastq/SRR311/045/SRR31196445/SRR31196445_1.fastq.gz	https://ftp.sra.ebi.ac.uk/vol1/fastq/SRR311/045/SRR31196445/SRR31196445_2.fastq.gz	Control_TF_DNA_A_lyrata_MN47_DAPi712H12-ORGi5038-96P155-repool	Arabidopsis_lyrata.v.1.0.19	Arabidopsis_lyrata.v.1.0.19.fa.gz	Arabidopsis_lyrata.v.1.0.19.chrom.sizes
AT3G02940_A_lyrata_MN47_DAPi712H04-ORGi5038-96P220	https://ftp.sra.ebi.ac.uk/vol1/fastq/SRR311/017/SRR31195817/SRR31195817_1.fastq.gz	https://ftp.sra.ebi.ac.uk/vol1/fastq/SRR311/017/SRR31195817/SRR31195817_2.fastq.gz	Control_TF_DNA_A_lyrata_MN47_DAPi712H12-ORGi5038-96P155-repool	Arabidopsis_lyrata.v.1.0.19	Arabidopsis_lyrata.v.1.0.19.fa.gz	Arabidopsis_lyrata.v.1.0.19.chrom.sizes
AT3G03200_A_lyrata_MN47_DAPi710A10-ORGi5038-96P151	https://ftp.sra.ebi.ac.uk/vol1/fastq/SRR311/047/SRR31195847/SRR31195847_1.fastq.gz	https://ftp.sra.ebi.ac.uk/vol1/fastq/SRR311/047/SRR31195847/SRR31195847_2.fastq.gz	Control_TF_DNA_A_lyrata_MN47_DAPi712H12-ORGi5038-96P155-repool	Arabidopsis_lyrata.v.1.0.19	Arabidopsis_lyrata.v.1.0.19.fa.gz	Arabidopsis_lyrata.v.1.0.19.chrom.sizes
AT3G04030_A_lyrata_MN47_DAPi711A08-ORGi5038-96P166	https://ftp.sra.ebi.ac.uk/vol1/fastq/SRR311/097/SRR31196597/SRR31196597_1.fastq.gz	https://ftp.sra.ebi.ac.uk/vol1/fastq/SRR311/097/SRR31196597/SRR31196597_2.fastq.gz	Control_TF_DNA_A_lyrata_MN47_DAPi712H12-ORGi5038-96P155-repool	Arabidopsis_lyrata.v.1.0.19	Arabidopsis_lyrata.v.1.0.19.fa.gz	Arabidopsis_lyrata.v.1.0.19.chrom.sizes
AT3G04070_A_lyrata_MN47_DAPi712B09-ORGi5038-96P155	https://ftp.sra.ebi.ac.uk/vol1/fastq/SRR311/029/SRR31196329/SRR31196329_1.fastq.gz	https://ftp.sra.ebi.ac.uk/vol1/fastq/SRR311/029/SRR31196329/SRR31196329_2.fastq.gz	Control_TF_DNA_A_lyrata_MN47_DAPi712H12-ORGi5038-96P155-repool	Arabidopsis_lyrata.v.1.0.19	Arabidopsis_lyrata.v.1.0.19.fa.gz	Arabidopsis_lyrata.v.1.0.19.chrom.sizes
AT3G08500_A_lyrata_MN47_DAPi709F05-ORGi5038-96P169	https://ftp.sra.ebi.ac.uk/vol1/fastq/SRR311/098/SRR31196498/SRR31196498_1.fastq.gz	https://ftp.sra.ebi.ac.uk/vol1/fastq/SRR311/098/SRR31196498/SRR31196498_2.fastq.gz	Control_TF_DNA_A_lyrata_MN47_DAPi712H12-ORGi5038-96P155-repool	Arabidopsis_lyrata.v.1.0.19	Arabidopsis_lyrata.v.1.0.19.fa.gz	Arabidopsis_lyrata.v.1.0.19.chrom.sizes
AT3G08500_A_lyrata_MN47_DAPi712B05-ORGi5038-96P220	https://ftp.sra.ebi.ac.uk/vol1/fastq/SRR311/031/SRR31196331/SRR31196331_1.fastq.gz	https://ftp.sra.ebi.ac.uk/vol1/fastq/SRR311/031/SRR31196331/SRR31196331_2.fastq.gz	Control_TF_DNA_A_lyrata_MN47_DAPi712H12-ORGi5038-96P155-repool	Arabidopsis_lyrata.v.1.0.19	Arabidopsis_lyrata.v.1.0.19.fa.gz	Arabidopsis_lyrata.v.1.0.19.chrom.sizes
AT3G09600_A_lyrata_MN47_DAPi709A02-ORGi5038-96P169	https://ftp.sra.ebi.ac.uk/vol1/fastq/SRR311/017/SRR31196117/SRR31196117_1.fastq.gz	https://ftp.sra.ebi.ac.uk/vol1/fastq/SRR311/017/SRR31196117/SRR31196117_2.fastq.gz	Control_TF_DNA_A_lyrata_MN47_DAPi712H12-ORGi5038-96P155-repool	Arabidopsis_lyrata.v.1.0.19	Arabidopsis_lyrata.v.1.0.19.fa.gz	Arabidopsis_lyrata.v.1.0.19.chrom.sizes
AT3G10030_A_lyrata_MN47_DAPi710G03-ORGi5038-96P151	https://ftp.sra.ebi.ac.uk/vol1/fastq/SRR311/005/SRR31196405/SRR31196405_1.fastq.gz	https://ftp.sra.ebi.ac.uk/vol1/fastq/SRR311/005/SRR31196405/SRR31196405_2.fastq.gz	Control_TF_DNA_A_lyrata_MN47_DAPi712H12-ORGi5038-96P155-repool	Arabidopsis_lyrata.v.1.0.19	Arabidopsis_lyrata.v.1.0.19.fa.gz	Arabidopsis_lyrata.v.1.0.19.chrom.sizes
AT3G10113_A_lyrata_MN47_DAPi712A04-ORGi5038-96P155	https://ftp.sra.ebi.ac.uk/vol1/fastq/SRR311/051/SRR31196351/SRR31196351_1.fastq.gz	https://ftp.sra.ebi.ac.uk/vol1/fastq/SRR311/051/SRR31196351/SRR31196351_2.fastq.gz	Control_TF_DNA_A_lyrata_MN47_DAPi712H12-ORGi5038-96P155-repool	Arabidopsis_lyrata.v.1.0.19	Arabidopsis_lyrata.v.1.0.19.fa.gz	Arabidopsis_lyrata.v.1.0.19.chrom.sizes
AT3G10580_A_lyrata_MN47_DAPi710C01-ORGi5038-96P151	https://ftp.sra.ebi.ac.uk/vol1/fastq/SRR311/089/SRR31196289/SRR31196289_1.fastq.gz	https://ftp.sra.ebi.ac.uk/vol1/fastq/SRR311/089/SRR31196289/SRR31196289_2.fastq.gz	Control_TF_DNA_A_lyrata_MN47_DAPi712H12-ORGi5038-96P155-repool	Arabidopsis_lyrata.v.1.0.19	Arabidopsis_lyrata.v.1.0.19.fa.gz	Arabidopsis_lyrata.v.1.0.19.chrom.sizes
AT3G11280_A_lyrata_MN47_DAPi709C06-ORGi5038-96P169	https://ftp.sra.ebi.ac.uk/vol1/fastq/SRR311/059/SRR31195659/SRR31195659_1.fastq.gz	https://ftp.sra.ebi.ac.uk/vol1/fastq/SRR311/059/SRR31195659/SRR31195659_2.fastq.gz	Control_TF_DNA_A_lyrata_MN47_DAPi712H12-ORGi5038-96P155-repool	Arabidopsis_lyrata.v.1.0.19	Arabidopsis_lyrata.v.1.0.19.fa.gz	Arabidopsis_lyrata.v.1.0.19.chrom.sizes
AT3G12250_A_lyrata_MN47_DAPi710E03-ORGi5038-96P151	https://ftp.sra.ebi.ac.uk/vol1/fastq/SRR311/033/SRR31196033/SRR31196033_1.fastq.gz	https://ftp.sra.ebi.ac.uk/vol1/fastq/SRR311/033/SRR31196033/SRR31196033_2.fastq.gz	Control_TF_DNA_A_lyrata_MN47_DAPi712H12-ORGi5038-96P155-repool	Arabidopsis_lyrata.v.1.0.19	Arabidopsis_lyrata.v.1.0.19.fa.gz	Arabidopsis_lyrata.v.1.0.19.chrom.sizes
AT3G12250_A_lyrata_MN47_DAPi712A07-ORGi5038-96P220	https://ftp.sra.ebi.ac.uk/vol1/fastq/SRR311/087/SRR31195987/SRR31195987_1.fastq.gz	https://ftp.sra.ebi.ac.uk/vol1/fastq/SRR311/087/SRR31195987/SRR31195987_2.fastq.gz	Control_TF_DNA_A_lyrata_MN47_DAPi712H12-ORGi5038-96P155-repool	Arabidopsis_lyrata.v.1.0.19	Arabidopsis_lyrata.v.1.0.19.fa.gz	Arabidopsis_lyrata.v.1.0.19.chrom.sizes
AT3G12730_A_lyrata_MN47_DAPi711B08-ORGi5038-96P166	https://ftp.sra.ebi.ac.uk/vol1/fastq/SRR311/004/SRR31196004/SRR31196004_1.fastq.gz	https://ftp.sra.ebi.ac.uk/vol1/fastq/SRR311/004/SRR31196004/SRR31196004_2.fastq.gz	Control_TF_DNA_A_lyrata_MN47_DAPi712H12-ORGi5038-96P155-repool	Arabidopsis_lyrata.v.1.0.19	Arabidopsis_lyrata.v.1.0.19.fa.gz	Arabidopsis_lyrata.v.1.0.19.chrom.sizes
AT3G14180_A_lyrata_MN47_DAPi711D03-ORGi5038-96P166	https://ftp.sra.ebi.ac.uk/vol1/fastq/SRR311/095/SRR31195795/SRR31195795_1.fastq.gz	https://ftp.sra.ebi.ac.uk/vol1/fastq/SRR311/095/SRR31195795/SRR31195795_2.fastq.gz	Control_TF_DNA_A_lyrata_MN47_DAPi712H12-ORGi5038-96P155-repool	Arabidopsis_lyrata.v.1.0.19	Arabidopsis_lyrata.v.1.0.19.fa.gz	Arabidopsis_lyrata.v.1.0.19.chrom.sizes
AT3G15170_A_lyrata_MN47_DAPi712F10-ORGi5038-96P155	https://ftp.sra.ebi.ac.uk/vol1/fastq/SRR311/055/SRR31195855/SRR31195855_1.fastq.gz	https://ftp.sra.ebi.ac.uk/vol1/fastq/SRR311/055/SRR31195855/SRR31195855_2.fastq.gz	Control_TF_DNA_A_lyrata_MN47_DAPi712H12-ORGi5038-96P155-repool	Arabidopsis_lyrata.v.1.0.19	Arabidopsis_lyrata.v.1.0.19.fa.gz	Arabidopsis_lyrata.v.1.0.19.chrom.sizes
AT3G15210_A_lyrata_MN47_DAPi711D10-ORGi5038-96P166	https://ftp.sra.ebi.ac.uk/vol1/fastq/SRR311/059/SRR31196259/SRR31196259_1.fastq.gz	https://ftp.sra.ebi.ac.uk/vol1/fastq/SRR311/059/SRR31196259/SRR31196259_2.fastq.gz	Control_TF_DNA_A_lyrata_MN47_DAPi712H12-ORGi5038-96P155-repool	Arabidopsis_lyrata.v.1.0.19	Arabidopsis_lyrata.v.1.0.19.fa.gz	Arabidopsis_lyrata.v.1.0.19.chrom.sizes
AT3G15270_A_lyrata_MN47_DAPi711F08-ORGi5038-96P166	https://ftp.sra.ebi.ac.uk/vol1/fastq/SRR311/003/SRR31196203/SRR31196203_1.fastq.gz	https://ftp.sra.ebi.ac.uk/vol1/fastq/SRR311/003/SRR31196203/SRR31196203_2.fastq.gz	Control_TF_DNA_A_lyrata_MN47_DAPi712H12-ORGi5038-96P155-repool	Arabidopsis_lyrata.v.1.0.19	Arabidopsis_lyrata.v.1.0.19.fa.gz	Arabidopsis_lyrata.v.1.0.19.chrom.sizes
AT3G15500_A_lyrata_MN47_DAPi712E09-ORGi5038-96P155	https://ftp.sra.ebi.ac.uk/vol1/fastq/SRR311/067/SRR31195867/SRR31195867_1.fastq.gz	https://ftp.sra.ebi.ac.uk/vol1/fastq/SRR311/067/SRR31195867/SRR31195867_2.fastq.gz	Control_TF_DNA_A_lyrata_MN47_DAPi712H12-ORGi5038-96P155-repool	Arabidopsis_lyrata.v.1.0.19	Arabidopsis_lyrata.v.1.0.19.fa.gz	Arabidopsis_lyrata.v.1.0.19.chrom.sizes
AT3G16280_A_lyrata_MN47_DAPi709E11-ORGi5038-96P169	https://ftp.sra.ebi.ac.uk/vol1/fastq/SRR311/065/SRR31196265/SRR31196265_1.fastq.gz	https://ftp.sra.ebi.ac.uk/vol1/fastq/SRR311/065/SRR31196265/SRR31196265_2.fastq.gz	Control_TF_DNA_A_lyrata_MN47_DAPi712H12-ORGi5038-96P155-repool	Arabidopsis_lyrata.v.1.0.19	Arabidopsis_lyrata.v.1.0.19.fa.gz	Arabidopsis_lyrata.v.1.0.19.chrom.sizes
AT3G17730_A_lyrata_MN47_DAPi710C06-ORGi5038-96P151	https://ftp.sra.ebi.ac.uk/vol1/fastq/SRR311/011/SRR31195911/SRR31195911_1.fastq.gz	https://ftp.sra.ebi.ac.uk/vol1/fastq/SRR311/011/SRR31195911/SRR31195911_2.fastq.gz	Control_TF_DNA_A_lyrata_MN47_DAPi712H12-ORGi5038-96P155-repool	Arabidopsis_lyrata.v.1.0.19	Arabidopsis_lyrata.v.1.0.19.fa.gz	Arabidopsis_lyrata.v.1.0.19.chrom.sizes
AT3G18400_A_lyrata_MN47_DAPi709C10-ORGi5038-96P169	https://ftp.sra.ebi.ac.uk/vol1/fastq/SRR311/045/SRR31196045/SRR31196045_1.fastq.gz	https://ftp.sra.ebi.ac.uk/vol1/fastq/SRR311/045/SRR31196045/SRR31196045_2.fastq.gz	Control_TF_DNA_A_lyrata_MN47_DAPi712H12-ORGi5038-96P155-repool	Arabidopsis_lyrata.v.1.0.19	Arabidopsis_lyrata.v.1.0.19.fa.gz	Arabidopsis_lyrata.v.1.0.19.chrom.sizes
AT3G18990_A_lyrata_MN47_DAPi712B06-ORGi5038-96P155	https://ftp.sra.ebi.ac.uk/vol1/fastq/SRR311/035/SRR31196235/SRR31196235_1.fastq.gz	https://ftp.sra.ebi.ac.uk/vol1/fastq/SRR311/035/SRR31196235/SRR31196235_2.fastq.gz	Control_TF_DNA_A_lyrata_MN47_DAPi712H12-ORGi5038-96P155-repool	Arabidopsis_lyrata.v.1.0.19	Arabidopsis_lyrata.v.1.0.19.fa.gz	Arabidopsis_lyrata.v.1.0.19.chrom.sizes
AT3G18990_A_lyrata_MN47_DAPi712D11-ORGi5038-96P220	https://ftp.sra.ebi.ac.uk/vol1/fastq/SRR311/049/SRR31195749/SRR31195749_1.fastq.gz	https://ftp.sra.ebi.ac.uk/vol1/fastq/SRR311/049/SRR31195749/SRR31195749_2.fastq.gz	Control_TF_DNA_A_lyrata_MN47_DAPi712H12-ORGi5038-96P155-repool	Arabidopsis_lyrata.v.1.0.19	Arabidopsis_lyrata.v.1.0.19.fa.gz	Arabidopsis_lyrata.v.1.0.19.chrom.sizes
AT3G20310_A_lyrata_MN47_DAPi711F06-ORGi5038-96P166	https://ftp.sra.ebi.ac.uk/vol1/fastq/SRR311/073/SRR31196573/SRR31196573_1.fastq.gz	https://ftp.sra.ebi.ac.uk/vol1/fastq/SRR311/073/SRR31196573/SRR31196573_2.fastq.gz	Control_TF_DNA_A_lyrata_MN47_DAPi712H12-ORGi5038-96P155-repool	Arabidopsis_lyrata.v.1.0.19	Arabidopsis_lyrata.v.1.0.19.fa.gz	Arabidopsis_lyrata.v.1.0.19.chrom.sizes
AT3G20770_A_lyrata_MN47_DAPi712D05-ORGi5038-96P155	https://ftp.sra.ebi.ac.uk/vol1/fastq/SRR311/063/SRR31196263/SRR31196263_1.fastq.gz	https://ftp.sra.ebi.ac.uk/vol1/fastq/SRR311/063/SRR31196263/SRR31196263_2.fastq.gz	Control_TF_DNA_A_lyrata_MN47_DAPi712H12-ORGi5038-96P155-repool	Arabidopsis_lyrata.v.1.0.19	Arabidopsis_lyrata.v.1.0.19.fa.gz	Arabidopsis_lyrata.v.1.0.19.chrom.sizes
AT3G22830_A_lyrata_MN47_DAPi711G01-ORGi5038-96P166	https://ftp.sra.ebi.ac.uk/vol1/fastq/SRR311/079/SRR31195879/SRR31195879_1.fastq.gz	https://ftp.sra.ebi.ac.uk/vol1/fastq/SRR311/079/SRR31195879/SRR31195879_2.fastq.gz	Control_TF_DNA_A_lyrata_MN47_DAPi712H12-ORGi5038-96P155-repool	Arabidopsis_lyrata.v.1.0.19	Arabidopsis_lyrata.v.1.0.19.fa.gz	Arabidopsis_lyrata.v.1.0.19.chrom.sizes
AT3G24050_A_lyrata_MN47_DAPi709H10-ORGi5038-96P169	https://ftp.sra.ebi.ac.uk/vol1/fastq/SRR311/089/SRR31196589/SRR31196589_1.fastq.gz	https://ftp.sra.ebi.ac.uk/vol1/fastq/SRR311/089/SRR31196589/SRR31196589_2.fastq.gz	Control_TF_DNA_A_lyrata_MN47_DAPi712H12-ORGi5038-96P155-repool	Arabidopsis_lyrata.v.1.0.19	Arabidopsis_lyrata.v.1.0.19.fa.gz	Arabidopsis_lyrata.v.1.0.19.chrom.sizes
AT3G24120_A_lyrata_MN47_DAPi711B06-ORGi5038-96P166	https://ftp.sra.ebi.ac.uk/vol1/fastq/SRR311/009/SRR31196109/SRR31196109_1.fastq.gz	https://ftp.sra.ebi.ac.uk/vol1/fastq/SRR311/009/SRR31196109/SRR31196109_2.fastq.gz	Control_TF_DNA_A_lyrata_MN47_DAPi712H12-ORGi5038-96P155-repool	Arabidopsis_lyrata.v.1.0.19	Arabidopsis_lyrata.v.1.0.19.fa.gz	Arabidopsis_lyrata.v.1.0.19.chrom.sizes
AT3G25990_A_lyrata_MN47_DAPi710H05-ORGi5038-96P151	https://ftp.sra.ebi.ac.uk/vol1/fastq/SRR311/015/SRR31195715/SRR31195715_1.fastq.gz	https://ftp.sra.ebi.ac.uk/vol1/fastq/SRR311/015/SRR31195715/SRR31195715_2.fastq.gz	Control_TF_DNA_A_lyrata_MN47_DAPi712H12-ORGi5038-96P155-repool	Arabidopsis_lyrata.v.1.0.19	Arabidopsis_lyrata.v.1.0.19.fa.gz	Arabidopsis_lyrata.v.1.0.19.chrom.sizes
AT3G27010_A_lyrata_MN47_DAPi709C02-ORGi5038-96P169	https://ftp.sra.ebi.ac.uk/vol1/fastq/SRR311/055/SRR31196355/SRR31196355_1.fastq.gz	https://ftp.sra.ebi.ac.uk/vol1/fastq/SRR311/055/SRR31196355/SRR31196355_2.fastq.gz	Control_TF_DNA_A_lyrata_MN47_DAPi712H12-ORGi5038-96P155-repool	Arabidopsis_lyrata.v.1.0.19	Arabidopsis_lyrata.v.1.0.19.fa.gz	Arabidopsis_lyrata.v.1.0.19.chrom.sizes
AT3G27010_A_lyrata_MN47_DAPi712C04-ORGi5038-96P220	https://ftp.sra.ebi.ac.uk/vol1/fastq/SRR311/039/SRR31196339/SRR31196339_1.fastq.gz	https://ftp.sra.ebi.ac.uk/vol1/fastq/SRR311/039/SRR31196339/SRR31196339_2.fastq.gz	Control_TF_DNA_A_lyrata_MN47_DAPi712H12-ORGi5038-96P155-repool	Arabidopsis_lyrata.v.1.0.19	Arabidopsis_lyrata.v.1.0.19.fa.gz	Arabidopsis_lyrata.v.1.0.19.chrom.sizes
AT3G28920_A_lyrata_MN47_DAPi709A08-ORGi5038-96P169	https://ftp.sra.ebi.ac.uk/vol1/fastq/SRR311/077/SRR31196177/SRR31196177_1.fastq.gz	https://ftp.sra.ebi.ac.uk/vol1/fastq/SRR311/077/SRR31196177/SRR31196177_2.fastq.gz	Control_TF_DNA_A_lyrata_MN47_DAPi712H12-ORGi5038-96P155-repool	Arabidopsis_lyrata.v.1.0.19	Arabidopsis_lyrata.v.1.0.19.fa.gz	Arabidopsis_lyrata.v.1.0.19.chrom.sizes
AT3G30210_A_lyrata_MN47_DAPi710C02-ORGi5038-96P151	https://ftp.sra.ebi.ac.uk/vol1/fastq/SRR311/016/SRR31196516/SRR31196516_1.fastq.gz	https://ftp.sra.ebi.ac.uk/vol1/fastq/SRR311/016/SRR31196516/SRR31196516_2.fastq.gz	Control_TF_DNA_A_lyrata_MN47_DAPi712H12-ORGi5038-96P155-repool	Arabidopsis_lyrata.v.1.0.19	Arabidopsis_lyrata.v.1.0.19.fa.gz	Arabidopsis_lyrata.v.1.0.19.chrom.sizes
AT3G46590_A_lyrata_MN47_DAPi710D06-ORGi5038-96P151	https://ftp.sra.ebi.ac.uk/vol1/fastq/SRR311/053/SRR31196253/SRR31196253_1.fastq.gz	https://ftp.sra.ebi.ac.uk/vol1/fastq/SRR311/053/SRR31196253/SRR31196253_2.fastq.gz	Control_TF_DNA_A_lyrata_MN47_DAPi712H12-ORGi5038-96P155-repool	Arabidopsis_lyrata.v.1.0.19	Arabidopsis_lyrata.v.1.0.19.fa.gz	Arabidopsis_lyrata.v.1.0.19.chrom.sizes
AT3G49530_A_lyrata_MN47_DAPi712H07-ORGi5038-96P155	https://ftp.sra.ebi.ac.uk/vol1/fastq/SRR311/067/SRR31196567/SRR31196567_1.fastq.gz	https://ftp.sra.ebi.ac.uk/vol1/fastq/SRR311/067/SRR31196567/SRR31196567_2.fastq.gz	Control_TF_DNA_A_lyrata_MN47_DAPi712H12-ORGi5038-96P155-repool	Arabidopsis_lyrata.v.1.0.19	Arabidopsis_lyrata.v.1.0.19.fa.gz	Arabidopsis_lyrata.v.1.0.19.chrom.sizes
AT3G50060_A_lyrata_MN47_DAPi711D07-ORGi5038-96P166	https://ftp.sra.ebi.ac.uk/vol1/fastq/SRR311/085/SRR31196085/SRR31196085_1.fastq.gz	https://ftp.sra.ebi.ac.uk/vol1/fastq/SRR311/085/SRR31196085/SRR31196085_2.fastq.gz	Control_TF_DNA_A_lyrata_MN47_DAPi712H12-ORGi5038-96P155-repool	Arabidopsis_lyrata.v.1.0.19	Arabidopsis_lyrata.v.1.0.19.fa.gz	Arabidopsis_lyrata.v.1.0.19.chrom.sizes
AT3G50060_A_lyrata_MN47_DAPi712G02-ORGi5038-96P220	https://ftp.sra.ebi.ac.uk/vol1/fastq/SRR311/003/SRR31196103/SRR31196103_1.fastq.gz	https://ftp.sra.ebi.ac.uk/vol1/fastq/SRR311/003/SRR31196103/SRR31196103_2.fastq.gz	Control_TF_DNA_A_lyrata_MN47_DAPi712H12-ORGi5038-96P155-repool	Arabidopsis_lyrata.v.1.0.19	Arabidopsis_lyrata.v.1.0.19.fa.gz	Arabidopsis_lyrata.v.1.0.19.chrom.sizes
AT3G50260_A_lyrata_MN47_DAPi711D06-ORGi5038-96P166	https://ftp.sra.ebi.ac.uk/vol1/fastq/SRR311/025/SRR31196325/SRR31196325_1.fastq.gz	https://ftp.sra.ebi.ac.uk/vol1/fastq/SRR311/025/SRR31196325/SRR31196325_2.fastq.gz	Control_TF_DNA_A_lyrata_MN47_DAPi712H12-ORGi5038-96P155-repool	Arabidopsis_lyrata.v.1.0.19	Arabidopsis_lyrata.v.1.0.19.fa.gz	Arabidopsis_lyrata.v.1.0.19.chrom.sizes
AT3G50260_A_lyrata_MN47_DAPi712D02-ORGi5038-96P220	https://ftp.sra.ebi.ac.uk/vol1/fastq/SRR311/073/SRR31196273/SRR31196273_1.fastq.gz	https://ftp.sra.ebi.ac.uk/vol1/fastq/SRR311/073/SRR31196273/SRR31196273_2.fastq.gz	Control_TF_DNA_A_lyrata_MN47_DAPi712H12-ORGi5038-96P155-repool	Arabidopsis_lyrata.v.1.0.19	Arabidopsis_lyrata.v.1.0.19.fa.gz	Arabidopsis_lyrata.v.1.0.19.chrom.sizes
AT3G50410_A_lyrata_MN47_DAPi710B03-ORGi5038-96P151	https://ftp.sra.ebi.ac.uk/vol1/fastq/SRR311/004/SRR31196504/SRR31196504_1.fastq.gz	https://ftp.sra.ebi.ac.uk/vol1/fastq/SRR311/004/SRR31196504/SRR31196504_2.fastq.gz	Control_TF_DNA_A_lyrata_MN47_DAPi712H12-ORGi5038-96P155-repool	Arabidopsis_lyrata.v.1.0.19	Arabidopsis_lyrata.v.1.0.19.fa.gz	Arabidopsis_lyrata.v.1.0.19.chrom.sizes
AT3G50410_A_lyrata_MN47_DAPi712H06-ORGi5038-96P220	https://ftp.sra.ebi.ac.uk/vol1/fastq/SRR311/057/SRR31196457/SRR31196457_1.fastq.gz	https://ftp.sra.ebi.ac.uk/vol1/fastq/SRR311/057/SRR31196457/SRR31196457_2.fastq.gz	Control_TF_DNA_A_lyrata_MN47_DAPi712H12-ORGi5038-96P155-repool	Arabidopsis_lyrata.v.1.0.19	Arabidopsis_lyrata.v.1.0.19.fa.gz	Arabidopsis_lyrata.v.1.0.19.chrom.sizes
AT3G52440_A_lyrata_MN47_DAPi709B11-ORGi5038-96P169	https://ftp.sra.ebi.ac.uk/vol1/fastq/SRR311/021/SRR31195821/SRR31195821_1.fastq.gz	https://ftp.sra.ebi.ac.uk/vol1/fastq/SRR311/021/SRR31195821/SRR31195821_2.fastq.gz	Control_TF_DNA_A_lyrata_MN47_DAPi712H12-ORGi5038-96P155-repool	Arabidopsis_lyrata.v.1.0.19	Arabidopsis_lyrata.v.1.0.19.fa.gz	Arabidopsis_lyrata.v.1.0.19.chrom.sizes
AT3G55370_A_lyrata_MN47_DAPi710H10-ORGi5038-96P151	https://ftp.sra.ebi.ac.uk/vol1/fastq/SRR311/067/SRR31196067/SRR31196067_1.fastq.gz	https://ftp.sra.ebi.ac.uk/vol1/fastq/SRR311/067/SRR31196067/SRR31196067_2.fastq.gz	Control_TF_DNA_A_lyrata_MN47_DAPi712H12-ORGi5038-96P155-repool	Arabidopsis_lyrata.v.1.0.19	Arabidopsis_lyrata.v.1.0.19.fa.gz	Arabidopsis_lyrata.v.1.0.19.chrom.sizes
AT3G56400_A_lyrata_MN47_DAPi711A04-ORGi5038-96P166	https://ftp.sra.ebi.ac.uk/vol1/fastq/SRR311/077/SRR31196077/SRR31196077_1.fastq.gz	https://ftp.sra.ebi.ac.uk/vol1/fastq/SRR311/077/SRR31196077/SRR31196077_2.fastq.gz	Control_TF_DNA_A_lyrata_MN47_DAPi712H12-ORGi5038-96P155-repool	Arabidopsis_lyrata.v.1.0.19	Arabidopsis_lyrata.v.1.0.19.fa.gz	Arabidopsis_lyrata.v.1.0.19.chrom.sizes
AT3G56400_A_lyrata_MN47_DAPi712B02-ORGi5038-96P220	https://ftp.sra.ebi.ac.uk/vol1/fastq/SRR311/085/SRR31196485/SRR31196485_1.fastq.gz	https://ftp.sra.ebi.ac.uk/vol1/fastq/SRR311/085/SRR31196485/SRR31196485_2.fastq.gz	Control_TF_DNA_A_lyrata_MN47_DAPi712H12-ORGi5038-96P155-repool	Arabidopsis_lyrata.v.1.0.19	Arabidopsis_lyrata.v.1.0.19.fa.gz	Arabidopsis_lyrata.v.1.0.19.chrom.sizes
AT3G56850_A_lyrata_MN47_DAPi712D12-ORGi5038-96P155	https://ftp.sra.ebi.ac.uk/vol1/fastq/SRR311/087/SRR31196587/SRR31196587_1.fastq.gz	https://ftp.sra.ebi.ac.uk/vol1/fastq/SRR311/087/SRR31196587/SRR31196587_2.fastq.gz	Control_TF_DNA_A_lyrata_MN47_DAPi712H12-ORGi5038-96P155-repool	Arabidopsis_lyrata.v.1.0.19	Arabidopsis_lyrata.v.1.0.19.fa.gz	Arabidopsis_lyrata.v.1.0.19.chrom.sizes
AT3G57920_A_lyrata_MN47_DAPi709E12-ORGi5038-96P169	https://ftp.sra.ebi.ac.uk/vol1/fastq/SRR311/071/SRR31196071/SRR31196071_1.fastq.gz	https://ftp.sra.ebi.ac.uk/vol1/fastq/SRR311/071/SRR31196071/SRR31196071_2.fastq.gz	Control_TF_DNA_A_lyrata_MN47_DAPi712H12-ORGi5038-96P155-repool	Arabidopsis_lyrata.v.1.0.19	Arabidopsis_lyrata.v.1.0.19.fa.gz	Arabidopsis_lyrata.v.1.0.19.chrom.sizes
AT3G57920_A_lyrata_MN47_DAPi712D06-ORGi5038-96P220	https://ftp.sra.ebi.ac.uk/vol1/fastq/SRR311/032/SRR31196132/SRR31196132_1.fastq.gz	https://ftp.sra.ebi.ac.uk/vol1/fastq/SRR311/032/SRR31196132/SRR31196132_2.fastq.gz	Control_TF_DNA_A_lyrata_MN47_DAPi712H12-ORGi5038-96P155-repool	Arabidopsis_lyrata.v.1.0.19	Arabidopsis_lyrata.v.1.0.19.fa.gz	Arabidopsis_lyrata.v.1.0.19.chrom.sizes
AT3G60490_A_lyrata_MN47_DAPi710A02-ORGi5038-96P151	https://ftp.sra.ebi.ac.uk/vol1/fastq/SRR311/006/SRR31196506/SRR31196506_1.fastq.gz	https://ftp.sra.ebi.ac.uk/vol1/fastq/SRR311/006/SRR31196506/SRR31196506_2.fastq.gz	Control_TF_DNA_A_lyrata_MN47_DAPi712H12-ORGi5038-96P155-repool	Arabidopsis_lyrata.v.1.0.19	Arabidopsis_lyrata.v.1.0.19.fa.gz	Arabidopsis_lyrata.v.1.0.19.chrom.sizes
AT3G60530_A_lyrata_MN47_DAPi712E05-ORGi5038-96P220	https://ftp.sra.ebi.ac.uk/vol1/fastq/SRR311/051/SRR31196251/SRR31196251_1.fastq.gz	https://ftp.sra.ebi.ac.uk/vol1/fastq/SRR311/051/SRR31196251/SRR31196251_2.fastq.gz	Control_TF_DNA_A_lyrata_MN47_DAPi712H12-ORGi5038-96P155-repool	Arabidopsis_lyrata.v.1.0.19	Arabidopsis_lyrata.v.1.0.19.fa.gz	Arabidopsis_lyrata.v.1.0.19.chrom.sizes
AT3G62420_A_lyrata_MN47_DAPi712C07-ORGi5038-96P155	https://ftp.sra.ebi.ac.uk/vol1/fastq/SRR311/023/SRR31196423/SRR31196423_1.fastq.gz	https://ftp.sra.ebi.ac.uk/vol1/fastq/SRR311/023/SRR31196423/SRR31196423_2.fastq.gz	Control_TF_DNA_A_lyrata_MN47_DAPi712H12-ORGi5038-96P155-repool	Arabidopsis_lyrata.v.1.0.19	Arabidopsis_lyrata.v.1.0.19.fa.gz	Arabidopsis_lyrata.v.1.0.19.chrom.sizes
AT4G00730_A_lyrata_MN47_DAPi712C11-ORGi5038-96P220	https://ftp.sra.ebi.ac.uk/vol1/fastq/SRR311/019/SRR31196319/SRR31196319_1.fastq.gz	https://ftp.sra.ebi.ac.uk/vol1/fastq/SRR311/019/SRR31196319/SRR31196319_2.fastq.gz	Control_TF_DNA_A_lyrata_MN47_DAPi712H12-ORGi5038-96P155-repool	Arabidopsis_lyrata.v.1.0.19	Arabidopsis_lyrata.v.1.0.19.fa.gz	Arabidopsis_lyrata.v.1.0.19.chrom.sizes
AT4G00730_A_lyrata_MN47_DAPi712E05-ORGi5038-96P155	https://ftp.sra.ebi.ac.uk/vol1/fastq/SRR311/023/SRR31196323/SRR31196323_1.fastq.gz	https://ftp.sra.ebi.ac.uk/vol1/fastq/SRR311/023/SRR31196323/SRR31196323_2.fastq.gz	Control_TF_DNA_A_lyrata_MN47_DAPi712H12-ORGi5038-96P155-repool	Arabidopsis_lyrata.v.1.0.19	Arabidopsis_lyrata.v.1.0.19.fa.gz	Arabidopsis_lyrata.v.1.0.19.chrom.sizes
AT4G01250_A_lyrata_MN47_DAPi711A02-ORGi5038-96P166	https://ftp.sra.ebi.ac.uk/vol1/fastq/SRR311/010/SRR31196010/SRR31196010_1.fastq.gz	https://ftp.sra.ebi.ac.uk/vol1/fastq/SRR311/010/SRR31196010/SRR31196010_2.fastq.gz	Control_TF_DNA_A_lyrata_MN47_DAPi712H12-ORGi5038-96P155-repool	Arabidopsis_lyrata.v.1.0.19	Arabidopsis_lyrata.v.1.0.19.fa.gz	Arabidopsis_lyrata.v.1.0.19.chrom.sizes
AT4G01280_A_lyrata_MN47_DAPi709E03-ORGi5038-96P169	https://ftp.sra.ebi.ac.uk/vol1/fastq/SRR311/025/SRR31195725/SRR31195725_1.fastq.gz	https://ftp.sra.ebi.ac.uk/vol1/fastq/SRR311/025/SRR31195725/SRR31195725_2.fastq.gz	Control_TF_DNA_A_lyrata_MN47_DAPi712H12-ORGi5038-96P155-repool	Arabidopsis_lyrata.v.1.0.19	Arabidopsis_lyrata.v.1.0.19.fa.gz	Arabidopsis_lyrata.v.1.0.19.chrom.sizes
AT4G01500_A_lyrata_MN47_DAPi712G02-ORGi5038-96P155	https://ftp.sra.ebi.ac.uk/vol1/fastq/SRR311/009/SRR31195909/SRR31195909_1.fastq.gz	https://ftp.sra.ebi.ac.uk/vol1/fastq/SRR311/009/SRR31195909/SRR31195909_2.fastq.gz	Control_TF_DNA_A_lyrata_MN47_DAPi712H12-ORGi5038-96P155-repool	Arabidopsis_lyrata.v.1.0.19	Arabidopsis_lyrata.v.1.0.19.fa.gz	Arabidopsis_lyrata.v.1.0.19.chrom.sizes
AT4G01550_A_lyrata_MN47_DAPi710D08-ORGi5038-96P151	https://ftp.sra.ebi.ac.uk/vol1/fastq/SRR311/045/SRR31195945/SRR31195945_1.fastq.gz	https://ftp.sra.ebi.ac.uk/vol1/fastq/SRR311/045/SRR31195945/SRR31195945_2.fastq.gz	Control_TF_DNA_A_lyrata_MN47_DAPi712H12-ORGi5038-96P155-repool	Arabidopsis_lyrata.v.1.0.19	Arabidopsis_lyrata.v.1.0.19.fa.gz	Arabidopsis_lyrata.v.1.0.19.chrom.sizes
AT4G06746_A_lyrata_MN47_DAPi709E10-ORGi5038-96P169	https://ftp.sra.ebi.ac.uk/vol1/fastq/SRR311/065/SRR31196165/SRR31196165_1.fastq.gz	https://ftp.sra.ebi.ac.uk/vol1/fastq/SRR311/065/SRR31196165/SRR31196165_2.fastq.gz	Control_TF_DNA_A_lyrata_MN47_DAPi712H12-ORGi5038-96P155-repool	Arabidopsis_lyrata.v.1.0.19	Arabidopsis_lyrata.v.1.0.19.fa.gz	Arabidopsis_lyrata.v.1.0.19.chrom.sizes
AT4G10350_A_lyrata_MN47_DAPi712E11-ORGi5038-96P155	https://ftp.sra.ebi.ac.uk/vol1/fastq/SRR311/005/SRR31196105/SRR31196105_1.fastq.gz	https://ftp.sra.ebi.ac.uk/vol1/fastq/SRR311/005/SRR31196105/SRR31196105_2.fastq.gz	Control_TF_DNA_A_lyrata_MN47_DAPi712H12-ORGi5038-96P155-repool	Arabidopsis_lyrata.v.1.0.19	Arabidopsis_lyrata.v.1.0.19.fa.gz	Arabidopsis_lyrata.v.1.0.19.chrom.sizes
AT4G14770_A_lyrata_MN47_DAPi712C04-ORGi5038-96P155	https://ftp.sra.ebi.ac.uk/vol1/fastq/SRR311/093/SRR31196393/SRR31196393_1.fastq.gz	https://ftp.sra.ebi.ac.uk/vol1/fastq/SRR311/093/SRR31196393/SRR31196393_2.fastq.gz	Control_TF_DNA_A_lyrata_MN47_DAPi712H12-ORGi5038-96P155-repool	Arabidopsis_lyrata.v.1.0.19	Arabidopsis_lyrata.v.1.0.19.fa.gz	Arabidopsis_lyrata.v.1.0.19.chrom.sizes
AT4G14770_A_lyrata_MN47_DAPi712F10-ORGi5038-96P220	https://ftp.sra.ebi.ac.uk/vol1/fastq/SRR311/049/SRR31195649/SRR31195649_1.fastq.gz	https://ftp.sra.ebi.ac.uk/vol1/fastq/SRR311/049/SRR31195649/SRR31195649_2.fastq.gz	Control_TF_DNA_A_lyrata_MN47_DAPi712H12-ORGi5038-96P155-repool	Arabidopsis_lyrata.v.1.0.19	Arabidopsis_lyrata.v.1.0.19.fa.gz	Arabidopsis_lyrata.v.1.0.19.chrom.sizes
AT4G16750_A_lyrata_MN47_DAPi711E12-ORGi5038-96P166	https://ftp.sra.ebi.ac.uk/vol1/fastq/SRR311/081/SRR31195681/SRR31195681_1.fastq.gz	https://ftp.sra.ebi.ac.uk/vol1/fastq/SRR311/081/SRR31195681/SRR31195681_2.fastq.gz	Control_TF_DNA_A_lyrata_MN47_DAPi712H12-ORGi5038-96P155-repool	Arabidopsis_lyrata.v.1.0.19	Arabidopsis_lyrata.v.1.0.19.fa.gz	Arabidopsis_lyrata.v.1.0.19.chrom.sizes
AT4G17980_A_lyrata_MN47_DAPi712D03-ORGi5038-96P155	https://ftp.sra.ebi.ac.uk/vol1/fastq/SRR311/005/SRR31196205/SRR31196205_1.fastq.gz	https://ftp.sra.ebi.ac.uk/vol1/fastq/SRR311/005/SRR31196205/SRR31196205_2.fastq.gz	Control_TF_DNA_A_lyrata_MN47_DAPi712H12-ORGi5038-96P155-repool	Arabidopsis_lyrata.v.1.0.19	Arabidopsis_lyrata.v.1.0.19.fa.gz	Arabidopsis_lyrata.v.1.0.19.chrom.sizes
AT4G17980_A_lyrata_MN47_DAPi712E10-ORGi5038-96P220	https://ftp.sra.ebi.ac.uk/vol1/fastq/SRR311/035/SRR31195835/SRR31195835_1.fastq.gz	https://ftp.sra.ebi.ac.uk/vol1/fastq/SRR311/035/SRR31195835/SRR31195835_2.fastq.gz	Control_TF_DNA_A_lyrata_MN47_DAPi712H12-ORGi5038-96P155-repool	Arabidopsis_lyrata.v.1.0.19	Arabidopsis_lyrata.v.1.0.19.fa.gz	Arabidopsis_lyrata.v.1.0.19.chrom.sizes
AT4G18450_A_lyrata_MN47_DAPi712G01-ORGi5038-96P155	https://ftp.sra.ebi.ac.uk/vol1/fastq/SRR311/085/SRR31195785/SRR31195785_1.fastq.gz	https://ftp.sra.ebi.ac.uk/vol1/fastq/SRR311/085/SRR31195785/SRR31195785_2.fastq.gz	Control_TF_DNA_A_lyrata_MN47_DAPi712H12-ORGi5038-96P155-repool	Arabidopsis_lyrata.v.1.0.19	Arabidopsis_lyrata.v.1.0.19.fa.gz	Arabidopsis_lyrata.v.1.0.19.chrom.sizes
AT4G21030_A_lyrata_MN47_DAPi712E02-ORGi5038-96P155	https://ftp.sra.ebi.ac.uk/vol1/fastq/SRR311/067/SRR31195967/SRR31195967_1.fastq.gz	https://ftp.sra.ebi.ac.uk/vol1/fastq/SRR311/067/SRR31195967/SRR31195967_2.fastq.gz	Control_TF_DNA_A_lyrata_MN47_DAPi712H12-ORGi5038-96P155-repool	Arabidopsis_lyrata.v.1.0.19	Arabidopsis_lyrata.v.1.0.19.fa.gz	Arabidopsis_lyrata.v.1.0.19.chrom.sizes
AT4G21080_A_lyrata_MN47_DAPi710G07-ORGi5038-96P151	https://ftp.sra.ebi.ac.uk/vol1/fastq/SRR311/025/SRR31196425/SRR31196425_1.fastq.gz	https://ftp.sra.ebi.ac.uk/vol1/fastq/SRR311/025/SRR31196425/SRR31196425_2.fastq.gz	Control_TF_DNA_A_lyrata_MN47_DAPi712H12-ORGi5038-96P155-repool	Arabidopsis_lyrata.v.1.0.19	Arabidopsis_lyrata.v.1.0.19.fa.gz	Arabidopsis_lyrata.v.1.0.19.chrom.sizes
AT4G23550_A_lyrata_MN47_DAPi709E05-ORGi5038-96P169	https://ftp.sra.ebi.ac.uk/vol1/fastq/SRR311/077/SRR31196277/SRR31196277_1.fastq.gz	https://ftp.sra.ebi.ac.uk/vol1/fastq/SRR311/077/SRR31196277/SRR31196277_2.fastq.gz	Control_TF_DNA_A_lyrata_MN47_DAPi712H12-ORGi5038-96P155-repool	Arabidopsis_lyrata.v.1.0.19	Arabidopsis_lyrata.v.1.0.19.fa.gz	Arabidopsis_lyrata.v.1.0.19.chrom.sizes
AT4G24240_A_lyrata_MN47_DAPi711A03-ORGi5038-96P166	https://ftp.sra.ebi.ac.uk/vol1/fastq/SRR311/087/SRR31196387/SRR31196387_1.fastq.gz	https://ftp.sra.ebi.ac.uk/vol1/fastq/SRR311/087/SRR31196387/SRR31196387_2.fastq.gz	Control_TF_DNA_A_lyrata_MN47_DAPi712H12-ORGi5038-96P155-repool	Arabidopsis_lyrata.v.1.0.19	Arabidopsis_lyrata.v.1.0.19.fa.gz	Arabidopsis_lyrata.v.1.0.19.chrom.sizes
AT4G25470_A_lyrata_MN47_DAPi709D11-ORGi5038-96P169	https://ftp.sra.ebi.ac.uk/vol1/fastq/SRR311/041/SRR31195741/SRR31195741_1.fastq.gz	https://ftp.sra.ebi.ac.uk/vol1/fastq/SRR311/041/SRR31195741/SRR31195741_2.fastq.gz	Control_TF_DNA_A_lyrata_MN47_DAPi712H12-ORGi5038-96P155-repool	Arabidopsis_lyrata.v.1.0.19	Arabidopsis_lyrata.v.1.0.19.fa.gz	Arabidopsis_lyrata.v.1.0.19.chrom.sizes
AT4G25470_A_lyrata_MN47_DAPi712B06-ORGi5038-96P220	https://ftp.sra.ebi.ac.uk/vol1/fastq/SRR311/053/SRR31196453/SRR31196453_1.fastq.gz	https://ftp.sra.ebi.ac.uk/vol1/fastq/SRR311/053/SRR31196453/SRR31196453_2.fastq.gz	Control_TF_DNA_A_lyrata_MN47_DAPi712H12-ORGi5038-96P155-repool	Arabidopsis_lyrata.v.1.0.19	Arabidopsis_lyrata.v.1.0.19.fa.gz	Arabidopsis_lyrata.v.1.0.19.chrom.sizes
AT4G25480_A_lyrata_MN47_DAPi709D03-ORGi5038-96P169	https://ftp.sra.ebi.ac.uk/vol1/fastq/SRR311/070/SRR31196470/SRR31196470_1.fastq.gz	https://ftp.sra.ebi.ac.uk/vol1/fastq/SRR311/070/SRR31196470/SRR31196470_2.fastq.gz	Control_TF_DNA_A_lyrata_MN47_DAPi712H12-ORGi5038-96P155-repool	Arabidopsis_lyrata.v.1.0.19	Arabidopsis_lyrata.v.1.0.19.fa.gz	Arabidopsis_lyrata.v.1.0.19.chrom.sizes
AT4G25480_A_lyrata_MN47_DAPi712F04-ORGi5038-96P220	https://ftp.sra.ebi.ac.uk/vol1/fastq/SRR311/095/SRR31195695/SRR31195695_1.fastq.gz	https://ftp.sra.ebi.ac.uk/vol1/fastq/SRR311/095/SRR31195695/SRR31195695_2.fastq.gz	Control_TF_DNA_A_lyrata_MN47_DAPi712H12-ORGi5038-96P155-repool	Arabidopsis_lyrata.v.1.0.19	Arabidopsis_lyrata.v.1.0.19.fa.gz	Arabidopsis_lyrata.v.1.0.19.chrom.sizes
AT4G25490_A_lyrata_MN47_DAPi710E07-ORGi5038-96P151	https://ftp.sra.ebi.ac.uk/vol1/fastq/SRR311/029/SRR31195729/SRR31195729_1.fastq.gz	https://ftp.sra.ebi.ac.uk/vol1/fastq/SRR311/029/SRR31195729/SRR31195729_2.fastq.gz	Control_TF_DNA_A_lyrata_MN47_DAPi712H12-ORGi5038-96P155-repool	Arabidopsis_lyrata.v.1.0.19	Arabidopsis_lyrata.v.1.0.19.fa.gz	Arabidopsis_lyrata.v.1.0.19.chrom.sizes
AT4G25490_A_lyrata_MN47_DAPi712A08-ORGi5038-96P220	https://ftp.sra.ebi.ac.uk/vol1/fastq/SRR311/047/SRR31196447/SRR31196447_1.fastq.gz	https://ftp.sra.ebi.ac.uk/vol1/fastq/SRR311/047/SRR31196447/SRR31196447_2.fastq.gz	Control_TF_DNA_A_lyrata_MN47_DAPi712H12-ORGi5038-96P155-repool	Arabidopsis_lyrata.v.1.0.19	Arabidopsis_lyrata.v.1.0.19.fa.gz	Arabidopsis_lyrata.v.1.0.19.chrom.sizes
AT4G28500_A_lyrata_MN47_DAPi710E05-ORGi5038-96P151	https://ftp.sra.ebi.ac.uk/vol1/fastq/SRR311/081/SRR31196281/SRR31196281_1.fastq.gz	https://ftp.sra.ebi.ac.uk/vol1/fastq/SRR311/081/SRR31196281/SRR31196281_2.fastq.gz	Control_TF_DNA_A_lyrata_MN47_DAPi712H12-ORGi5038-96P155-repool	Arabidopsis_lyrata.v.1.0.19	Arabidopsis_lyrata.v.1.0.19.fa.gz	Arabidopsis_lyrata.v.1.0.19.chrom.sizes
AT4G31060_A_lyrata_MN47_DAPi709A03-ORGi5038-96P169	https://ftp.sra.ebi.ac.uk/vol1/fastq/SRR311/075/SRR31195775/SRR31195775_1.fastq.gz	https://ftp.sra.ebi.ac.uk/vol1/fastq/SRR311/075/SRR31195775/SRR31195775_2.fastq.gz	Control_TF_DNA_A_lyrata_MN47_DAPi712H12-ORGi5038-96P155-repool	Arabidopsis_lyrata.v.1.0.19	Arabidopsis_lyrata.v.1.0.19.fa.gz	Arabidopsis_lyrata.v.1.0.19.chrom.sizes
AT4G31800_A_lyrata_MN47_DAPi711C07-ORGi5038-96P166	https://ftp.sra.ebi.ac.uk/vol1/fastq/SRR311/079/SRR31196479/SRR31196479_1.fastq.gz	https://ftp.sra.ebi.ac.uk/vol1/fastq/SRR311/079/SRR31196479/SRR31196479_2.fastq.gz	Control_TF_DNA_A_lyrata_MN47_DAPi712H12-ORGi5038-96P155-repool	Arabidopsis_lyrata.v.1.0.19	Arabidopsis_lyrata.v.1.0.19.fa.gz	Arabidopsis_lyrata.v.1.0.19.chrom.sizes
AT4G31800_A_lyrata_MN47_DAPi712F02-ORGi5038-96P220	https://ftp.sra.ebi.ac.uk/vol1/fastq/SRR311/087/SRR31195687/SRR31195687_1.fastq.gz	https://ftp.sra.ebi.ac.uk/vol1/fastq/SRR311/087/SRR31195687/SRR31195687_2.fastq.gz	Control_TF_DNA_A_lyrata_MN47_DAPi712H12-ORGi5038-96P155-repool	Arabidopsis_lyrata.v.1.0.19	Arabidopsis_lyrata.v.1.0.19.fa.gz	Arabidopsis_lyrata.v.1.0.19.chrom.sizes
AT4G32730_A_lyrata_MN47_DAPi712C05-ORGi5038-96P155	https://ftp.sra.ebi.ac.uk/vol1/fastq/SRR311/031/SRR31195931/SRR31195931_1.fastq.gz	https://ftp.sra.ebi.ac.uk/vol1/fastq/SRR311/031/SRR31195931/SRR31195931_2.fastq.gz	Control_TF_DNA_A_lyrata_MN47_DAPi712H12-ORGi5038-96P155-repool	Arabidopsis_lyrata.v.1.0.19	Arabidopsis_lyrata.v.1.0.19.fa.gz	Arabidopsis_lyrata.v.1.0.19.chrom.sizes
AT4G34410_A_lyrata_MN47_DAPi711F11-ORGi5038-96P166	https://ftp.sra.ebi.ac.uk/vol1/fastq/SRR311/035/SRR31195735/SRR31195735_1.fastq.gz	https://ftp.sra.ebi.ac.uk/vol1/fastq/SRR311/035/SRR31195735/SRR31195735_2.fastq.gz	Control_TF_DNA_A_lyrata_MN47_DAPi712H12-ORGi5038-96P155-repool	Arabidopsis_lyrata.v.1.0.19	Arabidopsis_lyrata.v.1.0.19.fa.gz	Arabidopsis_lyrata.v.1.0.19.chrom.sizes
AT4G34590_A_lyrata_MN47_DAPi712G07-ORGi5038-96P155	https://ftp.sra.ebi.ac.uk/vol1/fastq/SRR311/075/SRR31195875/SRR31195875_1.fastq.gz	https://ftp.sra.ebi.ac.uk/vol1/fastq/SRR311/075/SRR31195875/SRR31195875_2.fastq.gz	Control_TF_DNA_A_lyrata_MN47_DAPi712H12-ORGi5038-96P155-repool	Arabidopsis_lyrata.v.1.0.19	Arabidopsis_lyrata.v.1.0.19.fa.gz	Arabidopsis_lyrata.v.1.0.19.chrom.sizes
AT4G36620_A_lyrata_MN47_DAPi712D02-ORGi5038-96P155	https://ftp.sra.ebi.ac.uk/vol1/fastq/SRR311/049/SRR31196349/SRR31196349_1.fastq.gz	https://ftp.sra.ebi.ac.uk/vol1/fastq/SRR311/049/SRR31196349/SRR31196349_2.fastq.gz	Control_TF_DNA_A_lyrata_MN47_DAPi712H12-ORGi5038-96P155-repool	Arabidopsis_lyrata.v.1.0.19	Arabidopsis_lyrata.v.1.0.19.fa.gz	Arabidopsis_lyrata.v.1.0.19.chrom.sizes
AT4G36740_A_lyrata_MN47_DAPi712H03-ORGi5038-96P155	https://ftp.sra.ebi.ac.uk/vol1/fastq/SRR311/071/SRR31195971/SRR31195971_1.fastq.gz	https://ftp.sra.ebi.ac.uk/vol1/fastq/SRR311/071/SRR31195971/SRR31195971_2.fastq.gz	Control_TF_DNA_A_lyrata_MN47_DAPi712H12-ORGi5038-96P155-repool	Arabidopsis_lyrata.v.1.0.19	Arabidopsis_lyrata.v.1.0.19.fa.gz	Arabidopsis_lyrata.v.1.0.19.chrom.sizes
AT4G36780_A_lyrata_MN47_DAPi711H06-ORGi5038-96P166	https://ftp.sra.ebi.ac.uk/vol1/fastq/SRR311/091/SRR31195891/SRR31195891_1.fastq.gz	https://ftp.sra.ebi.ac.uk/vol1/fastq/SRR311/091/SRR31195891/SRR31195891_2.fastq.gz	Control_TF_DNA_A_lyrata_MN47_DAPi712H12-ORGi5038-96P155-repool	Arabidopsis_lyrata.v.1.0.19	Arabidopsis_lyrata.v.1.0.19.fa.gz	Arabidopsis_lyrata.v.1.0.19.chrom.sizes
AT4G38000_A_lyrata_MN47_DAPi709B02-ORGi5038-96P169	https://ftp.sra.ebi.ac.uk/vol1/fastq/SRR311/023/SRR31195723/SRR31195723_1.fastq.gz	https://ftp.sra.ebi.ac.uk/vol1/fastq/SRR311/023/SRR31195723/SRR31195723_2.fastq.gz	Control_TF_DNA_A_lyrata_MN47_DAPi712H12-ORGi5038-96P155-repool	Arabidopsis_lyrata.v.1.0.19	Arabidopsis_lyrata.v.1.0.19.fa.gz	Arabidopsis_lyrata.v.1.0.19.chrom.sizes
AT5G02320_A_lyrata_MN47_DAPi710G02-ORGi5038-96P151	https://ftp.sra.ebi.ac.uk/vol1/fastq/SRR311/059/SRR31195859/SRR31195859_1.fastq.gz	https://ftp.sra.ebi.ac.uk/vol1/fastq/SRR311/059/SRR31195859/SRR31195859_2.fastq.gz	Control_TF_DNA_A_lyrata_MN47_DAPi712H12-ORGi5038-96P155-repool	Arabidopsis_lyrata.v.1.0.19	Arabidopsis_lyrata.v.1.0.19.fa.gz	Arabidopsis_lyrata.v.1.0.19.chrom.sizes
AT5G02320_A_lyrata_MN47_DAPi712G06-ORGi5038-96P220	https://ftp.sra.ebi.ac.uk/vol1/fastq/SRR311/047/SRR31195947/SRR31195947_1.fastq.gz	https://ftp.sra.ebi.ac.uk/vol1/fastq/SRR311/047/SRR31195947/SRR31195947_2.fastq.gz	Control_TF_DNA_A_lyrata_MN47_DAPi712H12-ORGi5038-96P155-repool	Arabidopsis_lyrata.v.1.0.19	Arabidopsis_lyrata.v.1.0.19.fa.gz	Arabidopsis_lyrata.v.1.0.19.chrom.sizes
AT5G02460_A_lyrata_MN47_DAPi712B04-ORGi5038-96P155	https://ftp.sra.ebi.ac.uk/vol1/fastq/SRR311/051/SRR31195651/SRR31195651_1.fastq.gz	https://ftp.sra.ebi.ac.uk/vol1/fastq/SRR311/051/SRR31195651/SRR31195651_2.fastq.gz	Control_TF_DNA_A_lyrata_MN47_DAPi712H12-ORGi5038-96P155-repool	Arabidopsis_lyrata.v.1.0.19	Arabidopsis_lyrata.v.1.0.19.fa.gz	Arabidopsis_lyrata.v.1.0.19.chrom.sizes
AT5G02840_A_lyrata_MN47_DAPi709E07-ORGi5038-96P169	https://ftp.sra.ebi.ac.uk/vol1/fastq/SRR311/013/SRR31196213/SRR31196213_1.fastq.gz	https://ftp.sra.ebi.ac.uk/vol1/fastq/SRR311/013/SRR31196213/SRR31196213_2.fastq.gz	Control_TF_DNA_A_lyrata_MN47_DAPi712H12-ORGi5038-96P155-repool	Arabidopsis_lyrata.v.1.0.19	Arabidopsis_lyrata.v.1.0.19.fa.gz	Arabidopsis_lyrata.v.1.0.19.chrom.sizes
AT5G03150_A_lyrata_MN47_DAPi710E08-ORGi5038-96P151	https://ftp.sra.ebi.ac.uk/vol1/fastq/SRR311/079/SRR31196279/SRR31196279_1.fastq.gz	https://ftp.sra.ebi.ac.uk/vol1/fastq/SRR311/079/SRR31196279/SRR31196279_2.fastq.gz	Control_TF_DNA_A_lyrata_MN47_DAPi712H12-ORGi5038-96P155-repool	Arabidopsis_lyrata.v.1.0.19	Arabidopsis_lyrata.v.1.0.19.fa.gz	Arabidopsis_lyrata.v.1.0.19.chrom.sizes
AT5G03150_A_lyrata_MN47_DAPi712D08-ORGi5038-96P220	https://ftp.sra.ebi.ac.uk/vol1/fastq/SRR311/034/SRR31196134/SRR31196134_1.fastq.gz	https://ftp.sra.ebi.ac.uk/vol1/fastq/SRR311/034/SRR31196134/SRR31196134_2.fastq.gz	Control_TF_DNA_A_lyrata_MN47_DAPi712H12-ORGi5038-96P155-repool	Arabidopsis_lyrata.v.1.0.19	Arabidopsis_lyrata.v.1.0.19.fa.gz	Arabidopsis_lyrata.v.1.0.19.chrom.sizes
AT5G03790_A_lyrata_MN47_DAPi709B12-ORGi5038-96P169	https://ftp.sra.ebi.ac.uk/vol1/fastq/SRR311/033/SRR31195933/SRR31195933_1.fastq.gz	https://ftp.sra.ebi.ac.uk/vol1/fastq/SRR311/033/SRR31195933/SRR31195933_2.fastq.gz	Control_TF_DNA_A_lyrata_MN47_DAPi712H12-ORGi5038-96P155-repool	Arabidopsis_lyrata.v.1.0.19	Arabidopsis_lyrata.v.1.0.19.fa.gz	Arabidopsis_lyrata.v.1.0.19.chrom.sizes
AT5G03790_A_lyrata_MN47_DAPi712C06-ORGi5038-96P220	https://ftp.sra.ebi.ac.uk/vol1/fastq/SRR311/023/SRR31196123/SRR31196123_1.fastq.gz	https://ftp.sra.ebi.ac.uk/vol1/fastq/SRR311/023/SRR31196123/SRR31196123_2.fastq.gz	Control_TF_DNA_A_lyrata_MN47_DAPi712H12-ORGi5038-96P155-repool	Arabidopsis_lyrata.v.1.0.19	Arabidopsis_lyrata.v.1.0.19.fa.gz	Arabidopsis_lyrata.v.1.0.19.chrom.sizes
AT5G05550_A_lyrata_MN47_DAPi710G12-ORGi5038-96P151	https://ftp.sra.ebi.ac.uk/vol1/fastq/SRR311/051/SRR31195751/SRR31195751_1.fastq.gz	https://ftp.sra.ebi.ac.uk/vol1/fastq/SRR311/051/SRR31195751/SRR31195751_2.fastq.gz	Control_TF_DNA_A_lyrata_MN47_DAPi712H12-ORGi5038-96P155-repool	Arabidopsis_lyrata.v.1.0.19	Arabidopsis_lyrata.v.1.0.19.fa.gz	Arabidopsis_lyrata.v.1.0.19.chrom.sizes
AT5G05550_A_lyrata_MN47_DAPi712A10-ORGi5038-96P220	https://ftp.sra.ebi.ac.uk/vol1/fastq/SRR311/075/SRR31196575/SRR31196575_1.fastq.gz	https://ftp.sra.ebi.ac.uk/vol1/fastq/SRR311/075/SRR31196575/SRR31196575_2.fastq.gz	Control_TF_DNA_A_lyrata_MN47_DAPi712H12-ORGi5038-96P155-repool	Arabidopsis_lyrata.v.1.0.19	Arabidopsis_lyrata.v.1.0.19.fa.gz	Arabidopsis_lyrata.v.1.0.19.chrom.sizes
AT5G05790_A_lyrata_MN47_DAPi711G12-ORGi5038-96P166	https://ftp.sra.ebi.ac.uk/vol1/fastq/SRR311/067/SRR31196367/SRR31196367_1.fastq.gz	https://ftp.sra.ebi.ac.uk/vol1/fastq/SRR311/067/SRR31196367/SRR31196367_2.fastq.gz	Control_TF_DNA_A_lyrata_MN47_DAPi712H12-ORGi5038-96P155-repool	Arabidopsis_lyrata.v.1.0.19	Arabidopsis_lyrata.v.1.0.19.fa.gz	Arabidopsis_lyrata.v.1.0.19.chrom.sizes
AT5G06100_A_lyrata_MN47_DAPi712H02-ORGi5038-96P155	https://ftp.sra.ebi.ac.uk/vol1/fastq/SRR311/005/SRR31195805/SRR31195805_1.fastq.gz	https://ftp.sra.ebi.ac.uk/vol1/fastq/SRR311/005/SRR31195805/SRR31195805_2.fastq.gz	Control_TF_DNA_A_lyrata_MN47_DAPi712H12-ORGi5038-96P155-repool	Arabidopsis_lyrata.v.1.0.19	Arabidopsis_lyrata.v.1.0.19.fa.gz	Arabidopsis_lyrata.v.1.0.19.chrom.sizes
AT5G07310_A_lyrata_MN47_DAPi709A05-ORGi5038-96P169	https://ftp.sra.ebi.ac.uk/vol1/fastq/SRR311/001/SRR31195701/SRR31195701_1.fastq.gz	https://ftp.sra.ebi.ac.uk/vol1/fastq/SRR311/001/SRR31195701/SRR31195701_2.fastq.gz	Control_TF_DNA_A_lyrata_MN47_DAPi712H12-ORGi5038-96P155-repool	Arabidopsis_lyrata.v.1.0.19	Arabidopsis_lyrata.v.1.0.19.fa.gz	Arabidopsis_lyrata.v.1.0.19.chrom.sizes
AT5G07680_A_lyrata_MN47_DAPi712F08-ORGi5038-96P155	https://ftp.sra.ebi.ac.uk/vol1/fastq/SRR311/065/SRR31195665/SRR31195665_1.fastq.gz	https://ftp.sra.ebi.ac.uk/vol1/fastq/SRR311/065/SRR31195665/SRR31195665_2.fastq.gz	Control_TF_DNA_A_lyrata_MN47_DAPi712H12-ORGi5038-96P155-repool	Arabidopsis_lyrata.v.1.0.19	Arabidopsis_lyrata.v.1.0.19.fa.gz	Arabidopsis_lyrata.v.1.0.19.chrom.sizes
AT5G08130_A_lyrata_MN47_DAPi709H05-ORGi5038-96P169	https://ftp.sra.ebi.ac.uk/vol1/fastq/SRR311/065/SRR31195765/SRR31195765_1.fastq.gz	https://ftp.sra.ebi.ac.uk/vol1/fastq/SRR311/065/SRR31195765/SRR31195765_2.fastq.gz	Control_TF_DNA_A_lyrata_MN47_DAPi712H12-ORGi5038-96P155-repool	Arabidopsis_lyrata.v.1.0.19	Arabidopsis_lyrata.v.1.0.19.fa.gz	Arabidopsis_lyrata.v.1.0.19.chrom.sizes
AT5G08330_A_lyrata_MN47_DAPi711E05-ORGi5038-96P166	https://ftp.sra.ebi.ac.uk/vol1/fastq/SRR311/067/SRR31196167/SRR31196167_1.fastq.gz	https://ftp.sra.ebi.ac.uk/vol1/fastq/SRR311/067/SRR31196167/SRR31196167_2.fastq.gz	Control_TF_DNA_A_lyrata_MN47_DAPi712H12-ORGi5038-96P155-repool	Arabidopsis_lyrata.v.1.0.19	Arabidopsis_lyrata.v.1.0.19.fa.gz	Arabidopsis_lyrata.v.1.0.19.chrom.sizes
AT5G08520_A_lyrata_MN47_DAPi711E02-ORGi5038-96P166	https://ftp.sra.ebi.ac.uk/vol1/fastq/SRR311/005/SRR31195905/SRR31195905_1.fastq.gz	https://ftp.sra.ebi.ac.uk/vol1/fastq/SRR311/005/SRR31195905/SRR31195905_2.fastq.gz	Control_TF_DNA_A_lyrata_MN47_DAPi712H12-ORGi5038-96P155-repool	Arabidopsis_lyrata.v.1.0.19	Arabidopsis_lyrata.v.1.0.19.fa.gz	Arabidopsis_lyrata.v.1.0.19.chrom.sizes
AT5G09410_A_lyrata_MN47_DAPi712G06-ORGi5038-96P155	https://ftp.sra.ebi.ac.uk/vol1/fastq/SRR311/027/SRR31196427/SRR31196427_1.fastq.gz	https://ftp.sra.ebi.ac.uk/vol1/fastq/SRR311/027/SRR31196427/SRR31196427_2.fastq.gz	Control_TF_DNA_A_lyrata_MN47_DAPi712H12-ORGi5038-96P155-repool	Arabidopsis_lyrata.v.1.0.19	Arabidopsis_lyrata.v.1.0.19.fa.gz	Arabidopsis_lyrata.v.1.0.19.chrom.sizes
AT5G09410_A_lyrata_MN47_DAPi712G11-ORGi5038-96P220	https://ftp.sra.ebi.ac.uk/vol1/fastq/SRR311/097/SRR31196097/SRR31196097_1.fastq.gz	https://ftp.sra.ebi.ac.uk/vol1/fastq/SRR311/097/SRR31196097/SRR31196097_2.fastq.gz	Control_TF_DNA_A_lyrata_MN47_DAPi712H12-ORGi5038-96P155-repool	Arabidopsis_lyrata.v.1.0.19	Arabidopsis_lyrata.v.1.0.19.fa.gz	Arabidopsis_lyrata.v.1.0.19.chrom.sizes
AT5G10030_A_lyrata_MN47_DAPi709C11-ORGi5038-96P169	https://ftp.sra.ebi.ac.uk/vol1/fastq/SRR311/085/SRR31195985/SRR31195985_1.fastq.gz	https://ftp.sra.ebi.ac.uk/vol1/fastq/SRR311/085/SRR31195985/SRR31195985_2.fastq.gz	Control_TF_DNA_A_lyrata_MN47_DAPi712H12-ORGi5038-96P155-repool	Arabidopsis_lyrata.v.1.0.19	Arabidopsis_lyrata.v.1.0.19.fa.gz	Arabidopsis_lyrata.v.1.0.19.chrom.sizes
AT5G10030_A_lyrata_MN47_DAPi712A06-ORGi5038-96P220	https://ftp.sra.ebi.ac.uk/vol1/fastq/SRR311/000/SRR31196500/SRR31196500_1.fastq.gz	https://ftp.sra.ebi.ac.uk/vol1/fastq/SRR311/000/SRR31196500/SRR31196500_2.fastq.gz	Control_TF_DNA_A_lyrata_MN47_DAPi712H12-ORGi5038-96P155-repool	Arabidopsis_lyrata.v.1.0.19	Arabidopsis_lyrata.v.1.0.19.fa.gz	Arabidopsis_lyrata.v.1.0.19.chrom.sizes
AT5G11260_A_lyrata_MN47_DAPi712D12-ORGi5038-96P220	https://ftp.sra.ebi.ac.uk/vol1/fastq/SRR311/081/SRR31196481/SRR31196481_1.fastq.gz	https://ftp.sra.ebi.ac.uk/vol1/fastq/SRR311/081/SRR31196481/SRR31196481_2.fastq.gz	Control_TF_DNA_A_lyrata_MN47_DAPi712H12-ORGi5038-96P155-repool	Arabidopsis_lyrata.v.1.0.19	Arabidopsis_lyrata.v.1.0.19.fa.gz	Arabidopsis_lyrata.v.1.0.19.chrom.sizes
AT5G11260_A_lyrata_MN47_DAPi712F11-ORGi5038-96P155	https://ftp.sra.ebi.ac.uk/vol1/fastq/SRR311/091/SRR31195791/SRR31195791_1.fastq.gz	https://ftp.sra.ebi.ac.uk/vol1/fastq/SRR311/091/SRR31195791/SRR31195791_2.fastq.gz	Control_TF_DNA_A_lyrata_MN47_DAPi712H12-ORGi5038-96P155-repool	Arabidopsis_lyrata.v.1.0.19	Arabidopsis_lyrata.v.1.0.19.fa.gz	Arabidopsis_lyrata.v.1.0.19.chrom.sizes
AT5G11510_A_lyrata_MN47_DAPi712H06-ORGi5038-96P155	https://ftp.sra.ebi.ac.uk/vol1/fastq/SRR311/033/SRR31195733/SRR31195733_1.fastq.gz	https://ftp.sra.ebi.ac.uk/vol1/fastq/SRR311/033/SRR31195733/SRR31195733_2.fastq.gz	Control_TF_DNA_A_lyrata_MN47_DAPi712H12-ORGi5038-96P155-repool	Arabidopsis_lyrata.v.1.0.19	Arabidopsis_lyrata.v.1.0.19.fa.gz	Arabidopsis_lyrata.v.1.0.19.chrom.sizes
AT5G13080_A_lyrata_MN47_DAPi711B12-ORGi5038-96P166	https://ftp.sra.ebi.ac.uk/vol1/fastq/SRR311/085/SRR31196185/SRR31196185_1.fastq.gz	https://ftp.sra.ebi.ac.uk/vol1/fastq/SRR311/085/SRR31196185/SRR31196185_2.fastq.gz	Control_TF_DNA_A_lyrata_MN47_DAPi712H12-ORGi5038-96P155-repool	Arabidopsis_lyrata.v.1.0.19	Arabidopsis_lyrata.v.1.0.19.fa.gz	Arabidopsis_lyrata.v.1.0.19.chrom.sizes
AT5G13790_A_lyrata_MN47_DAPi712F02-ORGi5038-96P155	https://ftp.sra.ebi.ac.uk/vol1/fastq/SRR311/041/SRR31195941/SRR31195941_1.fastq.gz	https://ftp.sra.ebi.ac.uk/vol1/fastq/SRR311/041/SRR31195941/SRR31195941_2.fastq.gz	Control_TF_DNA_A_lyrata_MN47_DAPi712H12-ORGi5038-96P155-repool	Arabidopsis_lyrata.v.1.0.19	Arabidopsis_lyrata.v.1.0.19.fa.gz	Arabidopsis_lyrata.v.1.0.19.chrom.sizes
AT5G13910_A_lyrata_MN47_DAPi709A04-ORGi5038-96P169	https://ftp.sra.ebi.ac.uk/vol1/fastq/SRR311/027/SRR31196127/SRR31196127_1.fastq.gz	https://ftp.sra.ebi.ac.uk/vol1/fastq/SRR311/027/SRR31196127/SRR31196127_2.fastq.gz	Control_TF_DNA_A_lyrata_MN47_DAPi712H12-ORGi5038-96P155-repool	Arabidopsis_lyrata.v.1.0.19	Arabidopsis_lyrata.v.1.0.19.fa.gz	Arabidopsis_lyrata.v.1.0.19.chrom.sizes
AT5G14960_A_lyrata_MN47_DAPi710G08-ORGi5038-96P151	https://ftp.sra.ebi.ac.uk/vol1/fastq/SRR311/099/SRR31195799/SRR31195799_1.fastq.gz	https://ftp.sra.ebi.ac.uk/vol1/fastq/SRR311/099/SRR31195799/SRR31195799_2.fastq.gz	Control_TF_DNA_A_lyrata_MN47_DAPi712H12-ORGi5038-96P155-repool	Arabidopsis_lyrata.v.1.0.19	Arabidopsis_lyrata.v.1.0.19.fa.gz	Arabidopsis_lyrata.v.1.0.19.chrom.sizes
AT5G14960_A_lyrata_MN47_DAPi712E08-ORGi5038-96P220	https://ftp.sra.ebi.ac.uk/vol1/fastq/SRR311/001/SRR31196301/SRR31196301_1.fastq.gz	https://ftp.sra.ebi.ac.uk/vol1/fastq/SRR311/001/SRR31196301/SRR31196301_2.fastq.gz	Control_TF_DNA_A_lyrata_MN47_DAPi712H12-ORGi5038-96P155-repool	Arabidopsis_lyrata.v.1.0.19	Arabidopsis_lyrata.v.1.0.19.fa.gz	Arabidopsis_lyrata.v.1.0.19.chrom.sizes
AT5G16820_A_lyrata_MN47_DAPi712G05-ORGi5038-96P155	https://ftp.sra.ebi.ac.uk/vol1/fastq/SRR311/047/SRR31196047/SRR31196047_1.fastq.gz	https://ftp.sra.ebi.ac.uk/vol1/fastq/SRR311/047/SRR31196047/SRR31196047_2.fastq.gz	Control_TF_DNA_A_lyrata_MN47_DAPi712H12-ORGi5038-96P155-repool	Arabidopsis_lyrata.v.1.0.19	Arabidopsis_lyrata.v.1.0.19.fa.gz	Arabidopsis_lyrata.v.1.0.19.chrom.sizes
AT5G17300_A_lyrata_MN47_DAPi710F09-ORGi5038-96P151	https://ftp.sra.ebi.ac.uk/vol1/fastq/SRR311/079/SRR31196179/SRR31196179_1.fastq.gz	https://ftp.sra.ebi.ac.uk/vol1/fastq/SRR311/079/SRR31196179/SRR31196179_2.fastq.gz	Control_TF_DNA_A_lyrata_MN47_DAPi712H12-ORGi5038-96P155-repool	Arabidopsis_lyrata.v.1.0.19	Arabidopsis_lyrata.v.1.0.19.fa.gz	Arabidopsis_lyrata.v.1.0.19.chrom.sizes
AT5G17300_A_lyrata_MN47_DAPi712H08-ORGi5038-96P220	https://ftp.sra.ebi.ac.uk/vol1/fastq/SRR311/093/SRR31195993/SRR31195993_1.fastq.gz	https://ftp.sra.ebi.ac.uk/vol1/fastq/SRR311/093/SRR31195993/SRR31195993_2.fastq.gz	Control_TF_DNA_A_lyrata_MN47_DAPi712H12-ORGi5038-96P155-repool	Arabidopsis_lyrata.v.1.0.19	Arabidopsis_lyrata.v.1.0.19.fa.gz	Arabidopsis_lyrata.v.1.0.19.chrom.sizes
AT5G17800_A_lyrata_MN47_DAPi712C02-ORGi5038-96P155	https://ftp.sra.ebi.ac.uk/vol1/fastq/SRR311/097/SRR31195797/SRR31195797_1.fastq.gz	https://ftp.sra.ebi.ac.uk/vol1/fastq/SRR311/097/SRR31195797/SRR31195797_2.fastq.gz	Control_TF_DNA_A_lyrata_MN47_DAPi712H12-ORGi5038-96P155-repool	Arabidopsis_lyrata.v.1.0.19	Arabidopsis_lyrata.v.1.0.19.fa.gz	Arabidopsis_lyrata.v.1.0.19.chrom.sizes
AT5G18270_A_lyrata_MN47_DAPi712C10-ORGi5038-96P155	https://ftp.sra.ebi.ac.uk/vol1/fastq/SRR311/021/SRR31196221/SRR31196221_1.fastq.gz	https://ftp.sra.ebi.ac.uk/vol1/fastq/SRR311/021/SRR31196221/SRR31196221_2.fastq.gz	Control_TF_DNA_A_lyrata_MN47_DAPi712H12-ORGi5038-96P155-repool	Arabidopsis_lyrata.v.1.0.19	Arabidopsis_lyrata.v.1.0.19.fa.gz	Arabidopsis_lyrata.v.1.0.19.chrom.sizes
AT5G18560_A_lyrata_MN47_DAPi710D07-ORGi5038-96P151	https://ftp.sra.ebi.ac.uk/vol1/fastq/SRR311/038/SRR31195738/SRR31195738_1.fastq.gz	https://ftp.sra.ebi.ac.uk/vol1/fastq/SRR311/038/SRR31195738/SRR31195738_2.fastq.gz	Control_TF_DNA_A_lyrata_MN47_DAPi712H12-ORGi5038-96P155-repool	Arabidopsis_lyrata.v.1.0.19	Arabidopsis_lyrata.v.1.0.19.fa.gz	Arabidopsis_lyrata.v.1.0.19.chrom.sizes
AT5G18560_A_lyrata_MN47_DAPi712H07-ORGi5038-96P220	https://ftp.sra.ebi.ac.uk/vol1/fastq/SRR311/071/SRR31196571/SRR31196571_1.fastq.gz	https://ftp.sra.ebi.ac.uk/vol1/fastq/SRR311/071/SRR31196571/SRR31196571_2.fastq.gz	Control_TF_DNA_A_lyrata_MN47_DAPi712H12-ORGi5038-96P155-repool	Arabidopsis_lyrata.v.1.0.19	Arabidopsis_lyrata.v.1.0.19.fa.gz	Arabidopsis_lyrata.v.1.0.19.chrom.sizes
AT5G19790_A_lyrata_MN47_DAPi710A07-ORGi5038-96P151	https://ftp.sra.ebi.ac.uk/vol1/fastq/SRR311/036/SRR31195736/SRR31195736_1.fastq.gz	https://ftp.sra.ebi.ac.uk/vol1/fastq/SRR311/036/SRR31195736/SRR31195736_2.fastq.gz	Control_TF_DNA_A_lyrata_MN47_DAPi712H12-ORGi5038-96P155-repool	Arabidopsis_lyrata.v.1.0.19	Arabidopsis_lyrata.v.1.0.19.fa.gz	Arabidopsis_lyrata.v.1.0.19.chrom.sizes
AT5G19790_A_lyrata_MN47_DAPi712G07-ORGi5038-96P220	https://ftp.sra.ebi.ac.uk/vol1/fastq/SRR311/051/SRR31195851/SRR31195851_1.fastq.gz	https://ftp.sra.ebi.ac.uk/vol1/fastq/SRR311/051/SRR31195851/SRR31195851_2.fastq.gz	Control_TF_DNA_A_lyrata_MN47_DAPi712H12-ORGi5038-96P155-repool	Arabidopsis_lyrata.v.1.0.19	Arabidopsis_lyrata.v.1.0.19.fa.gz	Arabidopsis_lyrata.v.1.0.19.chrom.sizes
AT5G22990_A_lyrata_MN47_DAPi710F02-ORGi5038-96P151	https://ftp.sra.ebi.ac.uk/vol1/fastq/SRR311/007/SRR31196107/SRR31196107_1.fastq.gz	https://ftp.sra.ebi.ac.uk/vol1/fastq/SRR311/007/SRR31196107/SRR31196107_2.fastq.gz	Control_TF_DNA_A_lyrata_MN47_DAPi712H12-ORGi5038-96P155-repool	Arabidopsis_lyrata.v.1.0.19	Arabidopsis_lyrata.v.1.0.19.fa.gz	Arabidopsis_lyrata.v.1.0.19.chrom.sizes
AT5G24110_A_lyrata_MN47_DAPi711B09-ORGi5038-96P166	https://ftp.sra.ebi.ac.uk/vol1/fastq/SRR311/099/SRR31196199/SRR31196199_1.fastq.gz	https://ftp.sra.ebi.ac.uk/vol1/fastq/SRR311/099/SRR31196199/SRR31196199_2.fastq.gz	Control_TF_DNA_A_lyrata_MN47_DAPi712H12-ORGi5038-96P155-repool	Arabidopsis_lyrata.v.1.0.19	Arabidopsis_lyrata.v.1.0.19.fa.gz	Arabidopsis_lyrata.v.1.0.19.chrom.sizes
AT5G25190_A_lyrata_MN47_DAPi711C05-ORGi5038-96P166	https://ftp.sra.ebi.ac.uk/vol1/fastq/SRR311/016/SRR31196016/SRR31196016_1.fastq.gz	https://ftp.sra.ebi.ac.uk/vol1/fastq/SRR311/016/SRR31196016/SRR31196016_2.fastq.gz	Control_TF_DNA_A_lyrata_MN47_DAPi712H12-ORGi5038-96P155-repool	Arabidopsis_lyrata.v.1.0.19	Arabidopsis_lyrata.v.1.0.19.fa.gz	Arabidopsis_lyrata.v.1.0.19.chrom.sizes
AT5G25810_A_lyrata_MN47_DAPi709E04-ORGi5038-96P169	https://ftp.sra.ebi.ac.uk/vol1/fastq/SRR311/097/SRR31195997/SRR31195997_1.fastq.gz	https://ftp.sra.ebi.ac.uk/vol1/fastq/SRR311/097/SRR31195997/SRR31195997_2.fastq.gz	Control_TF_DNA_A_lyrata_MN47_DAPi712H12-ORGi5038-96P155-repool	Arabidopsis_lyrata.v.1.0.19	Arabidopsis_lyrata.v.1.0.19.fa.gz	Arabidopsis_lyrata.v.1.0.19.chrom.sizes
AT5G26170_A_lyrata_MN47_DAPi710B11-ORGi5038-96P151	https://ftp.sra.ebi.ac.uk/vol1/fastq/SRR311/011/SRR31195711/SRR31195711_1.fastq.gz	https://ftp.sra.ebi.ac.uk/vol1/fastq/SRR311/011/SRR31195711/SRR31195711_2.fastq.gz	Control_TF_DNA_A_lyrata_MN47_DAPi712H12-ORGi5038-96P155-repool	Arabidopsis_lyrata.v.1.0.19	Arabidopsis_lyrata.v.1.0.19.fa.gz	Arabidopsis_lyrata.v.1.0.19.chrom.sizes
AT5G39610_A_lyrata_MN47_DAPi712D07-ORGi5038-96P155	https://ftp.sra.ebi.ac.uk/vol1/fastq/SRR311/055/SRR31195955/SRR31195955_1.fastq.gz	https://ftp.sra.ebi.ac.uk/vol1/fastq/SRR311/055/SRR31195955/SRR31195955_2.fastq.gz	Control_TF_DNA_A_lyrata_MN47_DAPi712H12-ORGi5038-96P155-repool	Arabidopsis_lyrata.v.1.0.19	Arabidopsis_lyrata.v.1.0.19.fa.gz	Arabidopsis_lyrata.v.1.0.19.chrom.sizes
AT5G39760_A_lyrata_MN47_DAPi711G03-ORGi5038-96P166	https://ftp.sra.ebi.ac.uk/vol1/fastq/SRR311/099/SRR31195899/SRR31195899_1.fastq.gz	https://ftp.sra.ebi.ac.uk/vol1/fastq/SRR311/099/SRR31195899/SRR31195899_2.fastq.gz	Control_TF_DNA_A_lyrata_MN47_DAPi712H12-ORGi5038-96P155-repool	Arabidopsis_lyrata.v.1.0.19	Arabidopsis_lyrata.v.1.0.19.fa.gz	Arabidopsis_lyrata.v.1.0.19.chrom.sizes
AT5G39760_A_lyrata_MN47_DAPi712A02-ORGi5038-96P220	https://ftp.sra.ebi.ac.uk/vol1/fastq/SRR311/043/SRR31195843/SRR31195843_1.fastq.gz	https://ftp.sra.ebi.ac.uk/vol1/fastq/SRR311/043/SRR31195843/SRR31195843_2.fastq.gz	Control_TF_DNA_A_lyrata_MN47_DAPi712H12-ORGi5038-96P155-repool	Arabidopsis_lyrata.v.1.0.19	Arabidopsis_lyrata.v.1.0.19.fa.gz	Arabidopsis_lyrata.v.1.0.19.chrom.sizes
AT5G41570_A_lyrata_MN47_DAPi711G08-ORGi5038-96P166	https://ftp.sra.ebi.ac.uk/vol1/fastq/SRR311/022/SRR31196022/SRR31196022_1.fastq.gz	https://ftp.sra.ebi.ac.uk/vol1/fastq/SRR311/022/SRR31196022/SRR31196022_2.fastq.gz	Control_TF_DNA_A_lyrata_MN47_DAPi712H12-ORGi5038-96P155-repool	Arabidopsis_lyrata.v.1.0.19	Arabidopsis_lyrata.v.1.0.19.fa.gz	Arabidopsis_lyrata.v.1.0.19.chrom.sizes
AT5G45300_A_lyrata_MN47_DAPi712D04-ORGi5038-96P155	https://ftp.sra.ebi.ac.uk/vol1/fastq/SRR311/011/SRR31196311/SRR31196311_1.fastq.gz	https://ftp.sra.ebi.ac.uk/vol1/fastq/SRR311/011/SRR31196311/SRR31196311_2.fastq.gz	Control_TF_DNA_A_lyrata_MN47_DAPi712H12-ORGi5038-96P155-repool	Arabidopsis_lyrata.v.1.0.19	Arabidopsis_lyrata.v.1.0.19.fa.gz	Arabidopsis_lyrata.v.1.0.19.chrom.sizes
AT5G45300_A_lyrata_MN47_DAPi712G10-ORGi5038-96P220	https://ftp.sra.ebi.ac.uk/vol1/fastq/SRR311/007/SRR31196407/SRR31196407_1.fastq.gz	https://ftp.sra.ebi.ac.uk/vol1/fastq/SRR311/007/SRR31196407/SRR31196407_2.fastq.gz	Control_TF_DNA_A_lyrata_MN47_DAPi712H12-ORGi5038-96P155-repool	Arabidopsis_lyrata.v.1.0.19	Arabidopsis_lyrata.v.1.0.19.fa.gz	Arabidopsis_lyrata.v.1.0.19.chrom.sizes
AT5G45580_A_lyrata_MN47_DAPi709A11-ORGi5038-96P169	https://ftp.sra.ebi.ac.uk/vol1/fastq/SRR311/001/SRR31195801/SRR31195801_1.fastq.gz	https://ftp.sra.ebi.ac.uk/vol1/fastq/SRR311/001/SRR31195801/SRR31195801_2.fastq.gz	Control_TF_DNA_A_lyrata_MN47_DAPi712H12-ORGi5038-96P155-repool	Arabidopsis_lyrata.v.1.0.19	Arabidopsis_lyrata.v.1.0.19.fa.gz	Arabidopsis_lyrata.v.1.0.19.chrom.sizes
AT5G47230_A_lyrata_MN47_DAPi709G06-ORGi5038-96P169	https://ftp.sra.ebi.ac.uk/vol1/fastq/SRR311/011/SRR31196211/SRR31196211_1.fastq.gz	https://ftp.sra.ebi.ac.uk/vol1/fastq/SRR311/011/SRR31196211/SRR31196211_2.fastq.gz	Control_TF_DNA_A_lyrata_MN47_DAPi712H12-ORGi5038-96P155-repool	Arabidopsis_lyrata.v.1.0.19	Arabidopsis_lyrata.v.1.0.19.fa.gz	Arabidopsis_lyrata.v.1.0.19.chrom.sizes
AT5G47370_A_lyrata_MN47_DAPi711B05-ORGi5038-96P166	https://ftp.sra.ebi.ac.uk/vol1/fastq/SRR311/094/SRR31196494/SRR31196494_1.fastq.gz	https://ftp.sra.ebi.ac.uk/vol1/fastq/SRR311/094/SRR31196494/SRR31196494_2.fastq.gz	Control_TF_DNA_A_lyrata_MN47_DAPi712H12-ORGi5038-96P155-repool	Arabidopsis_lyrata.v.1.0.19	Arabidopsis_lyrata.v.1.0.19.fa.gz	Arabidopsis_lyrata.v.1.0.19.chrom.sizes
AT5G47390_A_lyrata_MN47_DAPi711H02-ORGi5038-96P166	https://ftp.sra.ebi.ac.uk/vol1/fastq/SRR311/053/SRR31196053/SRR31196053_1.fastq.gz	https://ftp.sra.ebi.ac.uk/vol1/fastq/SRR311/053/SRR31196053/SRR31196053_2.fastq.gz	Control_TF_DNA_A_lyrata_MN47_DAPi712H12-ORGi5038-96P155-repool	Arabidopsis_lyrata.v.1.0.19	Arabidopsis_lyrata.v.1.0.19.fa.gz	Arabidopsis_lyrata.v.1.0.19.chrom.sizes
AT5G47390_A_lyrata_MN47_DAPi712F01-ORGi5038-96P220	https://ftp.sra.ebi.ac.uk/vol1/fastq/SRR311/024/SRR31196024/SRR31196024_1.fastq.gz	https://ftp.sra.ebi.ac.uk/vol1/fastq/SRR311/024/SRR31196024/SRR31196024_2.fastq.gz	Control_TF_DNA_A_lyrata_MN47_DAPi712H12-ORGi5038-96P155-repool	Arabidopsis_lyrata.v.1.0.19	Arabidopsis_lyrata.v.1.0.19.fa.gz	Arabidopsis_lyrata.v.1.0.19.chrom.sizes
AT5G47660_A_lyrata_MN47_DAPi710B06-ORGi5038-96P151	https://ftp.sra.ebi.ac.uk/vol1/fastq/SRR311/099/SRR31196399/SRR31196399_1.fastq.gz	https://ftp.sra.ebi.ac.uk/vol1/fastq/SRR311/099/SRR31196399/SRR31196399_2.fastq.gz	Control_TF_DNA_A_lyrata_MN47_DAPi712H12-ORGi5038-96P155-repool	Arabidopsis_lyrata.v.1.0.19	Arabidopsis_lyrata.v.1.0.19.fa.gz	Arabidopsis_lyrata.v.1.0.19.chrom.sizes
AT5G51190_A_lyrata_MN47_DAPi709G07-ORGi5038-96P169	https://ftp.sra.ebi.ac.uk/vol1/fastq/SRR311/027/SRR31196027/SRR31196027_1.fastq.gz	https://ftp.sra.ebi.ac.uk/vol1/fastq/SRR311/027/SRR31196027/SRR31196027_2.fastq.gz	Control_TF_DNA_A_lyrata_MN47_DAPi712H12-ORGi5038-96P155-repool	Arabidopsis_lyrata.v.1.0.19	Arabidopsis_lyrata.v.1.0.19.fa.gz	Arabidopsis_lyrata.v.1.0.19.chrom.sizes
AT5G51990_A_lyrata_MN47_DAPi710C04-ORGi5038-96P151	https://ftp.sra.ebi.ac.uk/vol1/fastq/SRR311/003/SRR31195703/SRR31195703_1.fastq.gz	https://ftp.sra.ebi.ac.uk/vol1/fastq/SRR311/003/SRR31195703/SRR31195703_2.fastq.gz	Control_TF_DNA_A_lyrata_MN47_DAPi712H12-ORGi5038-96P155-repool	Arabidopsis_lyrata.v.1.0.19	Arabidopsis_lyrata.v.1.0.19.fa.gz	Arabidopsis_lyrata.v.1.0.19.chrom.sizes
AT5G52020_A_lyrata_MN47_DAPi709A10-ORGi5038-96P169	https://ftp.sra.ebi.ac.uk/vol1/fastq/SRR311/095/SRR31196295/SRR31196295_1.fastq.gz	https://ftp.sra.ebi.ac.uk/vol1/fastq/SRR311/095/SRR31196295/SRR31196295_2.fastq.gz	Control_TF_DNA_A_lyrata_MN47_DAPi712H12-ORGi5038-96P155-repool	Arabidopsis_lyrata.v.1.0.19	Arabidopsis_lyrata.v.1.0.19.fa.gz	Arabidopsis_lyrata.v.1.0.19.chrom.sizes
AT5G52660_A_lyrata_MN47_DAPi709A06-ORGi5038-96P169	https://ftp.sra.ebi.ac.uk/vol1/fastq/SRR311/037/SRR31195937/SRR31195937_1.fastq.gz	https://ftp.sra.ebi.ac.uk/vol1/fastq/SRR311/037/SRR31195937/SRR31195937_2.fastq.gz	Control_TF_DNA_A_lyrata_MN47_DAPi712H12-ORGi5038-96P155-repool	Arabidopsis_lyrata.v.1.0.19	Arabidopsis_lyrata.v.1.0.19.fa.gz	Arabidopsis_lyrata.v.1.0.19.chrom.sizes
AT5G52830_A_lyrata_MN47_DAPi710G06-ORGi5038-96P151	https://ftp.sra.ebi.ac.uk/vol1/fastq/SRR311/038/SRR31196138/SRR31196138_1.fastq.gz	https://ftp.sra.ebi.ac.uk/vol1/fastq/SRR311/038/SRR31196138/SRR31196138_2.fastq.gz	Control_TF_DNA_A_lyrata_MN47_DAPi712H12-ORGi5038-96P155-repool	Arabidopsis_lyrata.v.1.0.19	Arabidopsis_lyrata.v.1.0.19.fa.gz	Arabidopsis_lyrata.v.1.0.19.chrom.sizes
AT5G52830_A_lyrata_MN47_DAPi712F07-ORGi5038-96P220	https://ftp.sra.ebi.ac.uk/vol1/fastq/SRR311/083/SRR31196283/SRR31196283_1.fastq.gz	https://ftp.sra.ebi.ac.uk/vol1/fastq/SRR311/083/SRR31196283/SRR31196283_2.fastq.gz	Control_TF_DNA_A_lyrata_MN47_DAPi712H12-ORGi5038-96P155-repool	Arabidopsis_lyrata.v.1.0.19	Arabidopsis_lyrata.v.1.0.19.fa.gz	Arabidopsis_lyrata.v.1.0.19.chrom.sizes
AT5G53950_A_lyrata_MN47_DAPi712A10-ORGi5038-96P155	https://ftp.sra.ebi.ac.uk/vol1/fastq/SRR311/071/SRR31195771/SRR31195771_1.fastq.gz	https://ftp.sra.ebi.ac.uk/vol1/fastq/SRR311/071/SRR31195771/SRR31195771_2.fastq.gz	Control_TF_DNA_A_lyrata_MN47_DAPi712H12-ORGi5038-96P155-repool	Arabidopsis_lyrata.v.1.0.19	Arabidopsis_lyrata.v.1.0.19.fa.gz	Arabidopsis_lyrata.v.1.0.19.chrom.sizes
AT5G54230_A_lyrata_MN47_DAPi709D07-ORGi5038-96P169	https://ftp.sra.ebi.ac.uk/vol1/fastq/SRR311/079/SRR31195779/SRR31195779_1.fastq.gz	https://ftp.sra.ebi.ac.uk/vol1/fastq/SRR311/079/SRR31195779/SRR31195779_2.fastq.gz	Control_TF_DNA_A_lyrata_MN47_DAPi712H12-ORGi5038-96P155-repool	Arabidopsis_lyrata.v.1.0.19	Arabidopsis_lyrata.v.1.0.19.fa.gz	Arabidopsis_lyrata.v.1.0.19.chrom.sizes
AT5G56110_A_lyrata_MN47_DAPi709F12-ORGi5038-96P169	https://ftp.sra.ebi.ac.uk/vol1/fastq/SRR311/015/SRR31195815/SRR31195815_1.fastq.gz	https://ftp.sra.ebi.ac.uk/vol1/fastq/SRR311/015/SRR31195815/SRR31195815_2.fastq.gz	Control_TF_DNA_A_lyrata_MN47_DAPi712H12-ORGi5038-96P155-repool	Arabidopsis_lyrata.v.1.0.19	Arabidopsis_lyrata.v.1.0.19.fa.gz	Arabidopsis_lyrata.v.1.0.19.chrom.sizes
AT5G56110_A_lyrata_MN47_DAPi712E06-ORGi5038-96P220	https://ftp.sra.ebi.ac.uk/vol1/fastq/SRR311/003/SRR31196303/SRR31196303_1.fastq.gz	https://ftp.sra.ebi.ac.uk/vol1/fastq/SRR311/003/SRR31196303/SRR31196303_2.fastq.gz	Control_TF_DNA_A_lyrata_MN47_DAPi712H12-ORGi5038-96P155-repool	Arabidopsis_lyrata.v.1.0.19	Arabidopsis_lyrata.v.1.0.19.fa.gz	Arabidopsis_lyrata.v.1.0.19.chrom.sizes
AT5G56840_A_lyrata_MN47_DAPi710D01-ORGi5038-96P151	https://ftp.sra.ebi.ac.uk/vol1/fastq/SRR311/035/SRR31196535/SRR31196535_1.fastq.gz	https://ftp.sra.ebi.ac.uk/vol1/fastq/SRR311/035/SRR31196535/SRR31196535_2.fastq.gz	Control_TF_DNA_A_lyrata_MN47_DAPi712H12-ORGi5038-96P155-repool	Arabidopsis_lyrata.v.1.0.19	Arabidopsis_lyrata.v.1.0.19.fa.gz	Arabidopsis_lyrata.v.1.0.19.chrom.sizes
AT5G57620_A_lyrata_MN47_DAPi712G12-ORGi5038-96P155	https://ftp.sra.ebi.ac.uk/vol1/fastq/SRR311/065/SRR31195865/SRR31195865_1.fastq.gz	https://ftp.sra.ebi.ac.uk/vol1/fastq/SRR311/065/SRR31195865/SRR31195865_2.fastq.gz	Control_TF_DNA_A_lyrata_MN47_DAPi712H12-ORGi5038-96P155-repool	Arabidopsis_lyrata.v.1.0.19	Arabidopsis_lyrata.v.1.0.19.fa.gz	Arabidopsis_lyrata.v.1.0.19.chrom.sizes
AT5G58850_A_lyrata_MN47_DAPi710A05-ORGi5038-96P151	https://ftp.sra.ebi.ac.uk/vol1/fastq/SRR311/091/SRR31196591/SRR31196591_1.fastq.gz	https://ftp.sra.ebi.ac.uk/vol1/fastq/SRR311/091/SRR31196591/SRR31196591_2.fastq.gz	Control_TF_DNA_A_lyrata_MN47_DAPi712H12-ORGi5038-96P155-repool	Arabidopsis_lyrata.v.1.0.19	Arabidopsis_lyrata.v.1.0.19.fa.gz	Arabidopsis_lyrata.v.1.0.19.chrom.sizes
AT5G58900_A_lyrata_MN47_DAPi711H04-ORGi5038-96P166	https://ftp.sra.ebi.ac.uk/vol1/fastq/SRR311/055/SRR31196155/SRR31196155_1.fastq.gz	https://ftp.sra.ebi.ac.uk/vol1/fastq/SRR311/055/SRR31196155/SRR31196155_2.fastq.gz	Control_TF_DNA_A_lyrata_MN47_DAPi712H12-ORGi5038-96P155-repool	Arabidopsis_lyrata.v.1.0.19	Arabidopsis_lyrata.v.1.0.19.fa.gz	Arabidopsis_lyrata.v.1.0.19.chrom.sizes
AT5G60130_A_lyrata_MN47_DAPi710A04-ORGi5038-96P151	https://ftp.sra.ebi.ac.uk/vol1/fastq/SRR311/015/SRR31195915/SRR31195915_1.fastq.gz	https://ftp.sra.ebi.ac.uk/vol1/fastq/SRR311/015/SRR31195915/SRR31195915_2.fastq.gz	Control_TF_DNA_A_lyrata_MN47_DAPi712H12-ORGi5038-96P155-repool	Arabidopsis_lyrata.v.1.0.19	Arabidopsis_lyrata.v.1.0.19.fa.gz	Arabidopsis_lyrata.v.1.0.19.chrom.sizes
AT5G60130_A_lyrata_MN47_DAPi712C07-ORGi5038-96P220	https://ftp.sra.ebi.ac.uk/vol1/fastq/SRR311/079/SRR31195679/SRR31195679_1.fastq.gz	https://ftp.sra.ebi.ac.uk/vol1/fastq/SRR311/079/SRR31195679/SRR31195679_2.fastq.gz	Control_TF_DNA_A_lyrata_MN47_DAPi712H12-ORGi5038-96P155-repool	Arabidopsis_lyrata.v.1.0.19	Arabidopsis_lyrata.v.1.0.19.fa.gz	Arabidopsis_lyrata.v.1.0.19.chrom.sizes
AT5G60850_A_lyrata_MN47_DAPi711F05-ORGi5038-96P166	https://ftp.sra.ebi.ac.uk/vol1/fastq/SRR311/061/SRR31195761/SRR31195761_1.fastq.gz	https://ftp.sra.ebi.ac.uk/vol1/fastq/SRR311/061/SRR31195761/SRR31195761_2.fastq.gz	Control_TF_DNA_A_lyrata_MN47_DAPi712H12-ORGi5038-96P155-repool	Arabidopsis_lyrata.v.1.0.19	Arabidopsis_lyrata.v.1.0.19.fa.gz	Arabidopsis_lyrata.v.1.0.19.chrom.sizes
AT5G61620_A_lyrata_MN47_DAPi712H05-ORGi5038-96P155	https://ftp.sra.ebi.ac.uk/vol1/fastq/SRR311/057/SRR31196257/SRR31196257_1.fastq.gz	https://ftp.sra.ebi.ac.uk/vol1/fastq/SRR311/057/SRR31196257/SRR31196257_2.fastq.gz	Control_TF_DNA_A_lyrata_MN47_DAPi712H12-ORGi5038-96P155-repool	Arabidopsis_lyrata.v.1.0.19	Arabidopsis_lyrata.v.1.0.19.fa.gz	Arabidopsis_lyrata.v.1.0.19.chrom.sizes
AT5G62000_A_lyrata_MN47_DAPi711D08-ORGi5038-96P166	https://ftp.sra.ebi.ac.uk/vol1/fastq/SRR311/093/SRR31195693/SRR31195693_1.fastq.gz	https://ftp.sra.ebi.ac.uk/vol1/fastq/SRR311/093/SRR31195693/SRR31195693_2.fastq.gz	Control_TF_DNA_A_lyrata_MN47_DAPi712H12-ORGi5038-96P155-repool	Arabidopsis_lyrata.v.1.0.19	Arabidopsis_lyrata.v.1.0.19.fa.gz	Arabidopsis_lyrata.v.1.0.19.chrom.sizes
AT5G62020_A_lyrata_MN47_DAPi709G02-ORGi5038-96P169	https://ftp.sra.ebi.ac.uk/vol1/fastq/SRR311/083/SRR31195883/SRR31195883_1.fastq.gz	https://ftp.sra.ebi.ac.uk/vol1/fastq/SRR311/083/SRR31195883/SRR31195883_2.fastq.gz	Control_TF_DNA_A_lyrata_MN47_DAPi712H12-ORGi5038-96P155-repool	Arabidopsis_lyrata.v.1.0.19	Arabidopsis_lyrata.v.1.0.19.fa.gz	Arabidopsis_lyrata.v.1.0.19.chrom.sizes
AT5G62020_A_lyrata_MN47_DAPi712E04-ORGi5038-96P220	https://ftp.sra.ebi.ac.uk/vol1/fastq/SRR311/069/SRR31195669/SRR31195669_1.fastq.gz	https://ftp.sra.ebi.ac.uk/vol1/fastq/SRR311/069/SRR31195669/SRR31195669_2.fastq.gz	Control_TF_DNA_A_lyrata_MN47_DAPi712H12-ORGi5038-96P155-repool	Arabidopsis_lyrata.v.1.0.19	Arabidopsis_lyrata.v.1.0.19.fa.gz	Arabidopsis_lyrata.v.1.0.19.chrom.sizes
AT5G62320_A_lyrata_MN47_DAPi710A03-ORGi5038-96P151	https://ftp.sra.ebi.ac.uk/vol1/fastq/SRR311/059/SRR31196359/SRR31196359_1.fastq.gz	https://ftp.sra.ebi.ac.uk/vol1/fastq/SRR311/059/SRR31196359/SRR31196359_2.fastq.gz	Control_TF_DNA_A_lyrata_MN47_DAPi712H12-ORGi5038-96P155-repool	Arabidopsis_lyrata.v.1.0.19	Arabidopsis_lyrata.v.1.0.19.fa.gz	Arabidopsis_lyrata.v.1.0.19.chrom.sizes
AT5G62470_A_lyrata_MN47_DAPi710A08-ORGi5038-96P151	https://ftp.sra.ebi.ac.uk/vol1/fastq/SRR311/049/SRR31196249/SRR31196249_1.fastq.gz	https://ftp.sra.ebi.ac.uk/vol1/fastq/SRR311/049/SRR31196249/SRR31196249_2.fastq.gz	Control_TF_DNA_A_lyrata_MN47_DAPi712H12-ORGi5038-96P155-repool	Arabidopsis_lyrata.v.1.0.19	Arabidopsis_lyrata.v.1.0.19.fa.gz	Arabidopsis_lyrata.v.1.0.19.chrom.sizes
AT5G62470_A_lyrata_MN47_DAPi712C08-ORGi5038-96P220	https://ftp.sra.ebi.ac.uk/vol1/fastq/SRR311/044/SRR31196144/SRR31196144_1.fastq.gz	https://ftp.sra.ebi.ac.uk/vol1/fastq/SRR311/044/SRR31196144/SRR31196144_2.fastq.gz	Control_TF_DNA_A_lyrata_MN47_DAPi712H12-ORGi5038-96P155-repool	Arabidopsis_lyrata.v.1.0.19	Arabidopsis_lyrata.v.1.0.19.fa.gz	Arabidopsis_lyrata.v.1.0.19.chrom.sizes
AT5G62940_A_lyrata_MN47_DAPi709D05-ORGi5038-96P169	https://ftp.sra.ebi.ac.uk/vol1/fastq/SRR311/051/SRR31196151/SRR31196151_1.fastq.gz	https://ftp.sra.ebi.ac.uk/vol1/fastq/SRR311/051/SRR31196151/SRR31196151_2.fastq.gz	Control_TF_DNA_A_lyrata_MN47_DAPi712H12-ORGi5038-96P155-repool	Arabidopsis_lyrata.v.1.0.19	Arabidopsis_lyrata.v.1.0.19.fa.gz	Arabidopsis_lyrata.v.1.0.19.chrom.sizes
AT5G62940_A_lyrata_MN47_DAPi712A05-ORGi5038-96P220	https://ftp.sra.ebi.ac.uk/vol1/fastq/SRR311/089/SRR31195689/SRR31195689_1.fastq.gz	https://ftp.sra.ebi.ac.uk/vol1/fastq/SRR311/089/SRR31195689/SRR31195689_2.fastq.gz	Control_TF_DNA_A_lyrata_MN47_DAPi712H12-ORGi5038-96P155-repool	Arabidopsis_lyrata.v.1.0.19	Arabidopsis_lyrata.v.1.0.19.fa.gz	Arabidopsis_lyrata.v.1.0.19.chrom.sizes
AT5G64060_A_lyrata_MN47_DAPi709F10-ORGi5038-96P169	https://ftp.sra.ebi.ac.uk/vol1/fastq/SRR311/073/SRR31196173/SRR31196173_1.fastq.gz	https://ftp.sra.ebi.ac.uk/vol1/fastq/SRR311/073/SRR31196173/SRR31196173_2.fastq.gz	Control_TF_DNA_A_lyrata_MN47_DAPi712H12-ORGi5038-96P155-repool	Arabidopsis_lyrata.v.1.0.19	Arabidopsis_lyrata.v.1.0.19.fa.gz	Arabidopsis_lyrata.v.1.0.19.chrom.sizes
AT5G64750_A_lyrata_MN47_DAPi711G09-ORGi5038-96P166	https://ftp.sra.ebi.ac.uk/vol1/fastq/SRR311/073/SRR31195773/SRR31195773_1.fastq.gz	https://ftp.sra.ebi.ac.uk/vol1/fastq/SRR311/073/SRR31195773/SRR31195773_2.fastq.gz	Control_TF_DNA_A_lyrata_MN47_DAPi712H12-ORGi5038-96P155-repool	Arabidopsis_lyrata.v.1.0.19	Arabidopsis_lyrata.v.1.0.19.fa.gz	Arabidopsis_lyrata.v.1.0.19.chrom.sizes
AT5G64750_A_lyrata_MN47_DAPi712E03-ORGi5038-96P220	https://ftp.sra.ebi.ac.uk/vol1/fastq/SRR311/051/SRR31196051/SRR31196051_1.fastq.gz	https://ftp.sra.ebi.ac.uk/vol1/fastq/SRR311/051/SRR31196051/SRR31196051_2.fastq.gz	Control_TF_DNA_A_lyrata_MN47_DAPi712H12-ORGi5038-96P155-repool	Arabidopsis_lyrata.v.1.0.19	Arabidopsis_lyrata.v.1.0.19.fa.gz	Arabidopsis_lyrata.v.1.0.19.chrom.sizes
AT5G65130_A_lyrata_MN47_DAPi709B01-ORGi5038-96P169	https://ftp.sra.ebi.ac.uk/vol1/fastq/SRR311/019/SRR31196119/SRR31196119_1.fastq.gz	https://ftp.sra.ebi.ac.uk/vol1/fastq/SRR311/019/SRR31196119/SRR31196119_2.fastq.gz	Control_TF_DNA_A_lyrata_MN47_DAPi712H12-ORGi5038-96P155-repool	Arabidopsis_lyrata.v.1.0.19	Arabidopsis_lyrata.v.1.0.19.fa.gz	Arabidopsis_lyrata.v.1.0.19.chrom.sizes
AT5G65210_A_lyrata_MN47_DAPi712G11-ORGi5038-96P155	https://ftp.sra.ebi.ac.uk/vol1/fastq/SRR311/053/SRR31196553/SRR31196553_1.fastq.gz	https://ftp.sra.ebi.ac.uk/vol1/fastq/SRR311/053/SRR31196553/SRR31196553_2.fastq.gz	Control_TF_DNA_A_lyrata_MN47_DAPi712H12-ORGi5038-96P155-repool	Arabidopsis_lyrata.v.1.0.19	Arabidopsis_lyrata.v.1.0.19.fa.gz	Arabidopsis_lyrata.v.1.0.19.chrom.sizes
AT5G65310_A_lyrata_MN47_DAPi710G10-ORGi5038-96P151	https://ftp.sra.ebi.ac.uk/vol1/fastq/SRR311/002/SRR31196002/SRR31196002_1.fastq.gz	https://ftp.sra.ebi.ac.uk/vol1/fastq/SRR311/002/SRR31196002/SRR31196002_2.fastq.gz	Control_TF_DNA_A_lyrata_MN47_DAPi712H12-ORGi5038-96P155-repool	Arabidopsis_lyrata.v.1.0.19	Arabidopsis_lyrata.v.1.0.19.fa.gz	Arabidopsis_lyrata.v.1.0.19.chrom.sizes
AT5G65410_A_lyrata_MN47_DAPi711D09-ORGi5038-96P166	https://ftp.sra.ebi.ac.uk/vol1/fastq/SRR311/059/SRR31196459/SRR31196459_1.fastq.gz	https://ftp.sra.ebi.ac.uk/vol1/fastq/SRR311/059/SRR31196459/SRR31196459_2.fastq.gz	Control_TF_DNA_A_lyrata_MN47_DAPi712H12-ORGi5038-96P155-repool	Arabidopsis_lyrata.v.1.0.19	Arabidopsis_lyrata.v.1.0.19.fa.gz	Arabidopsis_lyrata.v.1.0.19.chrom.sizes
AT5G65410_A_lyrata_MN47_DAPi712D03-ORGi5038-96P220	https://ftp.sra.ebi.ac.uk/vol1/fastq/SRR311/016/SRR31196416/SRR31196416_1.fastq.gz	https://ftp.sra.ebi.ac.uk/vol1/fastq/SRR311/016/SRR31196416/SRR31196416_2.fastq.gz	Control_TF_DNA_A_lyrata_MN47_DAPi712H12-ORGi5038-96P155-repool	Arabidopsis_lyrata.v.1.0.19	Arabidopsis_lyrata.v.1.0.19.fa.gz	Arabidopsis_lyrata.v.1.0.19.chrom.sizes
AT5G66300_A_lyrata_MN47_DAPi712E10-ORGi5038-96P155	https://ftp.sra.ebi.ac.uk/vol1/fastq/SRR311/053/SRR31195653/SRR31195653_1.fastq.gz	https://ftp.sra.ebi.ac.uk/vol1/fastq/SRR311/053/SRR31195653/SRR31195653_2.fastq.gz	Control_TF_DNA_A_lyrata_MN47_DAPi712H12-ORGi5038-96P155-repool	Arabidopsis_lyrata.v.1.0.19	Arabidopsis_lyrata.v.1.0.19.fa.gz	Arabidopsis_lyrata.v.1.0.19.chrom.sizes
AT5G66700_A_lyrata_MN47_DAPi712A06-ORGi5038-96P155	https://ftp.sra.ebi.ac.uk/vol1/fastq/SRR311/001/SRR31196401/SRR31196401_1.fastq.gz	https://ftp.sra.ebi.ac.uk/vol1/fastq/SRR311/001/SRR31196401/SRR31196401_2.fastq.gz	Control_TF_DNA_A_lyrata_MN47_DAPi712H12-ORGi5038-96P155-repool	Arabidopsis_lyrata.v.1.0.19	Arabidopsis_lyrata.v.1.0.19.fa.gz	Arabidopsis_lyrata.v.1.0.19.chrom.sizes
AT5G66940_A_lyrata_MN47_DAPi710B10-ORGi5038-96P151	https://ftp.sra.ebi.ac.uk/vol1/fastq/SRR311/051/SRR31196451/SRR31196451_1.fastq.gz	https://ftp.sra.ebi.ac.uk/vol1/fastq/SRR311/051/SRR31196451/SRR31196451_2.fastq.gz	Control_TF_DNA_A_lyrata_MN47_DAPi712H12-ORGi5038-96P155-repool	Arabidopsis_lyrata.v.1.0.19	Arabidopsis_lyrata.v.1.0.19.fa.gz	Arabidopsis_lyrata.v.1.0.19.chrom.sizes
AT5G67300_A_lyrata_MN47_DAPi711B01-ORGi5038-96P166	https://ftp.sra.ebi.ac.uk/vol1/fastq/SRR311/083/SRR31195983/SRR31195983_1.fastq.gz	https://ftp.sra.ebi.ac.uk/vol1/fastq/SRR311/083/SRR31195983/SRR31195983_2.fastq.gz	Control_TF_DNA_A_lyrata_MN47_DAPi712H12-ORGi5038-96P155-repool	Arabidopsis_lyrata.v.1.0.19	Arabidopsis_lyrata.v.1.0.19.fa.gz	Arabidopsis_lyrata.v.1.0.19.chrom.sizes
AT5G67300_A_lyrata_MN47_DAPi712B01-ORGi5038-96P220	https://ftp.sra.ebi.ac.uk/vol1/fastq/SRR311/035/SRR31196335/SRR31196335_1.fastq.gz	https://ftp.sra.ebi.ac.uk/vol1/fastq/SRR311/035/SRR31196335/SRR31196335_2.fastq.gz	Control_TF_DNA_A_lyrata_MN47_DAPi712H12-ORGi5038-96P155-repool	Arabidopsis_lyrata.v.1.0.19	Arabidopsis_lyrata.v.1.0.19.fa.gz	Arabidopsis_lyrata.v.1.0.19.chrom.sizes
AT5G67580_A_lyrata_MN47_DAPi711D05-ORGi5038-96P166	https://ftp.sra.ebi.ac.uk/vol1/fastq/SRR311/061/SRR31196161/SRR31196161_1.fastq.gz	https://ftp.sra.ebi.ac.uk/vol1/fastq/SRR311/061/SRR31196161/SRR31196161_2.fastq.gz	Control_TF_DNA_A_lyrata_MN47_DAPi712H12-ORGi5038-96P155-repool	Arabidopsis_lyrata.v.1.0.19	Arabidopsis_lyrata.v.1.0.19.fa.gz	Arabidopsis_lyrata.v.1.0.19.chrom.sizes
Carub.0001s0116.1_A_lyrata_MN47_DAPi712C10-ORGi5038-96P247	https://ftp.sra.ebi.ac.uk/vol1/fastq/SRR311/049/SRR31196149/SRR31196149_1.fastq.gz	https://ftp.sra.ebi.ac.uk/vol1/fastq/SRR311/049/SRR31196149/SRR31196149_2.fastq.gz	Control_TF_DNA_A_lyrata_MN47_DAPi712H12-ORGi5038-96P155-repool	Arabidopsis_lyrata.v.1.0.19	Arabidopsis_lyrata.v.1.0.19.fa.gz	Arabidopsis_lyrata.v.1.0.19.chrom.sizes
Carub.0001s1194.1_A_lyrata_MN47_DAPi712D03-ORGi5038-96P247	https://ftp.sra.ebi.ac.uk/vol1/fastq/SRR311/088/SRR31196488/SRR31196488_1.fastq.gz	https://ftp.sra.ebi.ac.uk/vol1/fastq/SRR311/088/SRR31196488/SRR31196488_2.fastq.gz	Control_TF_DNA_A_lyrata_MN47_DAPi712H12-ORGi5038-96P155-repool	Arabidopsis_lyrata.v.1.0.19	Arabidopsis_lyrata.v.1.0.19.fa.gz	Arabidopsis_lyrata.v.1.0.19.chrom.sizes
Carub.0001s3581.1.p_A_lyrata_MN47_DAPi712D01-ORGi5038-96P247	https://ftp.sra.ebi.ac.uk/vol1/fastq/SRR311/057/SRR31196557/SRR31196557_1.fastq.gz	https://ftp.sra.ebi.ac.uk/vol1/fastq/SRR311/057/SRR31196557/SRR31196557_2.fastq.gz	Control_TF_DNA_A_lyrata_MN47_DAPi712H12-ORGi5038-96P155-repool	Arabidopsis_lyrata.v.1.0.19	Arabidopsis_lyrata.v.1.0.19.fa.gz	Arabidopsis_lyrata.v.1.0.19.chrom.sizes
Carub.0002s1646.1_A_lyrata_MN47_DAPi712C12-ORGi5038-96P247	https://ftp.sra.ebi.ac.uk/vol1/fastq/SRR311/039/SRR31195739/SRR31195739_1.fastq.gz	https://ftp.sra.ebi.ac.uk/vol1/fastq/SRR311/039/SRR31195739/SRR31195739_2.fastq.gz	Control_TF_DNA_A_lyrata_MN47_DAPi712H12-ORGi5038-96P155-repool	Arabidopsis_lyrata.v.1.0.19	Arabidopsis_lyrata.v.1.0.19.fa.gz	Arabidopsis_lyrata.v.1.0.19.chrom.sizes
Carub.0002s1959.1_A_lyrata_MN47_DAPi712H10-ORGi5038-96P247	https://ftp.sra.ebi.ac.uk/vol1/fastq/SRR311/089/SRR31195789/SRR31195789_1.fastq.gz	https://ftp.sra.ebi.ac.uk/vol1/fastq/SRR311/089/SRR31195789/SRR31195789_2.fastq.gz	Control_TF_DNA_A_lyrata_MN47_DAPi712H12-ORGi5038-96P155-repool	Arabidopsis_lyrata.v.1.0.19	Arabidopsis_lyrata.v.1.0.19.fa.gz	Arabidopsis_lyrata.v.1.0.19.chrom.sizes
Carub.0002s2670.1_A_lyrata_MN47_DAPi712E11-ORGi5038-96P247	https://ftp.sra.ebi.ac.uk/vol1/fastq/SRR311/081/SRR31196181/SRR31196181_1.fastq.gz	https://ftp.sra.ebi.ac.uk/vol1/fastq/SRR311/081/SRR31196181/SRR31196181_2.fastq.gz	Control_TF_DNA_A_lyrata_MN47_DAPi712H12-ORGi5038-96P155-repool	Arabidopsis_lyrata.v.1.0.19	Arabidopsis_lyrata.v.1.0.19.fa.gz	Arabidopsis_lyrata.v.1.0.19.chrom.sizes
Carub.0003s1161.1.p_A_lyrata_MN47_DAPi712G07-ORGi5038-96P247	https://ftp.sra.ebi.ac.uk/vol1/fastq/SRR311/071/SRR31196171/SRR31196171_1.fastq.gz	https://ftp.sra.ebi.ac.uk/vol1/fastq/SRR311/071/SRR31196171/SRR31196171_2.fastq.gz	Control_TF_DNA_A_lyrata_MN47_DAPi712H12-ORGi5038-96P155-repool	Arabidopsis_lyrata.v.1.0.19	Arabidopsis_lyrata.v.1.0.19.fa.gz	Arabidopsis_lyrata.v.1.0.19.chrom.sizes
Carub.0004s2291.1_A_lyrata_MN47_DAPi712A09-ORGi5038-96P247	https://ftp.sra.ebi.ac.uk/vol1/fastq/SRR311/023/SRR31195823/SRR31195823_1.fastq.gz	https://ftp.sra.ebi.ac.uk/vol1/fastq/SRR311/023/SRR31195823/SRR31195823_2.fastq.gz	Control_TF_DNA_A_lyrata_MN47_DAPi712H12-ORGi5038-96P155-repool	Arabidopsis_lyrata.v.1.0.19	Arabidopsis_lyrata.v.1.0.19.fa.gz	Arabidopsis_lyrata.v.1.0.19.chrom.sizes
Carub.0004s2898.1.p_A_lyrata_MN47_DAPi712B07-ORGi5038-96P247	https://ftp.sra.ebi.ac.uk/vol1/fastq/SRR311/013/SRR31195913/SRR31195913_1.fastq.gz	https://ftp.sra.ebi.ac.uk/vol1/fastq/SRR311/013/SRR31195913/SRR31195913_2.fastq.gz	Control_TF_DNA_A_lyrata_MN47_DAPi712H12-ORGi5038-96P155-repool	Arabidopsis_lyrata.v.1.0.19	Arabidopsis_lyrata.v.1.0.19.fa.gz	Arabidopsis_lyrata.v.1.0.19.chrom.sizes
Carub.0008s0039.1_A_lyrata_MN47_DAPi712F09-ORGi5038-96P247	https://ftp.sra.ebi.ac.uk/vol1/fastq/SRR311/025/SRR31195925/SRR31195925_1.fastq.gz	https://ftp.sra.ebi.ac.uk/vol1/fastq/SRR311/025/SRR31195925/SRR31195925_2.fastq.gz	Control_TF_DNA_A_lyrata_MN47_DAPi712H12-ORGi5038-96P155-repool	Arabidopsis_lyrata.v.1.0.19	Arabidopsis_lyrata.v.1.0.19.fa.gz	Arabidopsis_lyrata.v.1.0.19.chrom.sizes
Carub.0008s0285.1_A_lyrata_MN47_DAPi712D08-ORGi5038-96P247	https://ftp.sra.ebi.ac.uk/vol1/fastq/SRR311/089/SRR31195989/SRR31195989_1.fastq.gz	https://ftp.sra.ebi.ac.uk/vol1/fastq/SRR311/089/SRR31195989/SRR31195989_2.fastq.gz	Control_TF_DNA_A_lyrata_MN47_DAPi712H12-ORGi5038-96P155-repool	Arabidopsis_lyrata.v.1.0.19	Arabidopsis_lyrata.v.1.0.19.fa.gz	Arabidopsis_lyrata.v.1.0.19.chrom.sizes
Control_TF_DNA_A_lyrata_MN47_DAPi709A01-ORGi5038-96P169	https://ftp.sra.ebi.ac.uk/vol1/fastq/SRR311/079/SRR31196579/SRR31196579_1.fastq.gz	https://ftp.sra.ebi.ac.uk/vol1/fastq/SRR311/079/SRR31196579/SRR31196579_2.fastq.gz	-	Arabidopsis_lyrata.v.1.0.19	Arabidopsis_lyrata.v.1.0.19.fa.gz	Arabidopsis_lyrata.v.1.0.19.chrom.sizes
Control_TF_DNA_A_lyrata_MN47_DAPi709A12-ORGi5038-96P169	https://ftp.sra.ebi.ac.uk/vol1/fastq/SRR311/029/SRR31196229/SRR31196229_1.fastq.gz	https://ftp.sra.ebi.ac.uk/vol1/fastq/SRR311/029/SRR31196229/SRR31196229_2.fastq.gz	-	Arabidopsis_lyrata.v.1.0.19	Arabidopsis_lyrata.v.1.0.19.fa.gz	Arabidopsis_lyrata.v.1.0.19.chrom.sizes
Control_TF_DNA_A_lyrata_MN47_DAPi709H01-ORGi5038-96P169	https://ftp.sra.ebi.ac.uk/vol1/fastq/SRR311/053/SRR31195953/SRR31195953_1.fastq.gz	https://ftp.sra.ebi.ac.uk/vol1/fastq/SRR311/053/SRR31195953/SRR31195953_2.fastq.gz	-	Arabidopsis_lyrata.v.1.0.19	Arabidopsis_lyrata.v.1.0.19.fa.gz	Arabidopsis_lyrata.v.1.0.19.chrom.sizes
Control_TF_DNA_A_lyrata_MN47_DAPi709H12-ORGi5038-96P169	https://ftp.sra.ebi.ac.uk/vol1/fastq/SRR311/079/SRR31196379/SRR31196379_1.fastq.gz	https://ftp.sra.ebi.ac.uk/vol1/fastq/SRR311/079/SRR31196379/SRR31196379_2.fastq.gz	-	Arabidopsis_lyrata.v.1.0.19	Arabidopsis_lyrata.v.1.0.19.fa.gz	Arabidopsis_lyrata.v.1.0.19.chrom.sizes
Control_TF_DNA_A_lyrata_MN47_DAPi710A12-ORGi5038-96P151	https://ftp.sra.ebi.ac.uk/vol1/fastq/SRR311/047/SRR31196247/SRR31196247_1.fastq.gz	https://ftp.sra.ebi.ac.uk/vol1/fastq/SRR311/047/SRR31196247/SRR31196247_2.fastq.gz	-	Arabidopsis_lyrata.v.1.0.19	Arabidopsis_lyrata.v.1.0.19.fa.gz	Arabidopsis_lyrata.v.1.0.19.chrom.sizes
Control_TF_DNA_A_lyrata_MN47_DAPi710A12-ORGi5038-96P151-repool	https://ftp.sra.ebi.ac.uk/vol1/fastq/SRR311/003/SRR31196603/SRR31196603_1.fastq.gz	https://ftp.sra.ebi.ac.uk/vol1/fastq/SRR311/003/SRR31196603/SRR31196603_2.fastq.gz	-	Arabidopsis_lyrata.v.1.0.19	Arabidopsis_lyrata.v.1.0.19.fa.gz	Arabidopsis_lyrata.v.1.0.19.chrom.sizes
Control_TF_DNA_A_lyrata_MN47_DAPi710H01-ORGi5038-96P151	https://ftp.sra.ebi.ac.uk/vol1/fastq/SRR311/069/SRR31196069/SRR31196069_1.fastq.gz	https://ftp.sra.ebi.ac.uk/vol1/fastq/SRR311/069/SRR31196069/SRR31196069_2.fastq.gz	-	Arabidopsis_lyrata.v.1.0.19	Arabidopsis_lyrata.v.1.0.19.fa.gz	Arabidopsis_lyrata.v.1.0.19.chrom.sizes
Control_TF_DNA_A_lyrata_MN47_DAPi710H01-ORGi5038-96P151-repool	https://ftp.sra.ebi.ac.uk/vol1/fastq/SRR311/049/SRR31196049/SRR31196049_1.fastq.gz	https://ftp.sra.ebi.ac.uk/vol1/fastq/SRR311/049/SRR31196049/SRR31196049_2.fastq.gz	-	Arabidopsis_lyrata.v.1.0.19	Arabidopsis_lyrata.v.1.0.19.fa.gz	Arabidopsis_lyrata.v.1.0.19.chrom.sizes
Control_TF_DNA_A_lyrata_MN47_DAPi710H12-ORGi5038-96P151	https://ftp.sra.ebi.ac.uk/vol1/fastq/SRR311/045/SRR31195845/SRR31195845_1.fastq.gz	https://ftp.sra.ebi.ac.uk/vol1/fastq/SRR311/045/SRR31195845/SRR31195845_2.fastq.gz	-	Arabidopsis_lyrata.v.1.0.19	Arabidopsis_lyrata.v.1.0.19.fa.gz	Arabidopsis_lyrata.v.1.0.19.chrom.sizes
Control_TF_DNA_A_lyrata_MN47_DAPi710H12-ORGi5038-96P151-repool	https://ftp.sra.ebi.ac.uk/vol1/fastq/SRR311/087/SRR31196187/SRR31196187_1.fastq.gz	https://ftp.sra.ebi.ac.uk/vol1/fastq/SRR311/087/SRR31196187/SRR31196187_2.fastq.gz	-	Arabidopsis_lyrata.v.1.0.19	Arabidopsis_lyrata.v.1.0.19.fa.gz	Arabidopsis_lyrata.v.1.0.19.chrom.sizes
Control_TF_DNA_A_lyrata_MN47_DAPi711A01-ORGi5038-96P166	https://ftp.sra.ebi.ac.uk/vol1/fastq/SRR311/099/SRR31196299/SRR31196299_1.fastq.gz	https://ftp.sra.ebi.ac.uk/vol1/fastq/SRR311/099/SRR31196299/SRR31196299_2.fastq.gz	-	Arabidopsis_lyrata.v.1.0.19	Arabidopsis_lyrata.v.1.0.19.fa.gz	Arabidopsis_lyrata.v.1.0.19.chrom.sizes
Control_TF_DNA_A_lyrata_MN47_DAPi711A12-ORGi5038-96P166	https://ftp.sra.ebi.ac.uk/vol1/fastq/SRR311/007/SRR31195707/SRR31195707_1.fastq.gz	https://ftp.sra.ebi.ac.uk/vol1/fastq/SRR311/007/SRR31195707/SRR31195707_2.fastq.gz	-	Arabidopsis_lyrata.v.1.0.19	Arabidopsis_lyrata.v.1.0.19.fa.gz	Arabidopsis_lyrata.v.1.0.19.chrom.sizes
Control_TF_DNA_A_lyrata_MN47_DAPi711H01-ORGi5038-96P166	https://ftp.sra.ebi.ac.uk/vol1/fastq/SRR311/028/SRR31196528/SRR31196528_1.fastq.gz	https://ftp.sra.ebi.ac.uk/vol1/fastq/SRR311/028/SRR31196528/SRR31196528_2.fastq.gz	-	Arabidopsis_lyrata.v.1.0.19	Arabidopsis_lyrata.v.1.0.19.fa.gz	Arabidopsis_lyrata.v.1.0.19.chrom.sizes
Control_TF_DNA_A_lyrata_MN47_DAPi711H12-ORGi5038-96P166	https://ftp.sra.ebi.ac.uk/vol1/fastq/SRR311/095/SRR31195895/SRR31195895_1.fastq.gz	https://ftp.sra.ebi.ac.uk/vol1/fastq/SRR311/095/SRR31195895/SRR31195895_2.fastq.gz	-	Arabidopsis_lyrata.v.1.0.19	Arabidopsis_lyrata.v.1.0.19.fa.gz	Arabidopsis_lyrata.v.1.0.19.chrom.sizes
Control_TF_DNA_A_lyrata_MN47_DAPi712A01-ORGi5038-96P155	https://ftp.sra.ebi.ac.uk/vol1/fastq/SRR311/013/SRR31196413/SRR31196413_1.fastq.gz	https://ftp.sra.ebi.ac.uk/vol1/fastq/SRR311/013/SRR31196413/SRR31196413_2.fastq.gz	-	Arabidopsis_lyrata.v.1.0.19	Arabidopsis_lyrata.v.1.0.19.fa.gz	Arabidopsis_lyrata.v.1.0.19.chrom.sizes
Control_TF_DNA_A_lyrata_MN47_DAPi712A01-ORGi5038-96P155-repool	https://ftp.sra.ebi.ac.uk/vol1/fastq/SRR311/009/SRR31195809/SRR31195809_1.fastq.gz	https://ftp.sra.ebi.ac.uk/vol1/fastq/SRR311/009/SRR31195809/SRR31195809_2.fastq.gz	-	Arabidopsis_lyrata.v.1.0.19	Arabidopsis_lyrata.v.1.0.19.fa.gz	Arabidopsis_lyrata.v.1.0.19.chrom.sizes
Control_TF_DNA_A_lyrata_MN47_DAPi712A01-ORGi5038-96P220	https://ftp.sra.ebi.ac.uk/vol1/fastq/SRR311/041/SRR31196441/SRR31196441_1.fastq.gz	https://ftp.sra.ebi.ac.uk/vol1/fastq/SRR311/041/SRR31196441/SRR31196441_2.fastq.gz	-	Arabidopsis_lyrata.v.1.0.19	Arabidopsis_lyrata.v.1.0.19.fa.gz	Arabidopsis_lyrata.v.1.0.19.chrom.sizes
Control_TF_DNA_A_lyrata_MN47_DAPi712A01-ORGi5038-96P247	https://ftp.sra.ebi.ac.uk/vol1/fastq/SRR311/077/SRR31195677/SRR31195677_1.fastq.gz	https://ftp.sra.ebi.ac.uk/vol1/fastq/SRR311/077/SRR31195677/SRR31195677_2.fastq.gz	-	Arabidopsis_lyrata.v.1.0.19	Arabidopsis_lyrata.v.1.0.19.fa.gz	Arabidopsis_lyrata.v.1.0.19.chrom.sizes
Control_TF_DNA_A_lyrata_MN47_DAPi712A12-ORGi5038-96P155	https://ftp.sra.ebi.ac.uk/vol1/fastq/SRR311/057/SRR31196157/SRR31196157_1.fastq.gz	https://ftp.sra.ebi.ac.uk/vol1/fastq/SRR311/057/SRR31196157/SRR31196157_2.fastq.gz	-	Arabidopsis_lyrata.v.1.0.19	Arabidopsis_lyrata.v.1.0.19.fa.gz	Arabidopsis_lyrata.v.1.0.19.chrom.sizes
Control_TF_DNA_A_lyrata_MN47_DAPi712A12-ORGi5038-96P220	https://ftp.sra.ebi.ac.uk/vol1/fastq/SRR311/097/SRR31195897/SRR31195897_1.fastq.gz	https://ftp.sra.ebi.ac.uk/vol1/fastq/SRR311/097/SRR31195897/SRR31195897_2.fastq.gz	-	Arabidopsis_lyrata.v.1.0.19	Arabidopsis_lyrata.v.1.0.19.fa.gz	Arabidopsis_lyrata.v.1.0.19.chrom.sizes
Control_TF_DNA_A_lyrata_MN47_DAPi712A12-ORGi5038-96P247	https://ftp.sra.ebi.ac.uk/vol1/fastq/SRR311/006/SRR31196006/SRR31196006_1.fastq.gz	https://ftp.sra.ebi.ac.uk/vol1/fastq/SRR311/006/SRR31196006/SRR31196006_2.fastq.gz	-	Arabidopsis_lyrata.v.1.0.19	Arabidopsis_lyrata.v.1.0.19.fa.gz	Arabidopsis_lyrata.v.1.0.19.chrom.sizes
Control_TF_DNA_A_lyrata_MN47_DAPi712H01-ORGi5038-96P220	https://ftp.sra.ebi.ac.uk/vol1/fastq/SRR311/083/SRR31196583/SRR31196583_1.fastq.gz	https://ftp.sra.ebi.ac.uk/vol1/fastq/SRR311/083/SRR31196583/SRR31196583_2.fastq.gz	-	Arabidopsis_lyrata.v.1.0.19	Arabidopsis_lyrata.v.1.0.19.fa.gz	Arabidopsis_lyrata.v.1.0.19.chrom.sizes
Control_TF_DNA_A_lyrata_MN47_DAPi712H01-ORGi5038-96P247	https://ftp.sra.ebi.ac.uk/vol1/fastq/SRR311/081/SRR31195881/SRR31195881_1.fastq.gz	https://ftp.sra.ebi.ac.uk/vol1/fastq/SRR311/081/SRR31195881/SRR31195881_2.fastq.gz	-	Arabidopsis_lyrata.v.1.0.19	Arabidopsis_lyrata.v.1.0.19.fa.gz	Arabidopsis_lyrata.v.1.0.19.chrom.sizes
Control_TF_DNA_A_lyrata_MN47_DAPi712H12-ORGi5038-96P155	https://ftp.sra.ebi.ac.uk/vol1/fastq/SRR311/091/SRR31195991/SRR31195991_1.fastq.gz	https://ftp.sra.ebi.ac.uk/vol1/fastq/SRR311/091/SRR31195991/SRR31195991_2.fastq.gz	-	Arabidopsis_lyrata.v.1.0.19	Arabidopsis_lyrata.v.1.0.19.fa.gz	Arabidopsis_lyrata.v.1.0.19.chrom.sizes
Control_TF_DNA_A_lyrata_MN47_DAPi712H12-ORGi5038-96P155-repool	https://ftp.sra.ebi.ac.uk/vol1/fastq/SRR311/011/SRR31195811/SRR31195811_1.fastq.gz	https://ftp.sra.ebi.ac.uk/vol1/fastq/SRR311/011/SRR31195811/SRR31195811_2.fastq.gz	-	Arabidopsis_lyrata.v.1.0.19	Arabidopsis_lyrata.v.1.0.19.fa.gz	Arabidopsis_lyrata.v.1.0.19.chrom.sizes
Control_TF_DNA_A_lyrata_MN47_DAPi712H12-ORGi5038-96P220	https://ftp.sra.ebi.ac.uk/vol1/fastq/SRR311/001/SRR31196101/SRR31196101_1.fastq.gz	https://ftp.sra.ebi.ac.uk/vol1/fastq/SRR311/001/SRR31196101/SRR31196101_2.fastq.gz	-	Arabidopsis_lyrata.v.1.0.19	Arabidopsis_lyrata.v.1.0.19.fa.gz	Arabidopsis_lyrata.v.1.0.19.chrom.sizes
Control_TF_DNA_A_lyrata_MN47_DAPi712H12-ORGi5038-96P247	https://ftp.sra.ebi.ac.uk/vol1/fastq/SRR311/091/SRR31196291/SRR31196291_1.fastq.gz	https://ftp.sra.ebi.ac.uk/vol1/fastq/SRR311/091/SRR31196291/SRR31196291_2.fastq.gz	-	Arabidopsis_lyrata.v.1.0.19	Arabidopsis_lyrata.v.1.0.19.fa.gz	Arabidopsis_lyrata.v.1.0.19.chrom.sizes
LOC_Os01g17260.2_A_lyrata_MN47_DAPi712H07-ORGi5038-96P247	https://ftp.sra.ebi.ac.uk/vol1/fastq/SRR311/085/SRR31196585/SRR31196585_1.fastq.gz	https://ftp.sra.ebi.ac.uk/vol1/fastq/SRR311/085/SRR31196585/SRR31196585_2.fastq.gz	Control_TF_DNA_A_lyrata_MN47_DAPi712H12-ORGi5038-96P155-repool	Arabidopsis_lyrata.v.1.0.19	Arabidopsis_lyrata.v.1.0.19.fa.gz	Arabidopsis_lyrata.v.1.0.19.chrom.sizes
LOC_Os01g18240.1_A_lyrata_MN47_DAPi712G04-ORGi5038-96P247	https://ftp.sra.ebi.ac.uk/vol1/fastq/SRR311/055/SRR31195655/SRR31195655_1.fastq.gz	https://ftp.sra.ebi.ac.uk/vol1/fastq/SRR311/055/SRR31195655/SRR31195655_2.fastq.gz	Control_TF_DNA_A_lyrata_MN47_DAPi712H12-ORGi5038-96P155-repool	Arabidopsis_lyrata.v.1.0.19	Arabidopsis_lyrata.v.1.0.19.fa.gz	Arabidopsis_lyrata.v.1.0.19.chrom.sizes
LOC_Os01g46970.1_A_lyrata_MN47_DAPi712C07-ORGi5038-96P247	https://ftp.sra.ebi.ac.uk/vol1/fastq/SRR311/059/SRR31195759/SRR31195759_1.fastq.gz	https://ftp.sra.ebi.ac.uk/vol1/fastq/SRR311/059/SRR31195759/SRR31195759_2.fastq.gz	Control_TF_DNA_A_lyrata_MN47_DAPi712H12-ORGi5038-96P155-repool	Arabidopsis_lyrata.v.1.0.19	Arabidopsis_lyrata.v.1.0.19.fa.gz	Arabidopsis_lyrata.v.1.0.19.chrom.sizes
LOC_Os01g51154.1_A_lyrata_MN47_DAPi712A11-ORGi5038-96P247	https://ftp.sra.ebi.ac.uk/vol1/fastq/SRR311/087/SRR31196487/SRR31196487_1.fastq.gz	https://ftp.sra.ebi.ac.uk/vol1/fastq/SRR311/087/SRR31196487/SRR31196487_2.fastq.gz	Control_TF_DNA_A_lyrata_MN47_DAPi712H12-ORGi5038-96P155-repool	Arabidopsis_lyrata.v.1.0.19	Arabidopsis_lyrata.v.1.0.19.fa.gz	Arabidopsis_lyrata.v.1.0.19.chrom.sizes
LOC_Os02g33430.1_A_lyrata_MN47_DAPi712D05-ORGi5038-96P247	https://ftp.sra.ebi.ac.uk/vol1/fastq/SRR311/085/SRR31196285/SRR31196285_1.fastq.gz	https://ftp.sra.ebi.ac.uk/vol1/fastq/SRR311/085/SRR31196285/SRR31196285_2.fastq.gz	Control_TF_DNA_A_lyrata_MN47_DAPi712H12-ORGi5038-96P155-repool	Arabidopsis_lyrata.v.1.0.19	Arabidopsis_lyrata.v.1.0.19.fa.gz	Arabidopsis_lyrata.v.1.0.19.chrom.sizes
LOC_Os02g42970.1_A_lyrata_MN47_DAPi712E03-ORGi5038-96P247	https://ftp.sra.ebi.ac.uk/vol1/fastq/SRR311/029/SRR31196029/SRR31196029_1.fastq.gz	https://ftp.sra.ebi.ac.uk/vol1/fastq/SRR311/029/SRR31196029/SRR31196029_2.fastq.gz	Control_TF_DNA_A_lyrata_MN47_DAPi712H12-ORGi5038-96P155-repool	Arabidopsis_lyrata.v.1.0.19	Arabidopsis_lyrata.v.1.0.19.fa.gz	Arabidopsis_lyrata.v.1.0.19.chrom.sizes
LOC_Os03g21800.1_A_lyrata_MN47_DAPi712B09-ORGi5038-96P247	https://ftp.sra.ebi.ac.uk/vol1/fastq/SRR311/025/SRR31196125/SRR31196125_1.fastq.gz	https://ftp.sra.ebi.ac.uk/vol1/fastq/SRR311/025/SRR31196125/SRR31196125_2.fastq.gz	Control_TF_DNA_A_lyrata_MN47_DAPi712H12-ORGi5038-96P155-repool	Arabidopsis_lyrata.v.1.0.19	Arabidopsis_lyrata.v.1.0.19.fa.gz	Arabidopsis_lyrata.v.1.0.19.chrom.sizes
LOC_Os06g07030.1_A_lyrata_MN47_DAPi712E01-ORGi5038-96P247	https://ftp.sra.ebi.ac.uk/vol1/fastq/SRR311/081/SRR31196381/SRR31196381_1.fastq.gz	https://ftp.sra.ebi.ac.uk/vol1/fastq/SRR311/081/SRR31196381/SRR31196381_2.fastq.gz	Control_TF_DNA_A_lyrata_MN47_DAPi712H12-ORGi5038-96P155-repool	Arabidopsis_lyrata.v.1.0.19	Arabidopsis_lyrata.v.1.0.19.fa.gz	Arabidopsis_lyrata.v.1.0.19.chrom.sizes
LOC_Os08g06110.3_A_lyrata_MN47_DAPi712D10-ORGi5038-96P247	https://ftp.sra.ebi.ac.uk/vol1/fastq/SRR311/035/SRR31196435/SRR31196435_1.fastq.gz	https://ftp.sra.ebi.ac.uk/vol1/fastq/SRR311/035/SRR31196435/SRR31196435_2.fastq.gz	Control_TF_DNA_A_lyrata_MN47_DAPi712H12-ORGi5038-96P155-repool	Arabidopsis_lyrata.v.1.0.19	Arabidopsis_lyrata.v.1.0.19.fa.gz	Arabidopsis_lyrata.v.1.0.19.chrom.sizes
LOC_Os08g37970.1_A_lyrata_MN47_DAPi712A06-ORGi5038-96P247	https://ftp.sra.ebi.ac.uk/vol1/fastq/SRR311/057/SRR31195857/SRR31195857_1.fastq.gz	https://ftp.sra.ebi.ac.uk/vol1/fastq/SRR311/057/SRR31195857/SRR31195857_2.fastq.gz	Control_TF_DNA_A_lyrata_MN47_DAPi712H12-ORGi5038-96P155-repool	Arabidopsis_lyrata.v.1.0.19	Arabidopsis_lyrata.v.1.0.19.fa.gz	Arabidopsis_lyrata.v.1.0.19.chrom.sizes
LOC_Os09g25060.1_A_lyrata_MN47_DAPi712F11-ORGi5038-96P247	https://ftp.sra.ebi.ac.uk/vol1/fastq/SRR311/041/SRR31196041/SRR31196041_1.fastq.gz	https://ftp.sra.ebi.ac.uk/vol1/fastq/SRR311/041/SRR31196041/SRR31196041_2.fastq.gz	Control_TF_DNA_A_lyrata_MN47_DAPi712H12-ORGi5038-96P155-repool	Arabidopsis_lyrata.v.1.0.19	Arabidopsis_lyrata.v.1.0.19.fa.gz	Arabidopsis_lyrata.v.1.0.19.chrom.sizes
LOC_Os10g26500.1_A_lyrata_MN47_DAPi712D12-ORGi5038-96P247	https://ftp.sra.ebi.ac.uk/vol1/fastq/SRR311/023/SRR31196223/SRR31196223_1.fastq.gz	https://ftp.sra.ebi.ac.uk/vol1/fastq/SRR311/023/SRR31196223/SRR31196223_2.fastq.gz	Control_TF_DNA_A_lyrata_MN47_DAPi712H12-ORGi5038-96P155-repool	Arabidopsis_lyrata.v.1.0.19	Arabidopsis_lyrata.v.1.0.19.fa.gz	Arabidopsis_lyrata.v.1.0.19.chrom.sizes
LOC_Os10g41200.1_A_lyrata_MN47_DAPi712G09-ORGi5038-96P247	https://ftp.sra.ebi.ac.uk/vol1/fastq/SRR311/071/SRR31195871/SRR31195871_1.fastq.gz	https://ftp.sra.ebi.ac.uk/vol1/fastq/SRR311/071/SRR31195871/SRR31195871_2.fastq.gz	Control_TF_DNA_A_lyrata_MN47_DAPi712H12-ORGi5038-96P155-repool	Arabidopsis_lyrata.v.1.0.19	Arabidopsis_lyrata.v.1.0.19.fa.gz	Arabidopsis_lyrata.v.1.0.19.chrom.sizes
Solyc01g095460.3.1_A_lyrata_MN47_DAPi712D07-ORGi5038-96P247	https://ftp.sra.ebi.ac.uk/vol1/fastq/SRR311/063/SRR31195963/SRR31195963_1.fastq.gz	https://ftp.sra.ebi.ac.uk/vol1/fastq/SRR311/063/SRR31195963/SRR31195963_2.fastq.gz	Control_TF_DNA_A_lyrata_MN47_DAPi712H12-ORGi5038-96P155-repool	Arabidopsis_lyrata.v.1.0.19	Arabidopsis_lyrata.v.1.0.19.fa.gz	Arabidopsis_lyrata.v.1.0.19.chrom.sizes
Solyc01g102340.3.1_A_lyrata_MN47_DAPi712H04-ORGi5038-96P247	https://ftp.sra.ebi.ac.uk/vol1/fastq/SRR311/013/SRR31196313/SRR31196313_1.fastq.gz	https://ftp.sra.ebi.ac.uk/vol1/fastq/SRR311/013/SRR31196313/SRR31196313_2.fastq.gz	Control_TF_DNA_A_lyrata_MN47_DAPi712H12-ORGi5038-96P155-repool	Arabidopsis_lyrata.v.1.0.19	Arabidopsis_lyrata.v.1.0.19.fa.gz	Arabidopsis_lyrata.v.1.0.19.chrom.sizes
Solyc03g116890.3.1_A_lyrata_MN47_DAPi712G11-ORGi5038-96P247	https://ftp.sra.ebi.ac.uk/vol1/fastq/SRR311/075/SRR31195975/SRR31195975_1.fastq.gz	https://ftp.sra.ebi.ac.uk/vol1/fastq/SRR311/075/SRR31195975/SRR31195975_2.fastq.gz	Control_TF_DNA_A_lyrata_MN47_DAPi712H12-ORGi5038-96P155-repool	Arabidopsis_lyrata.v.1.0.19	Arabidopsis_lyrata.v.1.0.19.fa.gz	Arabidopsis_lyrata.v.1.0.19.chrom.sizes
Solyc04g078640.3.1_A_lyrata_MN47_DAPi712F01-ORGi5038-96P247	https://ftp.sra.ebi.ac.uk/vol1/fastq/SRR311/083/SRR31196383/SRR31196383_1.fastq.gz	https://ftp.sra.ebi.ac.uk/vol1/fastq/SRR311/083/SRR31196383/SRR31196383_2.fastq.gz	Control_TF_DNA_A_lyrata_MN47_DAPi712H12-ORGi5038-96P155-repool	Arabidopsis_lyrata.v.1.0.19	Arabidopsis_lyrata.v.1.0.19.fa.gz	Arabidopsis_lyrata.v.1.0.19.chrom.sizes
Solyc05g007180.3.1_A_lyrata_MN47_DAPi712E12-ORGi5038-96P247	https://ftp.sra.ebi.ac.uk/vol1/fastq/SRR311/043/SRR31196343/SRR31196343_1.fastq.gz	https://ftp.sra.ebi.ac.uk/vol1/fastq/SRR311/043/SRR31196343/SRR31196343_2.fastq.gz	Control_TF_DNA_A_lyrata_MN47_DAPi712H12-ORGi5038-96P155-repool	Arabidopsis_lyrata.v.1.0.19	Arabidopsis_lyrata.v.1.0.19.fa.gz	Arabidopsis_lyrata.v.1.0.19.chrom.sizes
Solyc06g048630.3.1_A_lyrata_MN47_DAPi712C09-ORGi5038-96P247	https://ftp.sra.ebi.ac.uk/vol1/fastq/SRR311/055/SRR31196055/SRR31196055_1.fastq.gz	https://ftp.sra.ebi.ac.uk/vol1/fastq/SRR311/055/SRR31196055/SRR31196055_2.fastq.gz	Control_TF_DNA_A_lyrata_MN47_DAPi712H12-ORGi5038-96P155-repool	Arabidopsis_lyrata.v.1.0.19	Arabidopsis_lyrata.v.1.0.19.fa.gz	Arabidopsis_lyrata.v.1.0.19.chrom.sizes
Solyc07g040920.2.1_A_lyrata_MN47_DAPi712B11-ORGi5038-96P247	https://ftp.sra.ebi.ac.uk/vol1/fastq/SRR311/040/SRR31196140/SRR31196140_1.fastq.gz	https://ftp.sra.ebi.ac.uk/vol1/fastq/SRR311/040/SRR31196140/SRR31196140_2.fastq.gz	Control_TF_DNA_A_lyrata_MN47_DAPi712H12-ORGi5038-96P155-repool	Arabidopsis_lyrata.v.1.0.19	Arabidopsis_lyrata.v.1.0.19.fa.gz	Arabidopsis_lyrata.v.1.0.19.chrom.sizes
Solyc08g068320.3.1_A_lyrata_MN47_DAPi712C04-ORGi5038-96P247	https://ftp.sra.ebi.ac.uk/vol1/fastq/SRR311/039/SRR31196239/SRR31196239_1.fastq.gz	https://ftp.sra.ebi.ac.uk/vol1/fastq/SRR311/039/SRR31196239/SRR31196239_2.fastq.gz	Control_TF_DNA_A_lyrata_MN47_DAPi712H12-ORGi5038-96P155-repool	Arabidopsis_lyrata.v.1.0.19	Arabidopsis_lyrata.v.1.0.19.fa.gz	Arabidopsis_lyrata.v.1.0.19.chrom.sizes
Solyc08g078340.3.1_A_lyrata_MN47_DAPi712H09-ORGi5038-96P247	https://ftp.sra.ebi.ac.uk/vol1/fastq/SRR311/017/SRR31195917/SRR31195917_1.fastq.gz	https://ftp.sra.ebi.ac.uk/vol1/fastq/SRR311/017/SRR31195917/SRR31195917_2.fastq.gz	Control_TF_DNA_A_lyrata_MN47_DAPi712H12-ORGi5038-96P155-repool	Arabidopsis_lyrata.v.1.0.19	Arabidopsis_lyrata.v.1.0.19.fa.gz	Arabidopsis_lyrata.v.1.0.19.chrom.sizes
Solyc08g079120.3.1_A_lyrata_MN47_DAPi712F03-ORGi5038-96P247	https://ftp.sra.ebi.ac.uk/vol1/fastq/SRR311/007/SRR31196307/SRR31196307_1.fastq.gz	https://ftp.sra.ebi.ac.uk/vol1/fastq/SRR311/007/SRR31196307/SRR31196307_2.fastq.gz	Control_TF_DNA_A_lyrata_MN47_DAPi712H12-ORGi5038-96P155-repool	Arabidopsis_lyrata.v.1.0.19	Arabidopsis_lyrata.v.1.0.19.fa.gz	Arabidopsis_lyrata.v.1.0.19.chrom.sizes
Solyc10g005080.3.1_A_lyrata_MN47_DAPi712E10-ORGi5038-96P247	https://ftp.sra.ebi.ac.uk/vol1/fastq/SRR311/051/SRR31196551/SRR31196551_1.fastq.gz	https://ftp.sra.ebi.ac.uk/vol1/fastq/SRR311/051/SRR31196551/SRR31196551_2.fastq.gz	Control_TF_DNA_A_lyrata_MN47_DAPi712H12-ORGi5038-96P155-repool	Arabidopsis_lyrata.v.1.0.19	Arabidopsis_lyrata.v.1.0.19.fa.gz	Arabidopsis_lyrata.v.1.0.19.chrom.sizes
Solyc11g064950.3.1_A_lyrata_MN47_DAPi712A08-ORGi5038-96P247	https://ftp.sra.ebi.ac.uk/vol1/fastq/SRR311/019/SRR31195819/SRR31195819_1.fastq.gz	https://ftp.sra.ebi.ac.uk/vol1/fastq/SRR311/019/SRR31195819/SRR31195819_2.fastq.gz	Control_TF_DNA_A_lyrata_MN47_DAPi712H12-ORGi5038-96P155-repool	Arabidopsis_lyrata.v.1.0.19	Arabidopsis_lyrata.v.1.0.19.fa.gz	Arabidopsis_lyrata.v.1.0.19.chrom.sizes
XP_013586407.1_A_lyrata_MN47_DAPi712F07-ORGi5038-96P247	https://ftp.sra.ebi.ac.uk/vol1/fastq/SRR311/030/SRR31196130/SRR31196130_1.fastq.gz	https://ftp.sra.ebi.ac.uk/vol1/fastq/SRR311/030/SRR31196130/SRR31196130_2.fastq.gz	Control_TF_DNA_A_lyrata_MN47_DAPi712H12-ORGi5038-96P155-repool	Arabidopsis_lyrata.v.1.0.19	Arabidopsis_lyrata.v.1.0.19.fa.gz	Arabidopsis_lyrata.v.1.0.19.chrom.sizes
XP_013587350.1_A_lyrata_MN47_DAPi712B10-ORGi5038-96P247	https://ftp.sra.ebi.ac.uk/vol1/fastq/SRR311/069/SRR31196169/SRR31196169_1.fastq.gz	https://ftp.sra.ebi.ac.uk/vol1/fastq/SRR311/069/SRR31196169/SRR31196169_2.fastq.gz	Control_TF_DNA_A_lyrata_MN47_DAPi712H12-ORGi5038-96P155-repool	Arabidopsis_lyrata.v.1.0.19	Arabidopsis_lyrata.v.1.0.19.fa.gz	Arabidopsis_lyrata.v.1.0.19.chrom.sizes
XP_013587997.1_A_lyrata_MN47_DAPi712D11-ORGi5038-96P247	https://ftp.sra.ebi.ac.uk/vol1/fastq/SRR311/099/SRR31196599/SRR31196599_1.fastq.gz	https://ftp.sra.ebi.ac.uk/vol1/fastq/SRR311/099/SRR31196599/SRR31196599_2.fastq.gz	Control_TF_DNA_A_lyrata_MN47_DAPi712H12-ORGi5038-96P155-repool	Arabidopsis_lyrata.v.1.0.19	Arabidopsis_lyrata.v.1.0.19.fa.gz	Arabidopsis_lyrata.v.1.0.19.chrom.sizes
XP_013589913.1_A_lyrata_MN47_DAPi712G10-ORGi5038-96P247	https://ftp.sra.ebi.ac.uk/vol1/fastq/SRR311/001/SRR31196201/SRR31196201_1.fastq.gz	https://ftp.sra.ebi.ac.uk/vol1/fastq/SRR311/001/SRR31196201/SRR31196201_2.fastq.gz	Control_TF_DNA_A_lyrata_MN47_DAPi712H12-ORGi5038-96P155-repool	Arabidopsis_lyrata.v.1.0.19	Arabidopsis_lyrata.v.1.0.19.fa.gz	Arabidopsis_lyrata.v.1.0.19.chrom.sizes
XP_013589953.1_A_lyrata_MN47_DAPi712B12-ORGi5038-96P247	https://ftp.sra.ebi.ac.uk/vol1/fastq/SRR311/064/SRR31196464/SRR31196464_1.fastq.gz	https://ftp.sra.ebi.ac.uk/vol1/fastq/SRR311/064/SRR31196464/SRR31196464_2.fastq.gz	Control_TF_DNA_A_lyrata_MN47_DAPi712H12-ORGi5038-96P155-repool	Arabidopsis_lyrata.v.1.0.19	Arabidopsis_lyrata.v.1.0.19.fa.gz	Arabidopsis_lyrata.v.1.0.19.chrom.sizes
XP_013602769.1_A_lyrata_MN47_DAPi712C03-ORGi5038-96P247	https://ftp.sra.ebi.ac.uk/vol1/fastq/SRR311/067/SRR31195667/SRR31195667_1.fastq.gz	https://ftp.sra.ebi.ac.uk/vol1/fastq/SRR311/067/SRR31195667/SRR31195667_2.fastq.gz	Control_TF_DNA_A_lyrata_MN47_DAPi712H12-ORGi5038-96P155-repool	Arabidopsis_lyrata.v.1.0.19	Arabidopsis_lyrata.v.1.0.19.fa.gz	Arabidopsis_lyrata.v.1.0.19.chrom.sizes
XP_013609718.1_A_lyrata_MN47_DAPi712G12-ORGi5038-96P247	https://ftp.sra.ebi.ac.uk/vol1/fastq/SRR311/043/SRR31195743/SRR31195743_1.fastq.gz	https://ftp.sra.ebi.ac.uk/vol1/fastq/SRR311/043/SRR31195743/SRR31195743_2.fastq.gz	Control_TF_DNA_A_lyrata_MN47_DAPi712H12-ORGi5038-96P155-repool	Arabidopsis_lyrata.v.1.0.19	Arabidopsis_lyrata.v.1.0.19.fa.gz	Arabidopsis_lyrata.v.1.0.19.chrom.sizes
XP_013613838.1_A_lyrata_MN47_DAPi712C08-ORGi5038-96P247	https://ftp.sra.ebi.ac.uk/vol1/fastq/SRR311/017/SRR31195717/SRR31195717_1.fastq.gz	https://ftp.sra.ebi.ac.uk/vol1/fastq/SRR311/017/SRR31195717/SRR31195717_2.fastq.gz	Control_TF_DNA_A_lyrata_MN47_DAPi712H12-ORGi5038-96P155-repool	Arabidopsis_lyrata.v.1.0.19	Arabidopsis_lyrata.v.1.0.19.fa.gz	Arabidopsis_lyrata.v.1.0.19.chrom.sizes
XP_013615900.1_A_lyrata_MN47_DAPi712E09-ORGi5038-96P247	https://ftp.sra.ebi.ac.uk/vol1/fastq/SRR311/027/SRR31196327/SRR31196327_1.fastq.gz	https://ftp.sra.ebi.ac.uk/vol1/fastq/SRR311/027/SRR31196327/SRR31196327_2.fastq.gz	Control_TF_DNA_A_lyrata_MN47_DAPi712H12-ORGi5038-96P155-repool	Arabidopsis_lyrata.v.1.0.19	Arabidopsis_lyrata.v.1.0.19.fa.gz	Arabidopsis_lyrata.v.1.0.19.chrom.sizes
XP_013629448.1_A_lyrata_MN47_DAPi712H03-ORGi5038-96P247	https://ftp.sra.ebi.ac.uk/vol1/fastq/SRR311/045/SRR31195745/SRR31195745_1.fastq.gz	https://ftp.sra.ebi.ac.uk/vol1/fastq/SRR311/045/SRR31195745/SRR31195745_2.fastq.gz	Control_TF_DNA_A_lyrata_MN47_DAPi712H12-ORGi5038-96P155-repool	Arabidopsis_lyrata.v.1.0.19	Arabidopsis_lyrata.v.1.0.19.fa.gz	Arabidopsis_lyrata.v.1.0.19.chrom.sizes
XP_013631386.1_A_lyrata_MN47_DAPi712A07-ORGi5038-96P247	https://ftp.sra.ebi.ac.uk/vol1/fastq/SRR311/037/SRR31196337/SRR31196337_1.fastq.gz	https://ftp.sra.ebi.ac.uk/vol1/fastq/SRR311/037/SRR31196337/SRR31196337_2.fastq.gz	Control_TF_DNA_A_lyrata_MN47_DAPi712H12-ORGi5038-96P155-repool	Arabidopsis_lyrata.v.1.0.19	Arabidopsis_lyrata.v.1.0.19.fa.gz	Arabidopsis_lyrata.v.1.0.19.chrom.sizes
XP_013631649.1_A_lyrata_MN47_DAPi712B05-ORGi5038-96P247	https://ftp.sra.ebi.ac.uk/vol1/fastq/SRR311/061/SRR31195861/SRR31195861_1.fastq.gz	https://ftp.sra.ebi.ac.uk/vol1/fastq/SRR311/061/SRR31195861/SRR31195861_2.fastq.gz	Control_TF_DNA_A_lyrata_MN47_DAPi712H12-ORGi5038-96P155-repool	Arabidopsis_lyrata.v.1.0.19	Arabidopsis_lyrata.v.1.0.19.fa.gz	Arabidopsis_lyrata.v.1.0.19.chrom.sizes
XP_013634112.1_A_lyrata_MN47_DAPi712H08-ORGi5038-96P247	https://ftp.sra.ebi.ac.uk/vol1/fastq/SRR311/071/SRR31195671/SRR31195671_1.fastq.gz	https://ftp.sra.ebi.ac.uk/vol1/fastq/SRR311/071/SRR31195671/SRR31195671_2.fastq.gz	Control_TF_DNA_A_lyrata_MN47_DAPi712H12-ORGi5038-96P155-repool	Arabidopsis_lyrata.v.1.0.19	Arabidopsis_lyrata.v.1.0.19.fa.gz	Arabidopsis_lyrata.v.1.0.19.chrom.sizes
