sample_id	species	read1_url	read2_url	control_sample	reference_fasta
AL1G11460.t1_A_thaliana_Col-0_DAPi709A10-ORGi5005-96P354	Arabidopsis_thaliana	https://ftp.sra.ebi.ac.uk/vol1/fastq/SRR312/089/SRR31238589/SRR31238589_1.fastq.gz	https://ftp.sra.ebi.ac.uk/vol1/fastq/SRR312/089/SRR31238589/SRR31238589_2.fastq.gz	Control_TF_DNA_A_thaliana_Col-0_DAPi712H12-ORGi5005-96P155-repool	TAIR10.fa.gz
AL1G11460.t1_A_thaliana_Col-0_DAPi711A10-ORGi5005-96P361	Arabidopsis_thaliana	https://ftp.sra.ebi.ac.uk/vol1/fastq/SRR312/094/SRR31239194/SRR31239194_1.fastq.gz	https://ftp.sra.ebi.ac.uk/vol1/fastq/SRR312/094/SRR31239194/SRR31239194_2.fastq.gz	Control_TF_DNA_A_thaliana_Col-0_DAPi712H12-ORGi5005-96P155-repool	TAIR10.fa.gz
AL1G11460.t1_A_thaliana_Col-0_DAPi712A10-ORGi5005-96P247	Arabidopsis_thaliana	https://ftp.sra.ebi.ac.uk/vol1/fastq/SRR312/077/SRR31239077/SRR31239077_1.fastq.gz	https://ftp.sra.ebi.ac.uk/vol1/fastq/SRR312/077/SRR31239077/SRR31239077_2.fastq.gz	Control_TF_DNA_A_thaliana_Col-0_DAPi712H12-ORGi5005-96P155-repool	TAIR10.fa.gz
AL1G23550.t1_A_thaliana_Col-0_DAPi709B03-ORGi5005-96P354	Arabidopsis_thaliana	https://ftp.sra.ebi.ac.uk/vol1/fastq/SRR312/022/SRR31238722/SRR31238722_1.fastq.gz	https://ftp.sra.ebi.ac.uk/vol1/fastq/SRR312/022/SRR31238722/SRR31238722_2.fastq.gz	Control_TF_DNA_A_thaliana_Col-0_DAPi712H12-ORGi5005-96P155-repool	TAIR10.fa.gz
AL1G23550.t1_A_thaliana_Col-0_DAPi711B03-ORGi5005-96P361	Arabidopsis_thaliana	https://ftp.sra.ebi.ac.uk/vol1/fastq/SRR312/019/SRR31238919/SRR31238919_1.fastq.gz	https://ftp.sra.ebi.ac.uk/vol1/fastq/SRR312/019/SRR31238919/SRR31238919_2.fastq.gz	Control_TF_DNA_A_thaliana_Col-0_DAPi712H12-ORGi5005-96P155-repool	TAIR10.fa.gz
AL1G23550.t1_A_thaliana_Col-0_DAPi712B03-ORGi5005-96P247	Arabidopsis_thaliana	https://ftp.sra.ebi.ac.uk/vol1/fastq/SRR312/053/SRR31239253/SRR31239253_1.fastq.gz	https://ftp.sra.ebi.ac.uk/vol1/fastq/SRR312/053/SRR31239253/SRR31239253_2.fastq.gz	Control_TF_DNA_A_thaliana_Col-0_DAPi712H12-ORGi5005-96P155-repool	TAIR10.fa.gz
AL1G24970.t1_A_thaliana_Col-0_DAPi710H09-ORGi5005-96P358	Arabidopsis_thaliana	https://ftp.sra.ebi.ac.uk/vol1/fastq/SRR312/055/SRR31239255/SRR31239255_1.fastq.gz	https://ftp.sra.ebi.ac.uk/vol1/fastq/SRR312/055/SRR31239255/SRR31239255_2.fastq.gz	Control_TF_DNA_A_thaliana_Col-0_DAPi712H12-ORGi5005-96P155-repool	TAIR10.fa.gz
AL1G24970.t1_A_thaliana_Col-0_DAPi712H09-ORGi5005-96P364	Arabidopsis_thaliana	https://ftp.sra.ebi.ac.uk/vol1/fastq/SRR312/064/SRR31239264/SRR31239264_1.fastq.gz	https://ftp.sra.ebi.ac.uk/vol1/fastq/SRR312/064/SRR31239264/SRR31239264_2.fastq.gz	Control_TF_DNA_A_thaliana_Col-0_DAPi712H12-ORGi5005-96P155-repool	TAIR10.fa.gz
AL1G53260.t1_A_thaliana_Col-0_DAPi709B01-ORGi5005-96P354	Arabidopsis_thaliana	https://ftp.sra.ebi.ac.uk/vol1/fastq/SRR312/067/SRR31239067/SRR31239067_1.fastq.gz	https://ftp.sra.ebi.ac.uk/vol1/fastq/SRR312/067/SRR31239067/SRR31239067_2.fastq.gz	Control_TF_DNA_A_thaliana_Col-0_DAPi712H12-ORGi5005-96P155-repool	TAIR10.fa.gz
AL1G53260.t1_A_thaliana_Col-0_DAPi711B01-ORGi5005-96P361	Arabidopsis_thaliana	https://ftp.sra.ebi.ac.uk/vol1/fastq/SRR312/050/SRR31239050/SRR31239050_1.fastq.gz	https://ftp.sra.ebi.ac.uk/vol1/fastq/SRR312/050/SRR31239050/SRR31239050_2.fastq.gz	Control_TF_DNA_A_thaliana_Col-0_DAPi712H12-ORGi5005-96P155-repool	TAIR10.fa.gz
AL1G53260.t1_A_thaliana_Col-0_DAPi712B01-ORGi5005-96P247	Arabidopsis_thaliana	https://ftp.sra.ebi.ac.uk/vol1/fastq/SRR312/058/SRR31238758/SRR31238758_1.fastq.gz	https://ftp.sra.ebi.ac.uk/vol1/fastq/SRR312/058/SRR31238758/SRR31238758_2.fastq.gz	Control_TF_DNA_A_thaliana_Col-0_DAPi712H12-ORGi5005-96P155-repool	TAIR10.fa.gz
AL2G28980.t1_A_thaliana_Col-0_DAPi709H11-ORGi5005-96P354	Arabidopsis_thaliana	https://ftp.sra.ebi.ac.uk/vol1/fastq/SRR312/043/SRR31239043/SRR31239043_1.fastq.gz	https://ftp.sra.ebi.ac.uk/vol1/fastq/SRR312/043/SRR31239043/SRR31239043_2.fastq.gz	Control_TF_DNA_A_thaliana_Col-0_DAPi712H12-ORGi5005-96P155-repool	TAIR10.fa.gz
AL2G28980.t1_A_thaliana_Col-0_DAPi711H11-ORGi5005-96P361	Arabidopsis_thaliana	https://ftp.sra.ebi.ac.uk/vol1/fastq/SRR312/067/SRR31238667/SRR31238667_1.fastq.gz	https://ftp.sra.ebi.ac.uk/vol1/fastq/SRR312/067/SRR31238667/SRR31238667_2.fastq.gz	Control_TF_DNA_A_thaliana_Col-0_DAPi712H12-ORGi5005-96P155-repool	TAIR10.fa.gz
AL2G28980.t1_A_thaliana_Col-0_DAPi712H11-ORGi5005-96P247	Arabidopsis_thaliana	https://ftp.sra.ebi.ac.uk/vol1/fastq/SRR312/035/SRR31239035/SRR31239035_1.fastq.gz	https://ftp.sra.ebi.ac.uk/vol1/fastq/SRR312/035/SRR31239035/SRR31239035_2.fastq.gz	Control_TF_DNA_A_thaliana_Col-0_DAPi712H12-ORGi5005-96P155-repool	TAIR10.fa.gz
AL2G32420.t2_A_thaliana_Col-0_DAPi709F10-ORGi5005-96P354	Arabidopsis_thaliana	https://ftp.sra.ebi.ac.uk/vol1/fastq/SRR312/008/SRR31238708/SRR31238708_1.fastq.gz	https://ftp.sra.ebi.ac.uk/vol1/fastq/SRR312/008/SRR31238708/SRR31238708_2.fastq.gz	Control_TF_DNA_A_thaliana_Col-0_DAPi712H12-ORGi5005-96P155-repool	TAIR10.fa.gz
AL2G32420.t2_A_thaliana_Col-0_DAPi711F10-ORGi5005-96P361	Arabidopsis_thaliana	https://ftp.sra.ebi.ac.uk/vol1/fastq/SRR312/052/SRR31238652/SRR31238652_1.fastq.gz	https://ftp.sra.ebi.ac.uk/vol1/fastq/SRR312/052/SRR31238652/SRR31238652_2.fastq.gz	Control_TF_DNA_A_thaliana_Col-0_DAPi712H12-ORGi5005-96P155-repool	TAIR10.fa.gz
AL2G32420.t2_A_thaliana_Col-0_DAPi712F10-ORGi5005-96P247	Arabidopsis_thaliana	https://ftp.sra.ebi.ac.uk/vol1/fastq/SRR312/021/SRR31239121/SRR31239121_1.fastq.gz	https://ftp.sra.ebi.ac.uk/vol1/fastq/SRR312/021/SRR31239121/SRR31239121_2.fastq.gz	Control_TF_DNA_A_thaliana_Col-0_DAPi712H12-ORGi5005-96P155-repool	TAIR10.fa.gz
AL2G34360.t1_A_thaliana_Col-0_DAPi710E10-ORGi5005-96P358	Arabidopsis_thaliana	https://ftp.sra.ebi.ac.uk/vol1/fastq/SRR312/062/SRR31238962/SRR31238962_1.fastq.gz	https://ftp.sra.ebi.ac.uk/vol1/fastq/SRR312/062/SRR31238962/SRR31238962_2.fastq.gz	Control_TF_DNA_A_thaliana_Col-0_DAPi712H12-ORGi5005-96P155-repool	TAIR10.fa.gz
AL2G34360.t1_A_thaliana_Col-0_DAPi712E10-ORGi5005-96P364	Arabidopsis_thaliana	https://ftp.sra.ebi.ac.uk/vol1/fastq/SRR312/020/SRR31238920/SRR31238920_1.fastq.gz	https://ftp.sra.ebi.ac.uk/vol1/fastq/SRR312/020/SRR31238920/SRR31238920_2.fastq.gz	Control_TF_DNA_A_thaliana_Col-0_DAPi712H12-ORGi5005-96P155-repool	TAIR10.fa.gz
AL2G40550.t1_A_thaliana_Col-0_DAPi709C11-ORGi5005-96P354	Arabidopsis_thaliana	https://ftp.sra.ebi.ac.uk/vol1/fastq/SRR312/090/SRR31238790/SRR31238790_1.fastq.gz	https://ftp.sra.ebi.ac.uk/vol1/fastq/SRR312/090/SRR31238790/SRR31238790_2.fastq.gz	Control_TF_DNA_A_thaliana_Col-0_DAPi712H12-ORGi5005-96P155-repool	TAIR10.fa.gz
AL2G40550.t1_A_thaliana_Col-0_DAPi711C11-ORGi5005-96P361	Arabidopsis_thaliana	https://ftp.sra.ebi.ac.uk/vol1/fastq/SRR312/002/SRR31239202/SRR31239202_1.fastq.gz	https://ftp.sra.ebi.ac.uk/vol1/fastq/SRR312/002/SRR31239202/SRR31239202_2.fastq.gz	Control_TF_DNA_A_thaliana_Col-0_DAPi712H12-ORGi5005-96P155-repool	TAIR10.fa.gz
AL2G40550.t1_A_thaliana_Col-0_DAPi712C11-ORGi5005-96P247	Arabidopsis_thaliana	https://ftp.sra.ebi.ac.uk/vol1/fastq/SRR312/083/SRR31238783/SRR31238783_1.fastq.gz	https://ftp.sra.ebi.ac.uk/vol1/fastq/SRR312/083/SRR31238783/SRR31238783_2.fastq.gz	Control_TF_DNA_A_thaliana_Col-0_DAPi712H12-ORGi5005-96P155-repool	TAIR10.fa.gz
AL3G23910.t2_A_thaliana_Col-0_DAPi709E07-ORGi5005-96P354	Arabidopsis_thaliana	https://ftp.sra.ebi.ac.uk/vol1/fastq/SRR312/034/SRR31238834/SRR31238834_1.fastq.gz	https://ftp.sra.ebi.ac.uk/vol1/fastq/SRR312/034/SRR31238834/SRR31238834_2.fastq.gz	Control_TF_DNA_A_thaliana_Col-0_DAPi712H12-ORGi5005-96P155-repool	TAIR10.fa.gz
AL3G23910.t2_A_thaliana_Col-0_DAPi711E07-ORGi5005-96P361	Arabidopsis_thaliana	https://ftp.sra.ebi.ac.uk/vol1/fastq/SRR312/045/SRR31239145/SRR31239145_1.fastq.gz	https://ftp.sra.ebi.ac.uk/vol1/fastq/SRR312/045/SRR31239145/SRR31239145_2.fastq.gz	Control_TF_DNA_A_thaliana_Col-0_DAPi712H12-ORGi5005-96P155-repool	TAIR10.fa.gz
AL3G23910.t2_A_thaliana_Col-0_DAPi712E07-ORGi5005-96P247	Arabidopsis_thaliana	https://ftp.sra.ebi.ac.uk/vol1/fastq/SRR312/056/SRR31238656/SRR31238656_1.fastq.gz	https://ftp.sra.ebi.ac.uk/vol1/fastq/SRR312/056/SRR31238656/SRR31238656_2.fastq.gz	Control_TF_DNA_A_thaliana_Col-0_DAPi712H12-ORGi5005-96P155-repool	TAIR10.fa.gz
AL3G51890.t2_A_thaliana_Col-0_DAPi709F12-ORGi5005-96P354	Arabidopsis_thaliana	https://ftp.sra.ebi.ac.uk/vol1/fastq/SRR312/032/SRR31238532/SRR31238532_1.fastq.gz	https://ftp.sra.ebi.ac.uk/vol1/fastq/SRR312/032/SRR31238532/SRR31238532_2.fastq.gz	Control_TF_DNA_A_thaliana_Col-0_DAPi712H12-ORGi5005-96P155-repool	TAIR10.fa.gz
AL3G51890.t2_A_thaliana_Col-0_DAPi711F12-ORGi5005-96P361	Arabidopsis_thaliana	https://ftp.sra.ebi.ac.uk/vol1/fastq/SRR312/058/SRR31238958/SRR31238958_1.fastq.gz	https://ftp.sra.ebi.ac.uk/vol1/fastq/SRR312/058/SRR31238958/SRR31238958_2.fastq.gz	Control_TF_DNA_A_thaliana_Col-0_DAPi712H12-ORGi5005-96P155-repool	TAIR10.fa.gz
AL4G38490.t1_A_thaliana_Col-0_DAPi709G08-ORGi5005-96P354	Arabidopsis_thaliana	https://ftp.sra.ebi.ac.uk/vol1/fastq/SRR312/069/SRR31238869/SRR31238869_1.fastq.gz	https://ftp.sra.ebi.ac.uk/vol1/fastq/SRR312/069/SRR31238869/SRR31238869_2.fastq.gz	Control_TF_DNA_A_thaliana_Col-0_DAPi712H12-ORGi5005-96P155-repool	TAIR10.fa.gz
AL4G38490.t1_A_thaliana_Col-0_DAPi711G08-ORGi5005-96P361	Arabidopsis_thaliana	https://ftp.sra.ebi.ac.uk/vol1/fastq/SRR312/096/SRR31238696/SRR31238696_1.fastq.gz	https://ftp.sra.ebi.ac.uk/vol1/fastq/SRR312/096/SRR31238696/SRR31238696_2.fastq.gz	Control_TF_DNA_A_thaliana_Col-0_DAPi712H12-ORGi5005-96P155-repool	TAIR10.fa.gz
AL4G38490.t1_A_thaliana_Col-0_DAPi712G08-ORGi5005-96P247	Arabidopsis_thaliana	https://ftp.sra.ebi.ac.uk/vol1/fastq/SRR312/042/SRR31238842/SRR31238842_1.fastq.gz	https://ftp.sra.ebi.ac.uk/vol1/fastq/SRR312/042/SRR31238842/SRR31238842_2.fastq.gz	Control_TF_DNA_A_thaliana_Col-0_DAPi712H12-ORGi5005-96P155-repool	TAIR10.fa.gz
AL4G44590.t1_A_thaliana_Col-0_DAPi710B05-ORGi5005-96P358	Arabidopsis_thaliana	https://ftp.sra.ebi.ac.uk/vol1/fastq/SRR312/072/SRR31238872/SRR31238872_1.fastq.gz	https://ftp.sra.ebi.ac.uk/vol1/fastq/SRR312/072/SRR31238872/SRR31238872_2.fastq.gz	Control_TF_DNA_A_thaliana_Col-0_DAPi712H12-ORGi5005-96P155-repool	TAIR10.fa.gz
AL4G44590.t1_A_thaliana_Col-0_DAPi712B05-ORGi5005-96P364	Arabidopsis_thaliana	https://ftp.sra.ebi.ac.uk/vol1/fastq/SRR312/047/SRR31238847/SRR31238847_1.fastq.gz	https://ftp.sra.ebi.ac.uk/vol1/fastq/SRR312/047/SRR31238847/SRR31238847_2.fastq.gz	Control_TF_DNA_A_thaliana_Col-0_DAPi712H12-ORGi5005-96P155-repool	TAIR10.fa.gz
AL4G45550.t1_A_thaliana_Col-0_DAPi709H06-ORGi5005-96P354	Arabidopsis_thaliana	https://ftp.sra.ebi.ac.uk/vol1/fastq/SRR312/086/SRR31238786/SRR31238786_1.fastq.gz	https://ftp.sra.ebi.ac.uk/vol1/fastq/SRR312/086/SRR31238786/SRR31238786_2.fastq.gz	Control_TF_DNA_A_thaliana_Col-0_DAPi712H12-ORGi5005-96P155-repool	TAIR10.fa.gz
AL4G45550.t1_A_thaliana_Col-0_DAPi711H06-ORGi5005-96P361	Arabidopsis_thaliana	https://ftp.sra.ebi.ac.uk/vol1/fastq/SRR312/058/SRR31238858/SRR31238858_1.fastq.gz	https://ftp.sra.ebi.ac.uk/vol1/fastq/SRR312/058/SRR31238858/SRR31238858_2.fastq.gz	Control_TF_DNA_A_thaliana_Col-0_DAPi712H12-ORGi5005-96P155-repool	TAIR10.fa.gz
AL4G45550.t1_A_thaliana_Col-0_DAPi712H06-ORGi5005-96P247	Arabidopsis_thaliana	https://ftp.sra.ebi.ac.uk/vol1/fastq/SRR312/012/SRR31239112/SRR31239112_1.fastq.gz	https://ftp.sra.ebi.ac.uk/vol1/fastq/SRR312/012/SRR31239112/SRR31239112_2.fastq.gz	Control_TF_DNA_A_thaliana_Col-0_DAPi712H12-ORGi5005-96P155-repool	TAIR10.fa.gz
AL4G46570.t1_A_thaliana_Col-0_DAPi710G05-ORGi5005-96P358	Arabidopsis_thaliana	https://ftp.sra.ebi.ac.uk/vol1/fastq/SRR312/016/SRR31238616/SRR31238616_1.fastq.gz	https://ftp.sra.ebi.ac.uk/vol1/fastq/SRR312/016/SRR31238616/SRR31238616_2.fastq.gz	Control_TF_DNA_A_thaliana_Col-0_DAPi712H12-ORGi5005-96P155-repool	TAIR10.fa.gz
AL4G46570.t1_A_thaliana_Col-0_DAPi712G05-ORGi5005-96P364	Arabidopsis_thaliana	https://ftp.sra.ebi.ac.uk/vol1/fastq/SRR312/036/SRR31238736/SRR31238736_1.fastq.gz	https://ftp.sra.ebi.ac.uk/vol1/fastq/SRR312/036/SRR31238736/SRR31238736_2.fastq.gz	Control_TF_DNA_A_thaliana_Col-0_DAPi712H12-ORGi5005-96P155-repool	TAIR10.fa.gz
AL5G10010.t1_A_thaliana_Col-0_DAPi710E01-ORGi5005-96P358	Arabidopsis_thaliana	https://ftp.sra.ebi.ac.uk/vol1/fastq/SRR312/073/SRR31238973/SRR31238973_1.fastq.gz	https://ftp.sra.ebi.ac.uk/vol1/fastq/SRR312/073/SRR31238973/SRR31238973_2.fastq.gz	Control_TF_DNA_A_thaliana_Col-0_DAPi712H12-ORGi5005-96P155-repool	TAIR10.fa.gz
AL5G10010.t1_A_thaliana_Col-0_DAPi712E01-ORGi5005-96P364	Arabidopsis_thaliana	https://ftp.sra.ebi.ac.uk/vol1/fastq/SRR312/014/SRR31238514/SRR31238514_1.fastq.gz	https://ftp.sra.ebi.ac.uk/vol1/fastq/SRR312/014/SRR31238514/SRR31238514_2.fastq.gz	Control_TF_DNA_A_thaliana_Col-0_DAPi712H12-ORGi5005-96P155-repool	TAIR10.fa.gz
AL5G11070.t1_A_thaliana_Col-0_DAPi710F08-ORGi5005-96P358	Arabidopsis_thaliana	https://ftp.sra.ebi.ac.uk/vol1/fastq/SRR312/092/SRR31239192/SRR31239192_1.fastq.gz	https://ftp.sra.ebi.ac.uk/vol1/fastq/SRR312/092/SRR31239192/SRR31239192_2.fastq.gz	Control_TF_DNA_A_thaliana_Col-0_DAPi712H12-ORGi5005-96P155-repool	TAIR10.fa.gz
AL5G11070.t1_A_thaliana_Col-0_DAPi712F08-ORGi5005-96P364	Arabidopsis_thaliana	https://ftp.sra.ebi.ac.uk/vol1/fastq/SRR312/095/SRR31238895/SRR31238895_1.fastq.gz	https://ftp.sra.ebi.ac.uk/vol1/fastq/SRR312/095/SRR31238895/SRR31238895_2.fastq.gz	Control_TF_DNA_A_thaliana_Col-0_DAPi712H12-ORGi5005-96P155-repool	TAIR10.fa.gz
AL5G42830.t1_A_thaliana_Col-0_DAPi710D06-ORGi5005-96P358	Arabidopsis_thaliana	https://ftp.sra.ebi.ac.uk/vol1/fastq/SRR312/005/SRR31238505/SRR31238505_1.fastq.gz	https://ftp.sra.ebi.ac.uk/vol1/fastq/SRR312/005/SRR31238505/SRR31238505_2.fastq.gz	Control_TF_DNA_A_thaliana_Col-0_DAPi712H12-ORGi5005-96P155-repool	TAIR10.fa.gz
AL5G42830.t1_A_thaliana_Col-0_DAPi712D06-ORGi5005-96P364	Arabidopsis_thaliana	https://ftp.sra.ebi.ac.uk/vol1/fastq/SRR312/066/SRR31238466/SRR31238466_1.fastq.gz	https://ftp.sra.ebi.ac.uk/vol1/fastq/SRR312/066/SRR31238466/SRR31238466_2.fastq.gz	Control_TF_DNA_A_thaliana_Col-0_DAPi712H12-ORGi5005-96P155-repool	TAIR10.fa.gz
AL7G19010.t1_A_thaliana_Col-0_DAPi709G03-ORGi5005-96P354	Arabidopsis_thaliana	https://ftp.sra.ebi.ac.uk/vol1/fastq/SRR312/099/SRR31238499/SRR31238499_1.fastq.gz	https://ftp.sra.ebi.ac.uk/vol1/fastq/SRR312/099/SRR31238499/SRR31238499_2.fastq.gz	Control_TF_DNA_A_thaliana_Col-0_DAPi712H12-ORGi5005-96P155-repool	TAIR10.fa.gz
AL7G19010.t1_A_thaliana_Col-0_DAPi711G03-ORGi5005-96P361	Arabidopsis_thaliana	https://ftp.sra.ebi.ac.uk/vol1/fastq/SRR312/074/SRR31238774/SRR31238774_1.fastq.gz	https://ftp.sra.ebi.ac.uk/vol1/fastq/SRR312/074/SRR31238774/SRR31238774_2.fastq.gz	Control_TF_DNA_A_thaliana_Col-0_DAPi712H12-ORGi5005-96P155-repool	TAIR10.fa.gz
AL8G10650.t1_A_thaliana_Col-0_DAPi709D09-ORGi5005-96P354	Arabidopsis_thaliana	https://ftp.sra.ebi.ac.uk/vol1/fastq/SRR312/069/SRR31238469/SRR31238469_1.fastq.gz	https://ftp.sra.ebi.ac.uk/vol1/fastq/SRR312/069/SRR31238469/SRR31238469_2.fastq.gz	Control_TF_DNA_A_thaliana_Col-0_DAPi712H12-ORGi5005-96P155-repool	TAIR10.fa.gz
AL8G10650.t1_A_thaliana_Col-0_DAPi711D09-ORGi5005-96P361	Arabidopsis_thaliana	https://ftp.sra.ebi.ac.uk/vol1/fastq/SRR312/032/SRR31239132/SRR31239132_1.fastq.gz	https://ftp.sra.ebi.ac.uk/vol1/fastq/SRR312/032/SRR31239132/SRR31239132_2.fastq.gz	Control_TF_DNA_A_thaliana_Col-0_DAPi712H12-ORGi5005-96P155-repool	TAIR10.fa.gz
AL8G10650.t1_A_thaliana_Col-0_DAPi712D09-ORGi5005-96P247	Arabidopsis_thaliana	https://ftp.sra.ebi.ac.uk/vol1/fastq/SRR312/070/SRR31239070/SRR31239070_1.fastq.gz	https://ftp.sra.ebi.ac.uk/vol1/fastq/SRR312/070/SRR31239070/SRR31239070_2.fastq.gz	Control_TF_DNA_A_thaliana_Col-0_DAPi712H12-ORGi5005-96P155-repool	TAIR10.fa.gz
AL8G13510.t2_A_thaliana_Col-0_DAPi709B08-ORGi5005-96P354	Arabidopsis_thaliana	https://ftp.sra.ebi.ac.uk/vol1/fastq/SRR312/004/SRR31238704/SRR31238704_1.fastq.gz	https://ftp.sra.ebi.ac.uk/vol1/fastq/SRR312/004/SRR31238704/SRR31238704_2.fastq.gz	Control_TF_DNA_A_thaliana_Col-0_DAPi712H12-ORGi5005-96P155-repool	TAIR10.fa.gz
AL8G13510.t2_A_thaliana_Col-0_DAPi711B08-ORGi5005-96P361	Arabidopsis_thaliana	https://ftp.sra.ebi.ac.uk/vol1/fastq/SRR312/010/SRR31239210/SRR31239210_1.fastq.gz	https://ftp.sra.ebi.ac.uk/vol1/fastq/SRR312/010/SRR31239210/SRR31239210_2.fastq.gz	Control_TF_DNA_A_thaliana_Col-0_DAPi712H12-ORGi5005-96P155-repool	TAIR10.fa.gz
AL8G13510.t2_A_thaliana_Col-0_DAPi712B08-ORGi5005-96P247	Arabidopsis_thaliana	https://ftp.sra.ebi.ac.uk/vol1/fastq/SRR312/045/SRR31238445/SRR31238445_1.fastq.gz	https://ftp.sra.ebi.ac.uk/vol1/fastq/SRR312/045/SRR31238445/SRR31238445_2.fastq.gz	Control_TF_DNA_A_thaliana_Col-0_DAPi712H12-ORGi5005-96P155-repool	TAIR10.fa.gz
AL8G38770.t1_A_thaliana_Col-0_DAPi709E02-ORGi5005-96P354	Arabidopsis_thaliana	https://ftp.sra.ebi.ac.uk/vol1/fastq/SRR312/098/SRR31238398/SRR31238398_1.fastq.gz	https://ftp.sra.ebi.ac.uk/vol1/fastq/SRR312/098/SRR31238398/SRR31238398_2.fastq.gz	Control_TF_DNA_A_thaliana_Col-0_DAPi712H12-ORGi5005-96P155-repool	TAIR10.fa.gz
AT1G01060_A_thaliana_Col-0_DAPi709D10-ORGi5005-96P169	Arabidopsis_thaliana	https://ftp.sra.ebi.ac.uk/vol1/fastq/SRR312/005/SRR31239005/SRR31239005_1.fastq.gz	https://ftp.sra.ebi.ac.uk/vol1/fastq/SRR312/005/SRR31239005/SRR31239005_2.fastq.gz	Control_TF_DNA_A_thaliana_Col-0_DAPi712H12-ORGi5005-96P155-repool	TAIR10.fa.gz
AT1G01060_A_thaliana_Col-0_DAPi709H05-ORGi5005-96P203	Arabidopsis_thaliana	https://ftp.sra.ebi.ac.uk/vol1/fastq/SRR312/004/SRR31239204/SRR31239204_1.fastq.gz	https://ftp.sra.ebi.ac.uk/vol1/fastq/SRR312/004/SRR31239204/SRR31239204_2.fastq.gz	Control_TF_DNA_A_thaliana_Col-0_DAPi712H12-ORGi5005-96P155-repool	TAIR10.fa.gz
AT1G01060_A_thaliana_Col-0_DAPi709H05-ORGi5005-96P206	Arabidopsis_thaliana	https://ftp.sra.ebi.ac.uk/vol1/fastq/SRR312/003/SRR31239203/SRR31239203_1.fastq.gz	https://ftp.sra.ebi.ac.uk/vol1/fastq/SRR312/003/SRR31239203/SRR31239203_2.fastq.gz	Control_TF_DNA_A_thaliana_Col-0_DAPi712H12-ORGi5005-96P155-repool	TAIR10.fa.gz
AT1G01060_A_thaliana_Col-0_DAPi712H05-ORGi5005-96P220	Arabidopsis_thaliana	https://ftp.sra.ebi.ac.uk/vol1/fastq/SRR312/000/SRR31238400/SRR31238400_1.fastq.gz	https://ftp.sra.ebi.ac.uk/vol1/fastq/SRR312/000/SRR31238400/SRR31238400_2.fastq.gz	Control_TF_DNA_A_thaliana_Col-0_DAPi712H12-ORGi5005-96P155-repool	TAIR10.fa.gz
AT1G01250_A_thaliana_Col-0_DAPi710B07-ORGi5005-96P151	Arabidopsis_thaliana	https://ftp.sra.ebi.ac.uk/vol1/fastq/SRR312/054/SRR31239054/SRR31239054_1.fastq.gz	https://ftp.sra.ebi.ac.uk/vol1/fastq/SRR312/054/SRR31239054/SRR31239054_2.fastq.gz	Control_TF_DNA_A_thaliana_Col-0_DAPi712H12-ORGi5005-96P155-repool	TAIR10.fa.gz
AT1G01720_A_thaliana_Col-0_DAPi709F09-ORGi5005-96P169	Arabidopsis_thaliana	https://ftp.sra.ebi.ac.uk/vol1/fastq/SRR312/033/SRR31239133/SRR31239133_1.fastq.gz	https://ftp.sra.ebi.ac.uk/vol1/fastq/SRR312/033/SRR31239133/SRR31239133_2.fastq.gz	Control_TF_DNA_A_thaliana_Col-0_DAPi712H12-ORGi5005-96P155-repool	TAIR10.fa.gz
AT1G02230_A_thaliana_Col-0_DAPi712B03-ORGi5005-96P155	Arabidopsis_thaliana	https://ftp.sra.ebi.ac.uk/vol1/fastq/SRR312/016/SRR31238516/SRR31238516_1.fastq.gz	https://ftp.sra.ebi.ac.uk/vol1/fastq/SRR312/016/SRR31238516/SRR31238516_2.fastq.gz	Control_TF_DNA_A_thaliana_Col-0_DAPi712H12-ORGi5005-96P155-repool	TAIR10.fa.gz
AT1G02250_A_thaliana_Col-0_DAPi710D09-ORGi5005-96P151	Arabidopsis_thaliana	https://ftp.sra.ebi.ac.uk/vol1/fastq/SRR312/067/SRR31239167/SRR31239167_1.fastq.gz	https://ftp.sra.ebi.ac.uk/vol1/fastq/SRR312/067/SRR31239167/SRR31239167_2.fastq.gz	Control_TF_DNA_A_thaliana_Col-0_DAPi712H12-ORGi5005-96P155-repool	TAIR10.fa.gz
AT1G03800_A_thaliana_Col-0_DAPi709C01-ORGi5005-96P169	Arabidopsis_thaliana	https://ftp.sra.ebi.ac.uk/vol1/fastq/SRR312/087/SRR31239087/SRR31239087_1.fastq.gz	https://ftp.sra.ebi.ac.uk/vol1/fastq/SRR312/087/SRR31239087/SRR31239087_2.fastq.gz	Control_TF_DNA_A_thaliana_Col-0_DAPi712H12-ORGi5005-96P155-repool	TAIR10.fa.gz
AT1G06280_A_thaliana_Col-0_DAPi710H02-ORGi5005-96P151	Arabidopsis_thaliana	https://ftp.sra.ebi.ac.uk/vol1/fastq/SRR312/041/SRR31239041/SRR31239041_1.fastq.gz	https://ftp.sra.ebi.ac.uk/vol1/fastq/SRR312/041/SRR31239041/SRR31239041_2.fastq.gz	Control_TF_DNA_A_thaliana_Col-0_DAPi712H12-ORGi5005-96P155-repool	TAIR10.fa.gz
AT1G06850_A_thaliana_Col-0_DAPi712C12-ORGi5005-96P155	Arabidopsis_thaliana	https://ftp.sra.ebi.ac.uk/vol1/fastq/SRR312/018/SRR31239018/SRR31239018_1.fastq.gz	https://ftp.sra.ebi.ac.uk/vol1/fastq/SRR312/018/SRR31239018/SRR31239018_2.fastq.gz	Control_TF_DNA_A_thaliana_Col-0_DAPi712H12-ORGi5005-96P155-repool	TAIR10.fa.gz
AT1G08320_A_thaliana_Col-0_DAPi710D12-ORGi5005-96P151	Arabidopsis_thaliana	https://ftp.sra.ebi.ac.uk/vol1/fastq/SRR312/054/SRR31238654/SRR31238654_1.fastq.gz	https://ftp.sra.ebi.ac.uk/vol1/fastq/SRR312/054/SRR31238654/SRR31238654_2.fastq.gz	Control_TF_DNA_A_thaliana_Col-0_DAPi712H12-ORGi5005-96P155-repool	TAIR10.fa.gz
AT1G09540_A_thaliana_Col-0_DAPi709B08-ORGi5005-96P203	Arabidopsis_thaliana	https://ftp.sra.ebi.ac.uk/vol1/fastq/SRR312/099/SRR31238599/SRR31238599_1.fastq.gz	https://ftp.sra.ebi.ac.uk/vol1/fastq/SRR312/099/SRR31238599/SRR31238599_2.fastq.gz	Control_TF_DNA_A_thaliana_Col-0_DAPi712H12-ORGi5005-96P155-repool	TAIR10.fa.gz
AT1G09540_A_thaliana_Col-0_DAPi709B08-ORGi5005-96P206	Arabidopsis_thaliana	https://ftp.sra.ebi.ac.uk/vol1/fastq/SRR312/086/SRR31239086/SRR31239086_1.fastq.gz	https://ftp.sra.ebi.ac.uk/vol1/fastq/SRR312/086/SRR31239086/SRR31239086_2.fastq.gz	Control_TF_DNA_A_thaliana_Col-0_DAPi712H12-ORGi5005-96P155-repool	TAIR10.fa.gz
AT1G09540_A_thaliana_Col-0_DAPi710F07-ORGi5005-96P151	Arabidopsis_thaliana	https://ftp.sra.ebi.ac.uk/vol1/fastq/SRR312/023/SRR31238423/SRR31238423_1.fastq.gz	https://ftp.sra.ebi.ac.uk/vol1/fastq/SRR312/023/SRR31238423/SRR31238423_2.fastq.gz	Control_TF_DNA_A_thaliana_Col-0_DAPi712H12-ORGi5005-96P155-repool	TAIR10.fa.gz
AT1G12260_A_thaliana_Col-0_DAPi709C12-ORGi5005-96P203	Arabidopsis_thaliana	https://ftp.sra.ebi.ac.uk/vol1/fastq/SRR312/012/SRR31239212/SRR31239212_1.fastq.gz	https://ftp.sra.ebi.ac.uk/vol1/fastq/SRR312/012/SRR31239212/SRR31239212_2.fastq.gz	Control_TF_DNA_A_thaliana_Col-0_DAPi712H12-ORGi5005-96P155-repool	TAIR10.fa.gz
AT1G12260_A_thaliana_Col-0_DAPi709C12-ORGi5005-96P206	Arabidopsis_thaliana	https://ftp.sra.ebi.ac.uk/vol1/fastq/SRR312/059/SRR31239059/SRR31239059_1.fastq.gz	https://ftp.sra.ebi.ac.uk/vol1/fastq/SRR312/059/SRR31239059/SRR31239059_2.fastq.gz	Control_TF_DNA_A_thaliana_Col-0_DAPi712H12-ORGi5005-96P155-repool	TAIR10.fa.gz
AT1G12260_A_thaliana_Col-0_DAPi712A11-ORGi5005-96P155	Arabidopsis_thaliana	https://ftp.sra.ebi.ac.uk/vol1/fastq/SRR312/007/SRR31238807/SRR31238807_1.fastq.gz	https://ftp.sra.ebi.ac.uk/vol1/fastq/SRR312/007/SRR31238807/SRR31238807_2.fastq.gz	Control_TF_DNA_A_thaliana_Col-0_DAPi712H12-ORGi5005-96P155-repool	TAIR10.fa.gz
AT1G12260_A_thaliana_Col-0_DAPi712C12-ORGi5005-96P220	Arabidopsis_thaliana	https://ftp.sra.ebi.ac.uk/vol1/fastq/SRR312/085/SRR31239085/SRR31239085_1.fastq.gz	https://ftp.sra.ebi.ac.uk/vol1/fastq/SRR312/085/SRR31239085/SRR31239085_2.fastq.gz	Control_TF_DNA_A_thaliana_Col-0_DAPi712H12-ORGi5005-96P155-repool	TAIR10.fa.gz
AT1G12610_A_thaliana_Col-0_DAPi710A11-ORGi5005-96P151	Arabidopsis_thaliana	https://ftp.sra.ebi.ac.uk/vol1/fastq/SRR312/037/SRR31239137/SRR31239137_1.fastq.gz	https://ftp.sra.ebi.ac.uk/vol1/fastq/SRR312/037/SRR31239137/SRR31239137_2.fastq.gz	Control_TF_DNA_A_thaliana_Col-0_DAPi712H12-ORGi5005-96P155-repool	TAIR10.fa.gz
AT1G12630_A_thaliana_Col-0_DAPi710B04-ORGi5005-96P151	Arabidopsis_thaliana	https://ftp.sra.ebi.ac.uk/vol1/fastq/SRR312/047/SRR31238447/SRR31238447_1.fastq.gz	https://ftp.sra.ebi.ac.uk/vol1/fastq/SRR312/047/SRR31238447/SRR31238447_2.fastq.gz	Control_TF_DNA_A_thaliana_Col-0_DAPi712H12-ORGi5005-96P155-repool	TAIR10.fa.gz
AT1G13260_A_thaliana_Col-0_DAPi709E01-ORGi5005-96P203	Arabidopsis_thaliana	https://ftp.sra.ebi.ac.uk/vol1/fastq/SRR312/047/SRR31239147/SRR31239147_1.fastq.gz	https://ftp.sra.ebi.ac.uk/vol1/fastq/SRR312/047/SRR31239147/SRR31239147_2.fastq.gz	Control_TF_DNA_A_thaliana_Col-0_DAPi712H12-ORGi5005-96P155-repool	TAIR10.fa.gz
AT1G13260_A_thaliana_Col-0_DAPi709E01-ORGi5005-96P206	Arabidopsis_thaliana	https://ftp.sra.ebi.ac.uk/vol1/fastq/SRR312/048/SRR31239148/SRR31239148_1.fastq.gz	https://ftp.sra.ebi.ac.uk/vol1/fastq/SRR312/048/SRR31239148/SRR31239148_2.fastq.gz	Control_TF_DNA_A_thaliana_Col-0_DAPi712H12-ORGi5005-96P155-repool	TAIR10.fa.gz
AT1G13260_A_thaliana_Col-0_DAPi712E01-ORGi5005-96P220	Arabidopsis_thaliana	https://ftp.sra.ebi.ac.uk/vol1/fastq/SRR312/001/SRR31238501/SRR31238501_1.fastq.gz	https://ftp.sra.ebi.ac.uk/vol1/fastq/SRR312/001/SRR31238501/SRR31238501_2.fastq.gz	Control_TF_DNA_A_thaliana_Col-0_DAPi712H12-ORGi5005-96P155-repool	TAIR10.fa.gz
AT1G13600_A_thaliana_Col-0_DAPi712F12-ORGi5005-96P155	Arabidopsis_thaliana	https://ftp.sra.ebi.ac.uk/vol1/fastq/SRR312/067/SRR31238767/SRR31238767_1.fastq.gz	https://ftp.sra.ebi.ac.uk/vol1/fastq/SRR312/067/SRR31238767/SRR31238767_2.fastq.gz	Control_TF_DNA_A_thaliana_Col-0_DAPi712H12-ORGi5005-96P155-repool	TAIR10.fa.gz
AT1G14687_A_thaliana_Col-0_DAPi711F04-ORGi5005-96P166	Arabidopsis_thaliana	https://ftp.sra.ebi.ac.uk/vol1/fastq/SRR312/093/SRR31239093/SRR31239093_1.fastq.gz	https://ftp.sra.ebi.ac.uk/vol1/fastq/SRR312/093/SRR31239093/SRR31239093_2.fastq.gz	Control_TF_DNA_A_thaliana_Col-0_DAPi712H12-ORGi5005-96P155-repool	TAIR10.fa.gz
AT1G16490_A_thaliana_Col-0_DAPi712B02-ORGi5005-96P155	Arabidopsis_thaliana	https://ftp.sra.ebi.ac.uk/vol1/fastq/SRR312/040/SRR31238540/SRR31238540_1.fastq.gz	https://ftp.sra.ebi.ac.uk/vol1/fastq/SRR312/040/SRR31238540/SRR31238540_2.fastq.gz	Control_TF_DNA_A_thaliana_Col-0_DAPi712H12-ORGi5005-96P155-repool	TAIR10.fa.gz
AT1G18330_A_thaliana_Col-0_DAPi709G01-ORGi5005-96P203	Arabidopsis_thaliana	https://ftp.sra.ebi.ac.uk/vol1/fastq/SRR312/090/SRR31238890/SRR31238890_1.fastq.gz	https://ftp.sra.ebi.ac.uk/vol1/fastq/SRR312/090/SRR31238890/SRR31238890_2.fastq.gz	Control_TF_DNA_A_thaliana_Col-0_DAPi712H12-ORGi5005-96P155-repool	TAIR10.fa.gz
AT1G18330_A_thaliana_Col-0_DAPi709G01-ORGi5005-96P206	Arabidopsis_thaliana	https://ftp.sra.ebi.ac.uk/vol1/fastq/SRR312/089/SRR31238889/SRR31238889_1.fastq.gz	https://ftp.sra.ebi.ac.uk/vol1/fastq/SRR312/089/SRR31238889/SRR31238889_2.fastq.gz	Control_TF_DNA_A_thaliana_Col-0_DAPi712H12-ORGi5005-96P155-repool	TAIR10.fa.gz
AT1G18330_A_thaliana_Col-0_DAPi711F03-ORGi5005-96P166	Arabidopsis_thaliana	https://ftp.sra.ebi.ac.uk/vol1/fastq/SRR312/080/SRR31238880/SRR31238880_1.fastq.gz	https://ftp.sra.ebi.ac.uk/vol1/fastq/SRR312/080/SRR31238880/SRR31238880_2.fastq.gz	Control_TF_DNA_A_thaliana_Col-0_DAPi712H12-ORGi5005-96P155-repool	TAIR10.fa.gz
AT1G18330_A_thaliana_Col-0_DAPi712G01-ORGi5005-96P220	Arabidopsis_thaliana	https://ftp.sra.ebi.ac.uk/vol1/fastq/SRR312/015/SRR31238815/SRR31238815_1.fastq.gz	https://ftp.sra.ebi.ac.uk/vol1/fastq/SRR312/015/SRR31238815/SRR31238815_2.fastq.gz	Control_TF_DNA_A_thaliana_Col-0_DAPi712H12-ORGi5005-96P155-repool	TAIR10.fa.gz
AT1G19000_A_thaliana_Col-0_DAPi711D11-ORGi5005-96P166	Arabidopsis_thaliana	https://ftp.sra.ebi.ac.uk/vol1/fastq/SRR312/021/SRR31238921/SRR31238921_1.fastq.gz	https://ftp.sra.ebi.ac.uk/vol1/fastq/SRR312/021/SRR31238921/SRR31238921_2.fastq.gz	Control_TF_DNA_A_thaliana_Col-0_DAPi712H12-ORGi5005-96P155-repool	TAIR10.fa.gz
AT1G19210_A_thaliana_Col-0_DAPi709H02-ORGi5005-96P169	Arabidopsis_thaliana	https://ftp.sra.ebi.ac.uk/vol1/fastq/SRR312/018/SRR31238718/SRR31238718_1.fastq.gz	https://ftp.sra.ebi.ac.uk/vol1/fastq/SRR312/018/SRR31238718/SRR31238718_2.fastq.gz	Control_TF_DNA_A_thaliana_Col-0_DAPi712H12-ORGi5005-96P155-repool	TAIR10.fa.gz
AT1G20910_A_thaliana_Col-0_DAPi709B10-ORGi5005-96P203	Arabidopsis_thaliana	https://ftp.sra.ebi.ac.uk/vol1/fastq/SRR312/059/SRR31238459/SRR31238459_1.fastq.gz	https://ftp.sra.ebi.ac.uk/vol1/fastq/SRR312/059/SRR31238459/SRR31238459_2.fastq.gz	Control_TF_DNA_A_thaliana_Col-0_DAPi712H12-ORGi5005-96P155-repool	TAIR10.fa.gz
AT1G20910_A_thaliana_Col-0_DAPi709B10-ORGi5005-96P206	Arabidopsis_thaliana	https://ftp.sra.ebi.ac.uk/vol1/fastq/SRR312/058/SRR31238458/SRR31238458_1.fastq.gz	https://ftp.sra.ebi.ac.uk/vol1/fastq/SRR312/058/SRR31238458/SRR31238458_2.fastq.gz	Control_TF_DNA_A_thaliana_Col-0_DAPi712H12-ORGi5005-96P155-repool	TAIR10.fa.gz
AT1G20910_A_thaliana_Col-0_DAPi712B10-ORGi5005-96P220	Arabidopsis_thaliana	https://ftp.sra.ebi.ac.uk/vol1/fastq/SRR312/056/SRR31239056/SRR31239056_1.fastq.gz	https://ftp.sra.ebi.ac.uk/vol1/fastq/SRR312/056/SRR31239056/SRR31239056_2.fastq.gz	Control_TF_DNA_A_thaliana_Col-0_DAPi712H12-ORGi5005-96P155-repool	TAIR10.fa.gz
AT1G20910_A_thaliana_Col-0_DAPi712F01-ORGi5005-96P155	Arabidopsis_thaliana	https://ftp.sra.ebi.ac.uk/vol1/fastq/SRR312/022/SRR31239022/SRR31239022_1.fastq.gz	https://ftp.sra.ebi.ac.uk/vol1/fastq/SRR312/022/SRR31239022/SRR31239022_2.fastq.gz	Control_TF_DNA_A_thaliana_Col-0_DAPi712H12-ORGi5005-96P155-repool	TAIR10.fa.gz
AT1G20980_A_thaliana_Col-0_DAPi709E11-ORGi5005-96P203	Arabidopsis_thaliana	https://ftp.sra.ebi.ac.uk/vol1/fastq/SRR312/094/SRR31238994/SRR31238994_1.fastq.gz	https://ftp.sra.ebi.ac.uk/vol1/fastq/SRR312/094/SRR31238994/SRR31238994_2.fastq.gz	Control_TF_DNA_A_thaliana_Col-0_DAPi712H12-ORGi5005-96P155-repool	TAIR10.fa.gz
AT1G20980_A_thaliana_Col-0_DAPi709E11-ORGi5005-96P206	Arabidopsis_thaliana	https://ftp.sra.ebi.ac.uk/vol1/fastq/SRR312/014/SRR31238814/SRR31238814_1.fastq.gz	https://ftp.sra.ebi.ac.uk/vol1/fastq/SRR312/014/SRR31238814/SRR31238814_2.fastq.gz	Control_TF_DNA_A_thaliana_Col-0_DAPi712H12-ORGi5005-96P155-repool	TAIR10.fa.gz
AT1G20980_A_thaliana_Col-0_DAPi712D06-ORGi5005-96P155	Arabidopsis_thaliana	https://ftp.sra.ebi.ac.uk/vol1/fastq/SRR312/094/SRR31238894/SRR31238894_1.fastq.gz	https://ftp.sra.ebi.ac.uk/vol1/fastq/SRR312/094/SRR31238894/SRR31238894_2.fastq.gz	Control_TF_DNA_A_thaliana_Col-0_DAPi712H12-ORGi5005-96P155-repool	TAIR10.fa.gz
AT1G20980_A_thaliana_Col-0_DAPi712E11-ORGi5005-96P220	Arabidopsis_thaliana	https://ftp.sra.ebi.ac.uk/vol1/fastq/SRR312/077/SRR31239177/SRR31239177_1.fastq.gz	https://ftp.sra.ebi.ac.uk/vol1/fastq/SRR312/077/SRR31239177/SRR31239177_2.fastq.gz	Control_TF_DNA_A_thaliana_Col-0_DAPi712H12-ORGi5005-96P155-repool	TAIR10.fa.gz
AT1G22070_A_thaliana_Col-0_DAPi712B11-ORGi5005-96P155	Arabidopsis_thaliana	https://ftp.sra.ebi.ac.uk/vol1/fastq/SRR312/020/SRR31239020/SRR31239020_1.fastq.gz	https://ftp.sra.ebi.ac.uk/vol1/fastq/SRR312/020/SRR31239020/SRR31239020_2.fastq.gz	Control_TF_DNA_A_thaliana_Col-0_DAPi712H12-ORGi5005-96P155-repool	TAIR10.fa.gz
AT1G22810_A_thaliana_Col-0_DAPi709B04-ORGi5005-96P169	Arabidopsis_thaliana	https://ftp.sra.ebi.ac.uk/vol1/fastq/SRR312/022/SRR31238822/SRR31238822_1.fastq.gz	https://ftp.sra.ebi.ac.uk/vol1/fastq/SRR312/022/SRR31238822/SRR31238822_2.fastq.gz	Control_TF_DNA_A_thaliana_Col-0_DAPi712H12-ORGi5005-96P155-repool	TAIR10.fa.gz
AT1G25340_A_thaliana_Col-0_DAPi710B01-ORGi5005-96P151	Arabidopsis_thaliana	https://ftp.sra.ebi.ac.uk/vol1/fastq/SRR312/049/SRR31238449/SRR31238449_1.fastq.gz	https://ftp.sra.ebi.ac.uk/vol1/fastq/SRR312/049/SRR31238449/SRR31238449_2.fastq.gz	Control_TF_DNA_A_thaliana_Col-0_DAPi712H12-ORGi5005-96P155-repool	TAIR10.fa.gz
AT1G25550_A_thaliana_Col-0_DAPi711C01-ORGi5005-96P166	Arabidopsis_thaliana	https://ftp.sra.ebi.ac.uk/vol1/fastq/SRR312/035/SRR31238635/SRR31238635_1.fastq.gz	https://ftp.sra.ebi.ac.uk/vol1/fastq/SRR312/035/SRR31238635/SRR31238635_2.fastq.gz	Control_TF_DNA_A_thaliana_Col-0_DAPi712H12-ORGi5005-96P155-repool	TAIR10.fa.gz
AT1G27730_A_thaliana_Col-0_DAPi709C01-ORGi5005-96P203	Arabidopsis_thaliana	https://ftp.sra.ebi.ac.uk/vol1/fastq/SRR312/021/SRR31239221/SRR31239221_1.fastq.gz	https://ftp.sra.ebi.ac.uk/vol1/fastq/SRR312/021/SRR31239221/SRR31239221_2.fastq.gz	Control_TF_DNA_A_thaliana_Col-0_DAPi712H12-ORGi5005-96P155-repool	TAIR10.fa.gz
AT1G27730_A_thaliana_Col-0_DAPi709C01-ORGi5005-96P206	Arabidopsis_thaliana	https://ftp.sra.ebi.ac.uk/vol1/fastq/SRR312/056/SRR31239156/SRR31239156_1.fastq.gz	https://ftp.sra.ebi.ac.uk/vol1/fastq/SRR312/056/SRR31239156/SRR31239156_2.fastq.gz	Control_TF_DNA_A_thaliana_Col-0_DAPi712H12-ORGi5005-96P155-repool	TAIR10.fa.gz
AT1G27730_A_thaliana_Col-0_DAPi711F01-ORGi5005-96P166	Arabidopsis_thaliana	https://ftp.sra.ebi.ac.uk/vol1/fastq/SRR312/017/SRR31238417/SRR31238417_1.fastq.gz	https://ftp.sra.ebi.ac.uk/vol1/fastq/SRR312/017/SRR31238417/SRR31238417_2.fastq.gz	Control_TF_DNA_A_thaliana_Col-0_DAPi712H12-ORGi5005-96P155-repool	TAIR10.fa.gz
AT1G27730_A_thaliana_Col-0_DAPi712C01-ORGi5005-96P220	Arabidopsis_thaliana	https://ftp.sra.ebi.ac.uk/vol1/fastq/SRR312/005/SRR31238605/SRR31238605_1.fastq.gz	https://ftp.sra.ebi.ac.uk/vol1/fastq/SRR312/005/SRR31238605/SRR31238605_2.fastq.gz	Control_TF_DNA_A_thaliana_Col-0_DAPi712H12-ORGi5005-96P155-repool	TAIR10.fa.gz
AT1G28160_A_thaliana_Col-0_DAPi710E04-ORGi5005-96P151	Arabidopsis_thaliana	https://ftp.sra.ebi.ac.uk/vol1/fastq/SRR312/052/SRR31238952/SRR31238952_1.fastq.gz	https://ftp.sra.ebi.ac.uk/vol1/fastq/SRR312/052/SRR31238952/SRR31238952_2.fastq.gz	Control_TF_DNA_A_thaliana_Col-0_DAPi712H12-ORGi5005-96P155-repool	TAIR10.fa.gz
AT1G28370_A_thaliana_Col-0_DAPi709A07-ORGi5005-96P169	Arabidopsis_thaliana	https://ftp.sra.ebi.ac.uk/vol1/fastq/SRR312/071/SRR31238471/SRR31238471_1.fastq.gz	https://ftp.sra.ebi.ac.uk/vol1/fastq/SRR312/071/SRR31238471/SRR31238471_2.fastq.gz	Control_TF_DNA_A_thaliana_Col-0_DAPi712H12-ORGi5005-96P155-repool	TAIR10.fa.gz
AT1G28470_A_thaliana_Col-0_DAPi710E12-ORGi5005-96P151	Arabidopsis_thaliana	https://ftp.sra.ebi.ac.uk/vol1/fastq/SRR312/006/SRR31239206/SRR31239206_1.fastq.gz	https://ftp.sra.ebi.ac.uk/vol1/fastq/SRR312/006/SRR31239206/SRR31239206_2.fastq.gz	Control_TF_DNA_A_thaliana_Col-0_DAPi712H12-ORGi5005-96P155-repool	TAIR10.fa.gz
AT1G29160_A_thaliana_Col-0_DAPi709B04-ORGi5005-96P203	Arabidopsis_thaliana	https://ftp.sra.ebi.ac.uk/vol1/fastq/SRR312/006/SRR31238606/SRR31238606_1.fastq.gz	https://ftp.sra.ebi.ac.uk/vol1/fastq/SRR312/006/SRR31238606/SRR31238606_2.fastq.gz	Control_TF_DNA_A_thaliana_Col-0_DAPi712H12-ORGi5005-96P155-repool	TAIR10.fa.gz
AT1G29160_A_thaliana_Col-0_DAPi709B04-ORGi5005-96P206	Arabidopsis_thaliana	https://ftp.sra.ebi.ac.uk/vol1/fastq/SRR312/004/SRR31238604/SRR31238604_1.fastq.gz	https://ftp.sra.ebi.ac.uk/vol1/fastq/SRR312/004/SRR31238604/SRR31238604_2.fastq.gz	Control_TF_DNA_A_thaliana_Col-0_DAPi712H12-ORGi5005-96P155-repool	TAIR10.fa.gz
AT1G29160_A_thaliana_Col-0_DAPi709G01-ORGi5005-96P169	Arabidopsis_thaliana	https://ftp.sra.ebi.ac.uk/vol1/fastq/SRR312/096/SRR31238596/SRR31238596_1.fastq.gz	https://ftp.sra.ebi.ac.uk/vol1/fastq/SRR312/096/SRR31238596/SRR31238596_2.fastq.gz	Control_TF_DNA_A_thaliana_Col-0_DAPi712H12-ORGi5005-96P155-repool	TAIR10.fa.gz
AT1G29160_A_thaliana_Col-0_DAPi712B04-ORGi5005-96P220	Arabidopsis_thaliana	https://ftp.sra.ebi.ac.uk/vol1/fastq/SRR312/056/SRR31238956/SRR31238956_1.fastq.gz	https://ftp.sra.ebi.ac.uk/vol1/fastq/SRR312/056/SRR31238956/SRR31238956_2.fastq.gz	Control_TF_DNA_A_thaliana_Col-0_DAPi712H12-ORGi5005-96P155-repool	TAIR10.fa.gz
AT1G29280_A_thaliana_Col-0_DAPi711F12-ORGi5005-96P166	Arabidopsis_thaliana	https://ftp.sra.ebi.ac.uk/vol1/fastq/SRR312/060/SRR31239060/SRR31239060_1.fastq.gz	https://ftp.sra.ebi.ac.uk/vol1/fastq/SRR312/060/SRR31239060/SRR31239060_2.fastq.gz	Control_TF_DNA_A_thaliana_Col-0_DAPi712H12-ORGi5005-96P155-repool	TAIR10.fa.gz
AT1G30210_A_thaliana_Col-0_DAPi711E03-ORGi5005-96P166	Arabidopsis_thaliana	https://ftp.sra.ebi.ac.uk/vol1/fastq/SRR312/009/SRR31238609/SRR31238609_1.fastq.gz	https://ftp.sra.ebi.ac.uk/vol1/fastq/SRR312/009/SRR31238609/SRR31238609_2.fastq.gz	Control_TF_DNA_A_thaliana_Col-0_DAPi712H12-ORGi5005-96P155-repool	TAIR10.fa.gz
AT1G32150_A_thaliana_Col-0_DAPi712G03-ORGi5005-96P155	Arabidopsis_thaliana	https://ftp.sra.ebi.ac.uk/vol1/fastq/SRR312/011/SRR31239111/SRR31239111_1.fastq.gz	https://ftp.sra.ebi.ac.uk/vol1/fastq/SRR312/011/SRR31239111/SRR31239111_2.fastq.gz	Control_TF_DNA_A_thaliana_Col-0_DAPi712H12-ORGi5005-96P155-repool	TAIR10.fa.gz
AT1G33240_A_thaliana_Col-0_DAPi709F03-ORGi5005-96P203	Arabidopsis_thaliana	https://ftp.sra.ebi.ac.uk/vol1/fastq/SRR312/099/SRR31238899/SRR31238899_1.fastq.gz	https://ftp.sra.ebi.ac.uk/vol1/fastq/SRR312/099/SRR31238899/SRR31238899_2.fastq.gz	Control_TF_DNA_A_thaliana_Col-0_DAPi712H12-ORGi5005-96P155-repool	TAIR10.fa.gz
AT1G33240_A_thaliana_Col-0_DAPi709F03-ORGi5005-96P206	Arabidopsis_thaliana	https://ftp.sra.ebi.ac.uk/vol1/fastq/SRR312/000/SRR31238900/SRR31238900_1.fastq.gz	https://ftp.sra.ebi.ac.uk/vol1/fastq/SRR312/000/SRR31238900/SRR31238900_2.fastq.gz	Control_TF_DNA_A_thaliana_Col-0_DAPi712H12-ORGi5005-96P155-repool	TAIR10.fa.gz
AT1G33240_A_thaliana_Col-0_DAPi711C10-ORGi5005-96P166	Arabidopsis_thaliana	https://ftp.sra.ebi.ac.uk/vol1/fastq/SRR312/040/SRR31238840/SRR31238840_1.fastq.gz	https://ftp.sra.ebi.ac.uk/vol1/fastq/SRR312/040/SRR31238840/SRR31238840_2.fastq.gz	Control_TF_DNA_A_thaliana_Col-0_DAPi712H12-ORGi5005-96P155-repool	TAIR10.fa.gz
AT1G33240_A_thaliana_Col-0_DAPi712F03-ORGi5005-96P220	Arabidopsis_thaliana	https://ftp.sra.ebi.ac.uk/vol1/fastq/SRR312/026/SRR31239026/SRR31239026_1.fastq.gz	https://ftp.sra.ebi.ac.uk/vol1/fastq/SRR312/026/SRR31239026/SRR31239026_2.fastq.gz	Control_TF_DNA_A_thaliana_Col-0_DAPi712H12-ORGi5005-96P155-repool	TAIR10.fa.gz
AT1G34370_A_thaliana_Col-0_DAPi709H09-ORGi5005-96P206	Arabidopsis_thaliana	https://ftp.sra.ebi.ac.uk/vol1/fastq/SRR312/035/SRR31238835/SRR31238835_1.fastq.gz	https://ftp.sra.ebi.ac.uk/vol1/fastq/SRR312/035/SRR31238835/SRR31238835_2.fastq.gz	Control_TF_DNA_A_thaliana_Col-0_DAPi712H12-ORGi5005-96P155-repool	TAIR10.fa.gz
AT1G34670_A_thaliana_Col-0_DAPi710G09-ORGi5005-96P151	Arabidopsis_thaliana	https://ftp.sra.ebi.ac.uk/vol1/fastq/SRR312/075/SRR31239175/SRR31239175_1.fastq.gz	https://ftp.sra.ebi.ac.uk/vol1/fastq/SRR312/075/SRR31239175/SRR31239175_2.fastq.gz	Control_TF_DNA_A_thaliana_Col-0_DAPi712H12-ORGi5005-96P155-repool	TAIR10.fa.gz
AT1G36060_A_thaliana_Col-0_DAPi709D02-ORGi5005-96P169	Arabidopsis_thaliana	https://ftp.sra.ebi.ac.uk/vol1/fastq/SRR312/084/SRR31238584/SRR31238584_1.fastq.gz	https://ftp.sra.ebi.ac.uk/vol1/fastq/SRR312/084/SRR31238584/SRR31238584_2.fastq.gz	Control_TF_DNA_A_thaliana_Col-0_DAPi712H12-ORGi5005-96P155-repool	TAIR10.fa.gz
AT1G43700_A_thaliana_Col-0_DAPi712C11-ORGi5005-96P155	Arabidopsis_thaliana	https://ftp.sra.ebi.ac.uk/vol1/fastq/SRR312/063/SRR31238463/SRR31238463_1.fastq.gz	https://ftp.sra.ebi.ac.uk/vol1/fastq/SRR312/063/SRR31238463/SRR31238463_2.fastq.gz	Control_TF_DNA_A_thaliana_Col-0_DAPi712H12-ORGi5005-96P155-repool	TAIR10.fa.gz
AT1G46768_A_thaliana_Col-0_DAPi709G04-ORGi5005-96P203	Arabidopsis_thaliana	https://ftp.sra.ebi.ac.uk/vol1/fastq/SRR312/031/SRR31239131/SRR31239131_1.fastq.gz	https://ftp.sra.ebi.ac.uk/vol1/fastq/SRR312/031/SRR31239131/SRR31239131_2.fastq.gz	Control_TF_DNA_A_thaliana_Col-0_DAPi712H12-ORGi5005-96P155-repool	TAIR10.fa.gz
AT1G46768_A_thaliana_Col-0_DAPi709G04-ORGi5005-96P206	Arabidopsis_thaliana	https://ftp.sra.ebi.ac.uk/vol1/fastq/SRR312/087/SRR31239187/SRR31239187_1.fastq.gz	https://ftp.sra.ebi.ac.uk/vol1/fastq/SRR312/087/SRR31239187/SRR31239187_2.fastq.gz	Control_TF_DNA_A_thaliana_Col-0_DAPi712H12-ORGi5005-96P155-repool	TAIR10.fa.gz
AT1G46768_A_thaliana_Col-0_DAPi709H03-ORGi5005-96P169	Arabidopsis_thaliana	https://ftp.sra.ebi.ac.uk/vol1/fastq/SRR312/065/SRR31239065/SRR31239065_1.fastq.gz	https://ftp.sra.ebi.ac.uk/vol1/fastq/SRR312/065/SRR31239065/SRR31239065_2.fastq.gz	Control_TF_DNA_A_thaliana_Col-0_DAPi712H12-ORGi5005-96P155-repool	TAIR10.fa.gz
AT1G46768_A_thaliana_Col-0_DAPi712G04-ORGi5005-96P220	Arabidopsis_thaliana	https://ftp.sra.ebi.ac.uk/vol1/fastq/SRR312/098/SRR31238798/SRR31238798_1.fastq.gz	https://ftp.sra.ebi.ac.uk/vol1/fastq/SRR312/098/SRR31238798/SRR31238798_2.fastq.gz	Control_TF_DNA_A_thaliana_Col-0_DAPi712H12-ORGi5005-96P155-repool	TAIR10.fa.gz
AT1G47655_A_thaliana_Col-0_DAPi710D05-ORGi5005-96P151	Arabidopsis_thaliana	https://ftp.sra.ebi.ac.uk/vol1/fastq/SRR312/060/SRR31238760/SRR31238760_1.fastq.gz	https://ftp.sra.ebi.ac.uk/vol1/fastq/SRR312/060/SRR31238760/SRR31238760_2.fastq.gz	Control_TF_DNA_A_thaliana_Col-0_DAPi712H12-ORGi5005-96P155-repool	TAIR10.fa.gz
AT1G49010_A_thaliana_Col-0_DAPi709F03-ORGi5005-96P169	Arabidopsis_thaliana	https://ftp.sra.ebi.ac.uk/vol1/fastq/SRR312/030/SRR31239130/SRR31239130_1.fastq.gz	https://ftp.sra.ebi.ac.uk/vol1/fastq/SRR312/030/SRR31239130/SRR31239130_2.fastq.gz	Control_TF_DNA_A_thaliana_Col-0_DAPi712H12-ORGi5005-96P155-repool	TAIR10.fa.gz
AT1G49480_A_thaliana_Col-0_DAPi709A04-ORGi5005-96P203	Arabidopsis_thaliana	https://ftp.sra.ebi.ac.uk/vol1/fastq/SRR312/050/SRR31238450/SRR31238450_1.fastq.gz	https://ftp.sra.ebi.ac.uk/vol1/fastq/SRR312/050/SRR31238450/SRR31238450_2.fastq.gz	Control_TF_DNA_A_thaliana_Col-0_DAPi712H12-ORGi5005-96P155-repool	TAIR10.fa.gz
AT1G49480_A_thaliana_Col-0_DAPi709A04-ORGi5005-96P206	Arabidopsis_thaliana	https://ftp.sra.ebi.ac.uk/vol1/fastq/SRR312/051/SRR31238451/SRR31238451_1.fastq.gz	https://ftp.sra.ebi.ac.uk/vol1/fastq/SRR312/051/SRR31238451/SRR31238451_2.fastq.gz	Control_TF_DNA_A_thaliana_Col-0_DAPi712H12-ORGi5005-96P155-repool	TAIR10.fa.gz
AT1G49480_A_thaliana_Col-0_DAPi711D12-ORGi5005-96P166	Arabidopsis_thaliana	https://ftp.sra.ebi.ac.uk/vol1/fastq/SRR312/005/SRR31238905/SRR31238905_1.fastq.gz	https://ftp.sra.ebi.ac.uk/vol1/fastq/SRR312/005/SRR31238905/SRR31238905_2.fastq.gz	Control_TF_DNA_A_thaliana_Col-0_DAPi712H12-ORGi5005-96P155-repool	TAIR10.fa.gz
AT1G49480_A_thaliana_Col-0_DAPi712A04-ORGi5005-96P220	Arabidopsis_thaliana	https://ftp.sra.ebi.ac.uk/vol1/fastq/SRR312/055/SRR31238655/SRR31238655_1.fastq.gz	https://ftp.sra.ebi.ac.uk/vol1/fastq/SRR312/055/SRR31238655/SRR31238655_2.fastq.gz	Control_TF_DNA_A_thaliana_Col-0_DAPi712H12-ORGi5005-96P155-repool	TAIR10.fa.gz
AT1G50640_A_thaliana_Col-0_DAPi709G04-ORGi5005-96P169	Arabidopsis_thaliana	https://ftp.sra.ebi.ac.uk/vol1/fastq/SRR312/066/SRR31239066/SRR31239066_1.fastq.gz	https://ftp.sra.ebi.ac.uk/vol1/fastq/SRR312/066/SRR31239066/SRR31239066_2.fastq.gz	Control_TF_DNA_A_thaliana_Col-0_DAPi712H12-ORGi5005-96P155-repool	TAIR10.fa.gz
AT1G51220_A_thaliana_Col-0_DAPi709G12-ORGi5005-96P169	Arabidopsis_thaliana	https://ftp.sra.ebi.ac.uk/vol1/fastq/SRR312/013/SRR31238613/SRR31238613_1.fastq.gz	https://ftp.sra.ebi.ac.uk/vol1/fastq/SRR312/013/SRR31238613/SRR31238613_2.fastq.gz	Control_TF_DNA_A_thaliana_Col-0_DAPi712H12-ORGi5005-96P155-repool	TAIR10.fa.gz
AT1G52880_A_thaliana_Col-0_DAPi709E12-ORGi5005-96P203	Arabidopsis_thaliana	https://ftp.sra.ebi.ac.uk/vol1/fastq/SRR312/030/SRR31238630/SRR31238630_1.fastq.gz	https://ftp.sra.ebi.ac.uk/vol1/fastq/SRR312/030/SRR31238630/SRR31238630_2.fastq.gz	Control_TF_DNA_A_thaliana_Col-0_DAPi712H12-ORGi5005-96P155-repool	TAIR10.fa.gz
AT1G52880_A_thaliana_Col-0_DAPi712B12-ORGi5005-96P155	Arabidopsis_thaliana	https://ftp.sra.ebi.ac.uk/vol1/fastq/SRR312/055/SRR31239055/SRR31239055_1.fastq.gz	https://ftp.sra.ebi.ac.uk/vol1/fastq/SRR312/055/SRR31239055/SRR31239055_2.fastq.gz	Control_TF_DNA_A_thaliana_Col-0_DAPi712H12-ORGi5005-96P155-repool	TAIR10.fa.gz
AT1G52880_A_thaliana_Col-0_DAPi712E12-ORGi5005-96P220	Arabidopsis_thaliana	https://ftp.sra.ebi.ac.uk/vol1/fastq/SRR312/034/SRR31239234/SRR31239234_1.fastq.gz	https://ftp.sra.ebi.ac.uk/vol1/fastq/SRR312/034/SRR31239234/SRR31239234_2.fastq.gz	Control_TF_DNA_A_thaliana_Col-0_DAPi712H12-ORGi5005-96P155-repool	TAIR10.fa.gz
AT1G53170_A_thaliana_Col-0_DAPi711H11-ORGi5005-96P166	Arabidopsis_thaliana	https://ftp.sra.ebi.ac.uk/vol1/fastq/SRR312/013/SRR31239013/SRR31239013_1.fastq.gz	https://ftp.sra.ebi.ac.uk/vol1/fastq/SRR312/013/SRR31239013/SRR31239013_2.fastq.gz	Control_TF_DNA_A_thaliana_Col-0_DAPi712H12-ORGi5005-96P155-repool	TAIR10.fa.gz
AT1G53230_A_thaliana_Col-0_DAPi709C08-ORGi5005-96P169	Arabidopsis_thaliana	https://ftp.sra.ebi.ac.uk/vol1/fastq/SRR312/053/SRR31238753/SRR31238753_1.fastq.gz	https://ftp.sra.ebi.ac.uk/vol1/fastq/SRR312/053/SRR31238753/SRR31238753_2.fastq.gz	Control_TF_DNA_A_thaliana_Col-0_DAPi712H12-ORGi5005-96P155-repool	TAIR10.fa.gz
AT1G63030_A_thaliana_Col-0_DAPi710C07-ORGi5005-96P151	Arabidopsis_thaliana	https://ftp.sra.ebi.ac.uk/vol1/fastq/SRR312/024/SRR31238724/SRR31238724_1.fastq.gz	https://ftp.sra.ebi.ac.uk/vol1/fastq/SRR312/024/SRR31238724/SRR31238724_2.fastq.gz	Control_TF_DNA_A_thaliana_Col-0_DAPi712H12-ORGi5005-96P155-repool	TAIR10.fa.gz
AT1G64620_A_thaliana_Col-0_DAPi711C04-ORGi5005-96P166	Arabidopsis_thaliana	https://ftp.sra.ebi.ac.uk/vol1/fastq/SRR312/032/SRR31238732/SRR31238732_1.fastq.gz	https://ftp.sra.ebi.ac.uk/vol1/fastq/SRR312/032/SRR31238732/SRR31238732_2.fastq.gz	Control_TF_DNA_A_thaliana_Col-0_DAPi712H12-ORGi5005-96P155-repool	TAIR10.fa.gz
AT1G68320_A_thaliana_Col-0_DAPi709H11-ORGi5005-96P169	Arabidopsis_thaliana	https://ftp.sra.ebi.ac.uk/vol1/fastq/SRR312/083/SRR31238683/SRR31238683_1.fastq.gz	https://ftp.sra.ebi.ac.uk/vol1/fastq/SRR312/083/SRR31238683/SRR31238683_2.fastq.gz	Control_TF_DNA_A_thaliana_Col-0_DAPi712H12-ORGi5005-96P155-repool	TAIR10.fa.gz
AT1G69180_A_thaliana_Col-0_DAPi709G05-ORGi5005-96P203	Arabidopsis_thaliana	https://ftp.sra.ebi.ac.uk/vol1/fastq/SRR312/084/SRR31239084/SRR31239084_1.fastq.gz	https://ftp.sra.ebi.ac.uk/vol1/fastq/SRR312/084/SRR31239084/SRR31239084_2.fastq.gz	Control_TF_DNA_A_thaliana_Col-0_DAPi712H12-ORGi5005-96P155-repool	TAIR10.fa.gz
AT1G69180_A_thaliana_Col-0_DAPi709G05-ORGi5005-96P206	Arabidopsis_thaliana	https://ftp.sra.ebi.ac.uk/vol1/fastq/SRR312/083/SRR31239083/SRR31239083_1.fastq.gz	https://ftp.sra.ebi.ac.uk/vol1/fastq/SRR312/083/SRR31239083/SRR31239083_2.fastq.gz	Control_TF_DNA_A_thaliana_Col-0_DAPi712H12-ORGi5005-96P155-repool	TAIR10.fa.gz
AT1G69180_A_thaliana_Col-0_DAPi709G09-ORGi5005-96P169	Arabidopsis_thaliana	https://ftp.sra.ebi.ac.uk/vol1/fastq/SRR312/014/SRR31238414/SRR31238414_1.fastq.gz	https://ftp.sra.ebi.ac.uk/vol1/fastq/SRR312/014/SRR31238414/SRR31238414_2.fastq.gz	Control_TF_DNA_A_thaliana_Col-0_DAPi712H12-ORGi5005-96P155-repool	TAIR10.fa.gz
AT1G69180_A_thaliana_Col-0_DAPi712G05-ORGi5005-96P220	Arabidopsis_thaliana	https://ftp.sra.ebi.ac.uk/vol1/fastq/SRR312/063/SRR31238863/SRR31238863_1.fastq.gz	https://ftp.sra.ebi.ac.uk/vol1/fastq/SRR312/063/SRR31238863/SRR31238863_2.fastq.gz	Control_TF_DNA_A_thaliana_Col-0_DAPi712H12-ORGi5005-96P155-repool	TAIR10.fa.gz
AT1G69490_A_thaliana_Col-0_DAPi712A09-ORGi5005-96P155	Arabidopsis_thaliana	https://ftp.sra.ebi.ac.uk/vol1/fastq/SRR312/054/SRR31238854/SRR31238854_1.fastq.gz	https://ftp.sra.ebi.ac.uk/vol1/fastq/SRR312/054/SRR31238854/SRR31238854_2.fastq.gz	Control_TF_DNA_A_thaliana_Col-0_DAPi712H12-ORGi5005-96P155-repool	TAIR10.fa.gz
AT1G69570_A_thaliana_Col-0_DAPi710F11-ORGi5005-96P151	Arabidopsis_thaliana	https://ftp.sra.ebi.ac.uk/vol1/fastq/SRR312/073/SRR31238673/SRR31238673_1.fastq.gz	https://ftp.sra.ebi.ac.uk/vol1/fastq/SRR312/073/SRR31238673/SRR31238673_2.fastq.gz	Control_TF_DNA_A_thaliana_Col-0_DAPi712H12-ORGi5005-96P155-repool	TAIR10.fa.gz
AT1G69690_A_thaliana_Col-0_DAPi709C02-ORGi5005-96P203	Arabidopsis_thaliana	https://ftp.sra.ebi.ac.uk/vol1/fastq/SRR312/057/SRR31238957/SRR31238957_1.fastq.gz	https://ftp.sra.ebi.ac.uk/vol1/fastq/SRR312/057/SRR31238957/SRR31238957_2.fastq.gz	Control_TF_DNA_A_thaliana_Col-0_DAPi712H12-ORGi5005-96P155-repool	TAIR10.fa.gz
AT1G69690_A_thaliana_Col-0_DAPi709C02-ORGi5005-96P206	Arabidopsis_thaliana	https://ftp.sra.ebi.ac.uk/vol1/fastq/SRR312/059/SRR31238959/SRR31238959_1.fastq.gz	https://ftp.sra.ebi.ac.uk/vol1/fastq/SRR312/059/SRR31238959/SRR31238959_2.fastq.gz	Control_TF_DNA_A_thaliana_Col-0_DAPi712H12-ORGi5005-96P155-repool	TAIR10.fa.gz
AT1G69690_A_thaliana_Col-0_DAPi711G05-ORGi5005-96P166	Arabidopsis_thaliana	https://ftp.sra.ebi.ac.uk/vol1/fastq/SRR312/083/SRR31238983/SRR31238983_1.fastq.gz	https://ftp.sra.ebi.ac.uk/vol1/fastq/SRR312/083/SRR31238983/SRR31238983_2.fastq.gz	Control_TF_DNA_A_thaliana_Col-0_DAPi712H12-ORGi5005-96P155-repool	TAIR10.fa.gz
AT1G69690_A_thaliana_Col-0_DAPi712C02-ORGi5005-96P220	Arabidopsis_thaliana	https://ftp.sra.ebi.ac.uk/vol1/fastq/SRR312/043/SRR31238543/SRR31238543_1.fastq.gz	https://ftp.sra.ebi.ac.uk/vol1/fastq/SRR312/043/SRR31238543/SRR31238543_2.fastq.gz	Control_TF_DNA_A_thaliana_Col-0_DAPi712H12-ORGi5005-96P155-repool	TAIR10.fa.gz
AT1G69780_A_thaliana_Col-0_DAPi709A03-ORGi5005-96P203	Arabidopsis_thaliana	https://ftp.sra.ebi.ac.uk/vol1/fastq/SRR312/075/SRR31239075/SRR31239075_1.fastq.gz	https://ftp.sra.ebi.ac.uk/vol1/fastq/SRR312/075/SRR31239075/SRR31239075_2.fastq.gz	Control_TF_DNA_A_thaliana_Col-0_DAPi712H12-ORGi5005-96P155-repool	TAIR10.fa.gz
AT1G69780_A_thaliana_Col-0_DAPi709A03-ORGi5005-96P206	Arabidopsis_thaliana	https://ftp.sra.ebi.ac.uk/vol1/fastq/SRR312/074/SRR31239074/SRR31239074_1.fastq.gz	https://ftp.sra.ebi.ac.uk/vol1/fastq/SRR312/074/SRR31239074/SRR31239074_2.fastq.gz	Control_TF_DNA_A_thaliana_Col-0_DAPi712H12-ORGi5005-96P155-repool	TAIR10.fa.gz
AT1G69780_A_thaliana_Col-0_DAPi711G07-ORGi5005-96P166	Arabidopsis_thaliana	https://ftp.sra.ebi.ac.uk/vol1/fastq/SRR312/066/SRR31239266/SRR31239266_1.fastq.gz	https://ftp.sra.ebi.ac.uk/vol1/fastq/SRR312/066/SRR31239266/SRR31239266_2.fastq.gz	Control_TF_DNA_A_thaliana_Col-0_DAPi712H12-ORGi5005-96P155-repool	TAIR10.fa.gz
AT1G69780_A_thaliana_Col-0_DAPi712A03-ORGi5005-96P220	Arabidopsis_thaliana	https://ftp.sra.ebi.ac.uk/vol1/fastq/SRR312/055/SRR31238455/SRR31238455_1.fastq.gz	https://ftp.sra.ebi.ac.uk/vol1/fastq/SRR312/055/SRR31238455/SRR31238455_2.fastq.gz	Control_TF_DNA_A_thaliana_Col-0_DAPi712H12-ORGi5005-96P155-repool	TAIR10.fa.gz
AT1G71450_A_thaliana_Col-0_DAPi709G11-ORGi5005-96P169	Arabidopsis_thaliana	https://ftp.sra.ebi.ac.uk/vol1/fastq/SRR312/031/SRR31238531/SRR31238531_1.fastq.gz	https://ftp.sra.ebi.ac.uk/vol1/fastq/SRR312/031/SRR31238531/SRR31238531_2.fastq.gz	Control_TF_DNA_A_thaliana_Col-0_DAPi712H12-ORGi5005-96P155-repool	TAIR10.fa.gz
AT1G72010_A_thaliana_Col-0_DAPi711H03-ORGi5005-96P166	Arabidopsis_thaliana	https://ftp.sra.ebi.ac.uk/vol1/fastq/SRR312/032/SRR31239232/SRR31239232_1.fastq.gz	https://ftp.sra.ebi.ac.uk/vol1/fastq/SRR312/032/SRR31239232/SRR31239232_2.fastq.gz	Control_TF_DNA_A_thaliana_Col-0_DAPi712H12-ORGi5005-96P155-repool	TAIR10.fa.gz
AT1G72740_A_thaliana_Col-0_DAPi709G09-ORGi5005-96P203	Arabidopsis_thaliana	https://ftp.sra.ebi.ac.uk/vol1/fastq/SRR312/076/SRR31238676/SRR31238676_1.fastq.gz	https://ftp.sra.ebi.ac.uk/vol1/fastq/SRR312/076/SRR31238676/SRR31238676_2.fastq.gz	Control_TF_DNA_A_thaliana_Col-0_DAPi712H12-ORGi5005-96P155-repool	TAIR10.fa.gz
AT1G72740_A_thaliana_Col-0_DAPi709G09-ORGi5005-96P206	Arabidopsis_thaliana	https://ftp.sra.ebi.ac.uk/vol1/fastq/SRR312/078/SRR31238678/SRR31238678_1.fastq.gz	https://ftp.sra.ebi.ac.uk/vol1/fastq/SRR312/078/SRR31238678/SRR31238678_2.fastq.gz	Control_TF_DNA_A_thaliana_Col-0_DAPi712H12-ORGi5005-96P155-repool	TAIR10.fa.gz
AT1G72740_A_thaliana_Col-0_DAPi710H11-ORGi5005-96P151	Arabidopsis_thaliana	https://ftp.sra.ebi.ac.uk/vol1/fastq/SRR312/054/SRR31238554/SRR31238554_1.fastq.gz	https://ftp.sra.ebi.ac.uk/vol1/fastq/SRR312/054/SRR31238554/SRR31238554_2.fastq.gz	Control_TF_DNA_A_thaliana_Col-0_DAPi712H12-ORGi5005-96P155-repool	TAIR10.fa.gz
AT1G72740_A_thaliana_Col-0_DAPi712G09-ORGi5005-96P220	Arabidopsis_thaliana	https://ftp.sra.ebi.ac.uk/vol1/fastq/SRR312/012/SRR31238912/SRR31238912_1.fastq.gz	https://ftp.sra.ebi.ac.uk/vol1/fastq/SRR312/012/SRR31238912/SRR31238912_2.fastq.gz	Control_TF_DNA_A_thaliana_Col-0_DAPi712H12-ORGi5005-96P155-repool	TAIR10.fa.gz
AT1G74480_A_thaliana_Col-0_DAPi709D07-ORGi5005-96P203	Arabidopsis_thaliana	https://ftp.sra.ebi.ac.uk/vol1/fastq/SRR312/080/SRR31238780/SRR31238780_1.fastq.gz	https://ftp.sra.ebi.ac.uk/vol1/fastq/SRR312/080/SRR31238780/SRR31238780_2.fastq.gz	Control_TF_DNA_A_thaliana_Col-0_DAPi712H12-ORGi5005-96P155-repool	TAIR10.fa.gz
AT1G74480_A_thaliana_Col-0_DAPi709D07-ORGi5005-96P206	Arabidopsis_thaliana	https://ftp.sra.ebi.ac.uk/vol1/fastq/SRR312/079/SRR31238779/SRR31238779_1.fastq.gz	https://ftp.sra.ebi.ac.uk/vol1/fastq/SRR312/079/SRR31238779/SRR31238779_2.fastq.gz	Control_TF_DNA_A_thaliana_Col-0_DAPi712H12-ORGi5005-96P155-repool	TAIR10.fa.gz
AT1G74480_A_thaliana_Col-0_DAPi710H04-ORGi5005-96P151	Arabidopsis_thaliana	https://ftp.sra.ebi.ac.uk/vol1/fastq/SRR312/007/SRR31238607/SRR31238607_1.fastq.gz	https://ftp.sra.ebi.ac.uk/vol1/fastq/SRR312/007/SRR31238607/SRR31238607_2.fastq.gz	Control_TF_DNA_A_thaliana_Col-0_DAPi712H12-ORGi5005-96P155-repool	TAIR10.fa.gz
AT1G74480_A_thaliana_Col-0_DAPi712D07-ORGi5005-96P220	Arabidopsis_thaliana	https://ftp.sra.ebi.ac.uk/vol1/fastq/SRR312/016/SRR31239116/SRR31239116_1.fastq.gz	https://ftp.sra.ebi.ac.uk/vol1/fastq/SRR312/016/SRR31239116/SRR31239116_2.fastq.gz	Control_TF_DNA_A_thaliana_Col-0_DAPi712H12-ORGi5005-96P155-repool	TAIR10.fa.gz
AT1G74650_A_thaliana_Col-0_DAPi710H08-ORGi5005-96P151	Arabidopsis_thaliana	https://ftp.sra.ebi.ac.uk/vol1/fastq/SRR312/042/SRR31238542/SRR31238542_1.fastq.gz	https://ftp.sra.ebi.ac.uk/vol1/fastq/SRR312/042/SRR31238542/SRR31238542_2.fastq.gz	Control_TF_DNA_A_thaliana_Col-0_DAPi712H12-ORGi5005-96P155-repool	TAIR10.fa.gz
AT1G75240_A_thaliana_Col-0_DAPi710C12-ORGi5005-96P151	Arabidopsis_thaliana	https://ftp.sra.ebi.ac.uk/vol1/fastq/SRR312/070/SRR31238870/SRR31238870_1.fastq.gz	https://ftp.sra.ebi.ac.uk/vol1/fastq/SRR312/070/SRR31238870/SRR31238870_2.fastq.gz	Control_TF_DNA_A_thaliana_Col-0_DAPi712H12-ORGi5005-96P155-repool	TAIR10.fa.gz
AT1G75390_A_thaliana_Col-0_DAPi712E08-ORGi5005-96P155	Arabidopsis_thaliana	https://ftp.sra.ebi.ac.uk/vol1/fastq/SRR312/033/SRR31239233/SRR31239233_1.fastq.gz	https://ftp.sra.ebi.ac.uk/vol1/fastq/SRR312/033/SRR31239233/SRR31239233_2.fastq.gz	Control_TF_DNA_A_thaliana_Col-0_DAPi712H12-ORGi5005-96P155-repool	TAIR10.fa.gz
AT1G76420_A_thaliana_Col-0_DAPi709C09-ORGi5005-96P203	Arabidopsis_thaliana	https://ftp.sra.ebi.ac.uk/vol1/fastq/SRR312/015/SRR31238515/SRR31238515_1.fastq.gz	https://ftp.sra.ebi.ac.uk/vol1/fastq/SRR312/015/SRR31238515/SRR31238515_2.fastq.gz	Control_TF_DNA_A_thaliana_Col-0_DAPi712H12-ORGi5005-96P155-repool	TAIR10.fa.gz
AT1G76420_A_thaliana_Col-0_DAPi709C09-ORGi5005-96P206	Arabidopsis_thaliana	https://ftp.sra.ebi.ac.uk/vol1/fastq/SRR312/017/SRR31238517/SRR31238517_1.fastq.gz	https://ftp.sra.ebi.ac.uk/vol1/fastq/SRR312/017/SRR31238517/SRR31238517_2.fastq.gz	Control_TF_DNA_A_thaliana_Col-0_DAPi712H12-ORGi5005-96P155-repool	TAIR10.fa.gz
AT1G76420_A_thaliana_Col-0_DAPi710C10-ORGi5005-96P151	Arabidopsis_thaliana	https://ftp.sra.ebi.ac.uk/vol1/fastq/SRR312/090/SRR31238690/SRR31238690_1.fastq.gz	https://ftp.sra.ebi.ac.uk/vol1/fastq/SRR312/090/SRR31238690/SRR31238690_2.fastq.gz	Control_TF_DNA_A_thaliana_Col-0_DAPi712H12-ORGi5005-96P155-repool	TAIR10.fa.gz
AT1G76420_A_thaliana_Col-0_DAPi712C09-ORGi5005-96P220	Arabidopsis_thaliana	https://ftp.sra.ebi.ac.uk/vol1/fastq/SRR312/090/SRR31238490/SRR31238490_1.fastq.gz	https://ftp.sra.ebi.ac.uk/vol1/fastq/SRR312/090/SRR31238490/SRR31238490_2.fastq.gz	Control_TF_DNA_A_thaliana_Col-0_DAPi712H12-ORGi5005-96P155-repool	TAIR10.fa.gz
AT1G76880_A_thaliana_Col-0_DAPi709F11-ORGi5005-96P203	Arabidopsis_thaliana	https://ftp.sra.ebi.ac.uk/vol1/fastq/SRR312/075/SRR31238875/SRR31238875_1.fastq.gz	https://ftp.sra.ebi.ac.uk/vol1/fastq/SRR312/075/SRR31238875/SRR31238875_2.fastq.gz	Control_TF_DNA_A_thaliana_Col-0_DAPi712H12-ORGi5005-96P155-repool	TAIR10.fa.gz
AT1G76880_A_thaliana_Col-0_DAPi709F11-ORGi5005-96P206	Arabidopsis_thaliana	https://ftp.sra.ebi.ac.uk/vol1/fastq/SRR312/076/SRR31238876/SRR31238876_1.fastq.gz	https://ftp.sra.ebi.ac.uk/vol1/fastq/SRR312/076/SRR31238876/SRR31238876_2.fastq.gz	Control_TF_DNA_A_thaliana_Col-0_DAPi712H12-ORGi5005-96P155-repool	TAIR10.fa.gz
AT1G76880_A_thaliana_Col-0_DAPi712E06-ORGi5005-96P155	Arabidopsis_thaliana	https://ftp.sra.ebi.ac.uk/vol1/fastq/SRR312/000/SRR31239200/SRR31239200_1.fastq.gz	https://ftp.sra.ebi.ac.uk/vol1/fastq/SRR312/000/SRR31239200/SRR31239200_2.fastq.gz	Control_TF_DNA_A_thaliana_Col-0_DAPi712H12-ORGi5005-96P155-repool	TAIR10.fa.gz
AT1G76880_A_thaliana_Col-0_DAPi712F11-ORGi5005-96P220	Arabidopsis_thaliana	https://ftp.sra.ebi.ac.uk/vol1/fastq/SRR312/062/SRR31238562/SRR31238562_1.fastq.gz	https://ftp.sra.ebi.ac.uk/vol1/fastq/SRR312/062/SRR31238562/SRR31238562_2.fastq.gz	Control_TF_DNA_A_thaliana_Col-0_DAPi712H12-ORGi5005-96P155-repool	TAIR10.fa.gz
AT1G77200_A_thaliana_Col-0_DAPi710C05-ORGi5005-96P151	Arabidopsis_thaliana	https://ftp.sra.ebi.ac.uk/vol1/fastq/SRR312/042/SRR31239042/SRR31239042_1.fastq.gz	https://ftp.sra.ebi.ac.uk/vol1/fastq/SRR312/042/SRR31239042/SRR31239042_2.fastq.gz	Control_TF_DNA_A_thaliana_Col-0_DAPi712H12-ORGi5005-96P155-repool	TAIR10.fa.gz
AT1G79180_A_thaliana_Col-0_DAPi709H09-ORGi5005-96P169	Arabidopsis_thaliana	https://ftp.sra.ebi.ac.uk/vol1/fastq/SRR312/055/SRR31238555/SRR31238555_1.fastq.gz	https://ftp.sra.ebi.ac.uk/vol1/fastq/SRR312/055/SRR31238555/SRR31238555_2.fastq.gz	Control_TF_DNA_A_thaliana_Col-0_DAPi712H12-ORGi5005-96P155-repool	TAIR10.fa.gz
AT1G79580_A_thaliana_Col-0_DAPi709B09-ORGi5005-96P203	Arabidopsis_thaliana	https://ftp.sra.ebi.ac.uk/vol1/fastq/SRR312/006/SRR31238406/SRR31238406_1.fastq.gz	https://ftp.sra.ebi.ac.uk/vol1/fastq/SRR312/006/SRR31238406/SRR31238406_2.fastq.gz	Control_TF_DNA_A_thaliana_Col-0_DAPi712H12-ORGi5005-96P155-repool	TAIR10.fa.gz
AT1G79580_A_thaliana_Col-0_DAPi709B09-ORGi5005-96P206	Arabidopsis_thaliana	https://ftp.sra.ebi.ac.uk/vol1/fastq/SRR312/007/SRR31238407/SRR31238407_1.fastq.gz	https://ftp.sra.ebi.ac.uk/vol1/fastq/SRR312/007/SRR31238407/SRR31238407_2.fastq.gz	Control_TF_DNA_A_thaliana_Col-0_DAPi712H12-ORGi5005-96P155-repool	TAIR10.fa.gz
AT1G79580_A_thaliana_Col-0_DAPi710H09-ORGi5005-96P151	Arabidopsis_thaliana	https://ftp.sra.ebi.ac.uk/vol1/fastq/SRR312/072/SRR31238572/SRR31238572_1.fastq.gz	https://ftp.sra.ebi.ac.uk/vol1/fastq/SRR312/072/SRR31238572/SRR31238572_2.fastq.gz	Control_TF_DNA_A_thaliana_Col-0_DAPi712H12-ORGi5005-96P155-repool	TAIR10.fa.gz
AT1G79580_A_thaliana_Col-0_DAPi712B09-ORGi5005-96P220	Arabidopsis_thaliana	https://ftp.sra.ebi.ac.uk/vol1/fastq/SRR312/064/SRR31238564/SRR31238564_1.fastq.gz	https://ftp.sra.ebi.ac.uk/vol1/fastq/SRR312/064/SRR31238564/SRR31238564_2.fastq.gz	Control_TF_DNA_A_thaliana_Col-0_DAPi712H12-ORGi5005-96P155-repool	TAIR10.fa.gz
AT1G80840_A_thaliana_Col-0_DAPi709G03-ORGi5005-96P203	Arabidopsis_thaliana	https://ftp.sra.ebi.ac.uk/vol1/fastq/SRR312/026/SRR31238726/SRR31238726_1.fastq.gz	https://ftp.sra.ebi.ac.uk/vol1/fastq/SRR312/026/SRR31238726/SRR31238726_2.fastq.gz	Control_TF_DNA_A_thaliana_Col-0_DAPi712H12-ORGi5005-96P155-repool	TAIR10.fa.gz
AT1G80840_A_thaliana_Col-0_DAPi709G03-ORGi5005-96P206	Arabidopsis_thaliana	https://ftp.sra.ebi.ac.uk/vol1/fastq/SRR312/027/SRR31238727/SRR31238727_1.fastq.gz	https://ftp.sra.ebi.ac.uk/vol1/fastq/SRR312/027/SRR31238727/SRR31238727_2.fastq.gz	Control_TF_DNA_A_thaliana_Col-0_DAPi712H12-ORGi5005-96P155-repool	TAIR10.fa.gz
AT1G80840_A_thaliana_Col-0_DAPi711A11-ORGi5005-96P166	Arabidopsis_thaliana	https://ftp.sra.ebi.ac.uk/vol1/fastq/SRR312/008/SRR31238508/SRR31238508_1.fastq.gz	https://ftp.sra.ebi.ac.uk/vol1/fastq/SRR312/008/SRR31238508/SRR31238508_2.fastq.gz	Control_TF_DNA_A_thaliana_Col-0_DAPi712H12-ORGi5005-96P155-repool	TAIR10.fa.gz
AT1G80840_A_thaliana_Col-0_DAPi712G03-ORGi5005-96P220	Arabidopsis_thaliana	https://ftp.sra.ebi.ac.uk/vol1/fastq/SRR312/038/SRR31239038/SRR31239038_1.fastq.gz	https://ftp.sra.ebi.ac.uk/vol1/fastq/SRR312/038/SRR31239038/SRR31239038_2.fastq.gz	Control_TF_DNA_A_thaliana_Col-0_DAPi712H12-ORGi5005-96P155-repool	TAIR10.fa.gz
AT2G01060_A_thaliana_Col-0_DAPi709F05-ORGi5005-96P203	Arabidopsis_thaliana	https://ftp.sra.ebi.ac.uk/vol1/fastq/SRR312/029/SRR31238829/SRR31238829_1.fastq.gz	https://ftp.sra.ebi.ac.uk/vol1/fastq/SRR312/029/SRR31238829/SRR31238829_2.fastq.gz	Control_TF_DNA_A_thaliana_Col-0_DAPi712H12-ORGi5005-96P155-repool	TAIR10.fa.gz
AT2G01060_A_thaliana_Col-0_DAPi709F05-ORGi5005-96P206	Arabidopsis_thaliana	https://ftp.sra.ebi.ac.uk/vol1/fastq/SRR312/028/SRR31238828/SRR31238828_1.fastq.gz	https://ftp.sra.ebi.ac.uk/vol1/fastq/SRR312/028/SRR31238828/SRR31238828_2.fastq.gz	Control_TF_DNA_A_thaliana_Col-0_DAPi712H12-ORGi5005-96P155-repool	TAIR10.fa.gz
AT2G01060_A_thaliana_Col-0_DAPi712F05-ORGi5005-96P220	Arabidopsis_thaliana	https://ftp.sra.ebi.ac.uk/vol1/fastq/SRR312/057/SRR31239057/SRR31239057_1.fastq.gz	https://ftp.sra.ebi.ac.uk/vol1/fastq/SRR312/057/SRR31239057/SRR31239057_2.fastq.gz	Control_TF_DNA_A_thaliana_Col-0_DAPi712H12-ORGi5005-96P155-repool	TAIR10.fa.gz
AT2G01930_A_thaliana_Col-0_DAPi709D05-ORGi5005-96P203	Arabidopsis_thaliana	https://ftp.sra.ebi.ac.uk/vol1/fastq/SRR312/006/SRR31238906/SRR31238906_1.fastq.gz	https://ftp.sra.ebi.ac.uk/vol1/fastq/SRR312/006/SRR31238906/SRR31238906_2.fastq.gz	Control_TF_DNA_A_thaliana_Col-0_DAPi712H12-ORGi5005-96P155-repool	TAIR10.fa.gz
AT2G01930_A_thaliana_Col-0_DAPi709D05-ORGi5005-96P206	Arabidopsis_thaliana	https://ftp.sra.ebi.ac.uk/vol1/fastq/SRR312/000/SRR31239000/SRR31239000_1.fastq.gz	https://ftp.sra.ebi.ac.uk/vol1/fastq/SRR312/000/SRR31239000/SRR31239000_2.fastq.gz	Control_TF_DNA_A_thaliana_Col-0_DAPi712H12-ORGi5005-96P155-repool	TAIR10.fa.gz
AT2G01930_A_thaliana_Col-0_DAPi709D06-ORGi5005-96P169	Arabidopsis_thaliana	https://ftp.sra.ebi.ac.uk/vol1/fastq/SRR312/089/SRR31239089/SRR31239089_1.fastq.gz	https://ftp.sra.ebi.ac.uk/vol1/fastq/SRR312/089/SRR31239089/SRR31239089_2.fastq.gz	Control_TF_DNA_A_thaliana_Col-0_DAPi712H12-ORGi5005-96P155-repool	TAIR10.fa.gz
AT2G01930_A_thaliana_Col-0_DAPi712D05-ORGi5005-96P220	Arabidopsis_thaliana	https://ftp.sra.ebi.ac.uk/vol1/fastq/SRR312/038/SRR31238738/SRR31238738_1.fastq.gz	https://ftp.sra.ebi.ac.uk/vol1/fastq/SRR312/038/SRR31238738/SRR31238738_2.fastq.gz	Control_TF_DNA_A_thaliana_Col-0_DAPi712H12-ORGi5005-96P155-repool	TAIR10.fa.gz
AT2G01940_A_thaliana_Col-0_DAPi709G08-ORGi5005-96P203	Arabidopsis_thaliana	https://ftp.sra.ebi.ac.uk/vol1/fastq/SRR312/046/SRR31239046/SRR31239046_1.fastq.gz	https://ftp.sra.ebi.ac.uk/vol1/fastq/SRR312/046/SRR31239046/SRR31239046_2.fastq.gz	Control_TF_DNA_A_thaliana_Col-0_DAPi712H12-ORGi5005-96P155-repool	TAIR10.fa.gz
AT2G01940_A_thaliana_Col-0_DAPi709G08-ORGi5005-96P206	Arabidopsis_thaliana	https://ftp.sra.ebi.ac.uk/vol1/fastq/SRR312/045/SRR31239045/SRR31239045_1.fastq.gz	https://ftp.sra.ebi.ac.uk/vol1/fastq/SRR312/045/SRR31239045/SRR31239045_2.fastq.gz	Control_TF_DNA_A_thaliana_Col-0_DAPi712H12-ORGi5005-96P155-repool	TAIR10.fa.gz
AT2G01940_A_thaliana_Col-0_DAPi710C09-ORGi5005-96P151	Arabidopsis_thaliana	https://ftp.sra.ebi.ac.uk/vol1/fastq/SRR312/082/SRR31238482/SRR31238482_1.fastq.gz	https://ftp.sra.ebi.ac.uk/vol1/fastq/SRR312/082/SRR31238482/SRR31238482_2.fastq.gz	Control_TF_DNA_A_thaliana_Col-0_DAPi712H12-ORGi5005-96P155-repool	TAIR10.fa.gz
AT2G01940_A_thaliana_Col-0_DAPi712G08-ORGi5005-96P220	Arabidopsis_thaliana	https://ftp.sra.ebi.ac.uk/vol1/fastq/SRR312/061/SRR31238761/SRR31238761_1.fastq.gz	https://ftp.sra.ebi.ac.uk/vol1/fastq/SRR312/061/SRR31238761/SRR31238761_2.fastq.gz	Control_TF_DNA_A_thaliana_Col-0_DAPi712H12-ORGi5005-96P155-repool	TAIR10.fa.gz
AT2G02080_A_thaliana_Col-0_DAPi709C03-ORGi5005-96P203	Arabidopsis_thaliana	https://ftp.sra.ebi.ac.uk/vol1/fastq/SRR312/056/SRR31239256/SRR31239256_1.fastq.gz	https://ftp.sra.ebi.ac.uk/vol1/fastq/SRR312/056/SRR31239256/SRR31239256_2.fastq.gz	Control_TF_DNA_A_thaliana_Col-0_DAPi712H12-ORGi5005-96P155-repool	TAIR10.fa.gz
AT2G02080_A_thaliana_Col-0_DAPi709C03-ORGi5005-96P206	Arabidopsis_thaliana	https://ftp.sra.ebi.ac.uk/vol1/fastq/SRR312/057/SRR31239257/SRR31239257_1.fastq.gz	https://ftp.sra.ebi.ac.uk/vol1/fastq/SRR312/057/SRR31239257/SRR31239257_2.fastq.gz	Control_TF_DNA_A_thaliana_Col-0_DAPi712H12-ORGi5005-96P155-repool	TAIR10.fa.gz
AT2G02820_A_thaliana_Col-0_DAPi709F08-ORGi5005-96P203	Arabidopsis_thaliana	https://ftp.sra.ebi.ac.uk/vol1/fastq/SRR312/018/SRR31239218/SRR31239218_1.fastq.gz	https://ftp.sra.ebi.ac.uk/vol1/fastq/SRR312/018/SRR31239218/SRR31239218_2.fastq.gz	Control_TF_DNA_A_thaliana_Col-0_DAPi712H12-ORGi5005-96P155-repool	TAIR10.fa.gz
AT2G02820_A_thaliana_Col-0_DAPi709F08-ORGi5005-96P206	Arabidopsis_thaliana	https://ftp.sra.ebi.ac.uk/vol1/fastq/SRR312/078/SRR31238478/SRR31238478_1.fastq.gz	https://ftp.sra.ebi.ac.uk/vol1/fastq/SRR312/078/SRR31238478/SRR31238478_2.fastq.gz	Control_TF_DNA_A_thaliana_Col-0_DAPi712H12-ORGi5005-96P155-repool	TAIR10.fa.gz
AT2G02820_A_thaliana_Col-0_DAPi710B09-ORGi5005-96P151	Arabidopsis_thaliana	https://ftp.sra.ebi.ac.uk/vol1/fastq/SRR312/087/SRR31238687/SRR31238687_1.fastq.gz	https://ftp.sra.ebi.ac.uk/vol1/fastq/SRR312/087/SRR31238687/SRR31238687_2.fastq.gz	Control_TF_DNA_A_thaliana_Col-0_DAPi712H12-ORGi5005-96P155-repool	TAIR10.fa.gz
AT2G02820_A_thaliana_Col-0_DAPi712F08-ORGi5005-96P220	Arabidopsis_thaliana	https://ftp.sra.ebi.ac.uk/vol1/fastq/SRR312/083/SRR31238883/SRR31238883_1.fastq.gz	https://ftp.sra.ebi.ac.uk/vol1/fastq/SRR312/083/SRR31238883/SRR31238883_2.fastq.gz	Control_TF_DNA_A_thaliana_Col-0_DAPi712H12-ORGi5005-96P155-repool	TAIR10.fa.gz
AT2G03500_A_thaliana_Col-0_DAPi711H07-ORGi5005-96P166	Arabidopsis_thaliana	https://ftp.sra.ebi.ac.uk/vol1/fastq/SRR312/091/SRR31238891/SRR31238891_1.fastq.gz	https://ftp.sra.ebi.ac.uk/vol1/fastq/SRR312/091/SRR31238891/SRR31238891_2.fastq.gz	Control_TF_DNA_A_thaliana_Col-0_DAPi712H12-ORGi5005-96P155-repool	TAIR10.fa.gz
AT2G15740_A_thaliana_Col-0_DAPi710F08-ORGi5005-96P151	Arabidopsis_thaliana	https://ftp.sra.ebi.ac.uk/vol1/fastq/SRR312/099/SRR31238799/SRR31238799_1.fastq.gz	https://ftp.sra.ebi.ac.uk/vol1/fastq/SRR312/099/SRR31238799/SRR31238799_2.fastq.gz	Control_TF_DNA_A_thaliana_Col-0_DAPi712H12-ORGi5005-96P155-repool	TAIR10.fa.gz
AT2G18380_A_thaliana_Col-0_DAPi710H06-ORGi5005-96P151	Arabidopsis_thaliana	https://ftp.sra.ebi.ac.uk/vol1/fastq/SRR312/053/SRR31239153/SRR31239153_1.fastq.gz	https://ftp.sra.ebi.ac.uk/vol1/fastq/SRR312/053/SRR31239153/SRR31239153_2.fastq.gz	Control_TF_DNA_A_thaliana_Col-0_DAPi712H12-ORGi5005-96P155-repool	TAIR10.fa.gz
AT2G18550_A_thaliana_Col-0_DAPi709E07-ORGi5005-96P203	Arabidopsis_thaliana	https://ftp.sra.ebi.ac.uk/vol1/fastq/SRR312/036/SRR31238536/SRR31238536_1.fastq.gz	https://ftp.sra.ebi.ac.uk/vol1/fastq/SRR312/036/SRR31238536/SRR31238536_2.fastq.gz	Control_TF_DNA_A_thaliana_Col-0_DAPi712H12-ORGi5005-96P155-repool	TAIR10.fa.gz
AT2G18550_A_thaliana_Col-0_DAPi709E07-ORGi5005-96P206	Arabidopsis_thaliana	https://ftp.sra.ebi.ac.uk/vol1/fastq/SRR312/037/SRR31238537/SRR31238537_1.fastq.gz	https://ftp.sra.ebi.ac.uk/vol1/fastq/SRR312/037/SRR31238537/SRR31238537_2.fastq.gz	Control_TF_DNA_A_thaliana_Col-0_DAPi712H12-ORGi5005-96P155-repool	TAIR10.fa.gz
AT2G18550_A_thaliana_Col-0_DAPi710E06-ORGi5005-96P151	Arabidopsis_thaliana	https://ftp.sra.ebi.ac.uk/vol1/fastq/SRR312/044/SRR31238444/SRR31238444_1.fastq.gz	https://ftp.sra.ebi.ac.uk/vol1/fastq/SRR312/044/SRR31238444/SRR31238444_2.fastq.gz	Control_TF_DNA_A_thaliana_Col-0_DAPi712H12-ORGi5005-96P155-repool	TAIR10.fa.gz
AT2G18550_A_thaliana_Col-0_DAPi712E07-ORGi5005-96P220	Arabidopsis_thaliana	https://ftp.sra.ebi.ac.uk/vol1/fastq/SRR312/018/SRR31238818/SRR31238818_1.fastq.gz	https://ftp.sra.ebi.ac.uk/vol1/fastq/SRR312/018/SRR31238818/SRR31238818_2.fastq.gz	Control_TF_DNA_A_thaliana_Col-0_DAPi712H12-ORGi5005-96P155-repool	TAIR10.fa.gz
AT2G20400_A_thaliana_Col-0_DAPi709E09-ORGi5005-96P169	Arabidopsis_thaliana	https://ftp.sra.ebi.ac.uk/vol1/fastq/SRR312/012/SRR31238812/SRR31238812_1.fastq.gz	https://ftp.sra.ebi.ac.uk/vol1/fastq/SRR312/012/SRR31238812/SRR31238812_2.fastq.gz	Control_TF_DNA_A_thaliana_Col-0_DAPi712H12-ORGi5005-96P155-repool	TAIR10.fa.gz
AT2G22430_A_thaliana_Col-0_DAPi709H02-ORGi5005-96P203	Arabidopsis_thaliana	https://ftp.sra.ebi.ac.uk/vol1/fastq/SRR312/066/SRR31238666/SRR31238666_1.fastq.gz	https://ftp.sra.ebi.ac.uk/vol1/fastq/SRR312/066/SRR31238666/SRR31238666_2.fastq.gz	Control_TF_DNA_A_thaliana_Col-0_DAPi712H12-ORGi5005-96P155-repool	TAIR10.fa.gz
AT2G22430_A_thaliana_Col-0_DAPi709H02-ORGi5005-96P206	Arabidopsis_thaliana	https://ftp.sra.ebi.ac.uk/vol1/fastq/SRR312/025/SRR31239125/SRR31239125_1.fastq.gz	https://ftp.sra.ebi.ac.uk/vol1/fastq/SRR312/025/SRR31239125/SRR31239125_2.fastq.gz	Control_TF_DNA_A_thaliana_Col-0_DAPi712H12-ORGi5005-96P155-repool	TAIR10.fa.gz
AT2G22430_A_thaliana_Col-0_DAPi711F07-ORGi5005-96P166	Arabidopsis_thaliana	https://ftp.sra.ebi.ac.uk/vol1/fastq/SRR312/020/SRR31239120/SRR31239120_1.fastq.gz	https://ftp.sra.ebi.ac.uk/vol1/fastq/SRR312/020/SRR31239120/SRR31239120_2.fastq.gz	Control_TF_DNA_A_thaliana_Col-0_DAPi712H12-ORGi5005-96P155-repool	TAIR10.fa.gz
AT2G22430_A_thaliana_Col-0_DAPi712H02-ORGi5005-96P220	Arabidopsis_thaliana	https://ftp.sra.ebi.ac.uk/vol1/fastq/SRR312/056/SRR31238456/SRR31238456_1.fastq.gz	https://ftp.sra.ebi.ac.uk/vol1/fastq/SRR312/056/SRR31238456/SRR31238456_2.fastq.gz	Control_TF_DNA_A_thaliana_Col-0_DAPi712H12-ORGi5005-96P155-repool	TAIR10.fa.gz
AT2G23290_A_thaliana_Col-0_DAPi712A02-ORGi5005-96P155	Arabidopsis_thaliana	https://ftp.sra.ebi.ac.uk/vol1/fastq/SRR312/000/SRR31239100/SRR31239100_1.fastq.gz	https://ftp.sra.ebi.ac.uk/vol1/fastq/SRR312/000/SRR31239100/SRR31239100_2.fastq.gz	Control_TF_DNA_A_thaliana_Col-0_DAPi712H12-ORGi5005-96P155-repool	TAIR10.fa.gz
AT2G23320_A_thaliana_Col-0_DAPi711E01-ORGi5005-96P166	Arabidopsis_thaliana	https://ftp.sra.ebi.ac.uk/vol1/fastq/SRR312/065/SRR31238865/SRR31238865_1.fastq.gz	https://ftp.sra.ebi.ac.uk/vol1/fastq/SRR312/065/SRR31238865/SRR31238865_2.fastq.gz	Control_TF_DNA_A_thaliana_Col-0_DAPi712H12-ORGi5005-96P155-repool	TAIR10.fa.gz
AT2G23340_A_thaliana_Col-0_DAPi711E08-ORGi5005-96P166	Arabidopsis_thaliana	https://ftp.sra.ebi.ac.uk/vol1/fastq/SRR312/013/SRR31238413/SRR31238413_1.fastq.gz	https://ftp.sra.ebi.ac.uk/vol1/fastq/SRR312/013/SRR31238413/SRR31238413_2.fastq.gz	Control_TF_DNA_A_thaliana_Col-0_DAPi712H12-ORGi5005-96P155-repool	TAIR10.fa.gz
AT2G24430_A_thaliana_Col-0_DAPi709B10-ORGi5005-96P169	Arabidopsis_thaliana	https://ftp.sra.ebi.ac.uk/vol1/fastq/SRR312/065/SRR31238465/SRR31238465_1.fastq.gz	https://ftp.sra.ebi.ac.uk/vol1/fastq/SRR312/065/SRR31238465/SRR31238465_2.fastq.gz	Control_TF_DNA_A_thaliana_Col-0_DAPi712H12-ORGi5005-96P155-repool	TAIR10.fa.gz
AT2G26960_A_thaliana_Col-0_DAPi710D11-ORGi5005-96P151	Arabidopsis_thaliana	https://ftp.sra.ebi.ac.uk/vol1/fastq/SRR312/069/SRR31238769/SRR31238769_1.fastq.gz	https://ftp.sra.ebi.ac.uk/vol1/fastq/SRR312/069/SRR31238769/SRR31238769_2.fastq.gz	Control_TF_DNA_A_thaliana_Col-0_DAPi712H12-ORGi5005-96P155-repool	TAIR10.fa.gz
AT2G28810_A_thaliana_Col-0_DAPi710A06-ORGi5005-96P151	Arabidopsis_thaliana	https://ftp.sra.ebi.ac.uk/vol1/fastq/SRR312/019/SRR31238619/SRR31238619_1.fastq.gz	https://ftp.sra.ebi.ac.uk/vol1/fastq/SRR312/019/SRR31238619/SRR31238619_2.fastq.gz	Control_TF_DNA_A_thaliana_Col-0_DAPi712H12-ORGi5005-96P155-repool	TAIR10.fa.gz
AT2G30250_A_thaliana_Col-0_DAPi709H03-ORGi5005-96P203	Arabidopsis_thaliana	https://ftp.sra.ebi.ac.uk/vol1/fastq/SRR312/027/SRR31239227/SRR31239227_1.fastq.gz	https://ftp.sra.ebi.ac.uk/vol1/fastq/SRR312/027/SRR31239227/SRR31239227_2.fastq.gz	Control_TF_DNA_A_thaliana_Col-0_DAPi712H12-ORGi5005-96P155-repool	TAIR10.fa.gz
AT2G30250_A_thaliana_Col-0_DAPi709H03-ORGi5005-96P206	Arabidopsis_thaliana	https://ftp.sra.ebi.ac.uk/vol1/fastq/SRR312/026/SRR31239226/SRR31239226_1.fastq.gz	https://ftp.sra.ebi.ac.uk/vol1/fastq/SRR312/026/SRR31239226/SRR31239226_2.fastq.gz	Control_TF_DNA_A_thaliana_Col-0_DAPi712H12-ORGi5005-96P155-repool	TAIR10.fa.gz
AT2G30250_A_thaliana_Col-0_DAPi711B11-ORGi5005-96P166	Arabidopsis_thaliana	https://ftp.sra.ebi.ac.uk/vol1/fastq/SRR312/086/SRR31238586/SRR31238586_1.fastq.gz	https://ftp.sra.ebi.ac.uk/vol1/fastq/SRR312/086/SRR31238586/SRR31238586_2.fastq.gz	Control_TF_DNA_A_thaliana_Col-0_DAPi712H12-ORGi5005-96P155-repool	TAIR10.fa.gz
AT2G30250_A_thaliana_Col-0_DAPi712H03-ORGi5005-96P220	Arabidopsis_thaliana	https://ftp.sra.ebi.ac.uk/vol1/fastq/SRR312/027/SRR31238827/SRR31238827_1.fastq.gz	https://ftp.sra.ebi.ac.uk/vol1/fastq/SRR312/027/SRR31238827/SRR31238827_2.fastq.gz	Control_TF_DNA_A_thaliana_Col-0_DAPi712H12-ORGi5005-96P155-repool	TAIR10.fa.gz
AT2G30340_A_thaliana_Col-0_DAPi709B07-ORGi5005-96P203	Arabidopsis_thaliana	https://ftp.sra.ebi.ac.uk/vol1/fastq/SRR312/096/SRR31238796/SRR31238796_1.fastq.gz	https://ftp.sra.ebi.ac.uk/vol1/fastq/SRR312/096/SRR31238796/SRR31238796_2.fastq.gz	Control_TF_DNA_A_thaliana_Col-0_DAPi712H12-ORGi5005-96P155-repool	TAIR10.fa.gz
AT2G30340_A_thaliana_Col-0_DAPi709B07-ORGi5005-96P206	Arabidopsis_thaliana	https://ftp.sra.ebi.ac.uk/vol1/fastq/SRR312/094/SRR31238794/SRR31238794_1.fastq.gz	https://ftp.sra.ebi.ac.uk/vol1/fastq/SRR312/094/SRR31238794/SRR31238794_2.fastq.gz	Control_TF_DNA_A_thaliana_Col-0_DAPi712H12-ORGi5005-96P155-repool	TAIR10.fa.gz
AT2G30340_A_thaliana_Col-0_DAPi710H03-ORGi5005-96P151	Arabidopsis_thaliana	https://ftp.sra.ebi.ac.uk/vol1/fastq/SRR312/037/SRR31239037/SRR31239037_1.fastq.gz	https://ftp.sra.ebi.ac.uk/vol1/fastq/SRR312/037/SRR31239037/SRR31239037_2.fastq.gz	Control_TF_DNA_A_thaliana_Col-0_DAPi712H12-ORGi5005-96P155-repool	TAIR10.fa.gz
AT2G31230_A_thaliana_Col-0_DAPi711G02-ORGi5005-96P166	Arabidopsis_thaliana	https://ftp.sra.ebi.ac.uk/vol1/fastq/SRR312/015/SRR31239215/SRR31239215_1.fastq.gz	https://ftp.sra.ebi.ac.uk/vol1/fastq/SRR312/015/SRR31239215/SRR31239215_2.fastq.gz	Control_TF_DNA_A_thaliana_Col-0_DAPi712H12-ORGi5005-96P155-repool	TAIR10.fa.gz
AT2G32460_A_thaliana_Col-0_DAPi709G05-ORGi5005-96P169	Arabidopsis_thaliana	https://ftp.sra.ebi.ac.uk/vol1/fastq/SRR312/017/SRR31238717/SRR31238717_1.fastq.gz	https://ftp.sra.ebi.ac.uk/vol1/fastq/SRR312/017/SRR31238717/SRR31238717_2.fastq.gz	Control_TF_DNA_A_thaliana_Col-0_DAPi712H12-ORGi5005-96P155-repool	TAIR10.fa.gz
AT2G33550_A_thaliana_Col-0_DAPi710F01-ORGi5005-96P151	Arabidopsis_thaliana	https://ftp.sra.ebi.ac.uk/vol1/fastq/SRR312/078/SRR31239178/SRR31239178_1.fastq.gz	https://ftp.sra.ebi.ac.uk/vol1/fastq/SRR312/078/SRR31239178/SRR31239178_2.fastq.gz	Control_TF_DNA_A_thaliana_Col-0_DAPi712H12-ORGi5005-96P155-repool	TAIR10.fa.gz
AT2G35530_A_thaliana_Col-0_DAPi712G09-ORGi5005-96P155	Arabidopsis_thaliana	https://ftp.sra.ebi.ac.uk/vol1/fastq/SRR312/070/SRR31239170/SRR31239170_1.fastq.gz	https://ftp.sra.ebi.ac.uk/vol1/fastq/SRR312/070/SRR31239170/SRR31239170_2.fastq.gz	Control_TF_DNA_A_thaliana_Col-0_DAPi712H12-ORGi5005-96P155-repool	TAIR10.fa.gz
AT2G37590_A_thaliana_Col-0_DAPi710E09-ORGi5005-96P151	Arabidopsis_thaliana	https://ftp.sra.ebi.ac.uk/vol1/fastq/SRR312/099/SRR31239199/SRR31239199_1.fastq.gz	https://ftp.sra.ebi.ac.uk/vol1/fastq/SRR312/099/SRR31239199/SRR31239199_2.fastq.gz	Control_TF_DNA_A_thaliana_Col-0_DAPi712H12-ORGi5005-96P155-repool	TAIR10.fa.gz
AT2G40260_A_thaliana_Col-0_DAPi709C12-ORGi5005-96P169	Arabidopsis_thaliana	https://ftp.sra.ebi.ac.uk/vol1/fastq/SRR312/053/SRR31238553/SRR31238553_1.fastq.gz	https://ftp.sra.ebi.ac.uk/vol1/fastq/SRR312/053/SRR31238553/SRR31238553_2.fastq.gz	Control_TF_DNA_A_thaliana_Col-0_DAPi712H12-ORGi5005-96P155-repool	TAIR10.fa.gz
AT2G40620_A_thaliana_Col-0_DAPi709B12-ORGi5005-96P203	Arabidopsis_thaliana	https://ftp.sra.ebi.ac.uk/vol1/fastq/SRR312/044/SRR31238844/SRR31238844_1.fastq.gz	https://ftp.sra.ebi.ac.uk/vol1/fastq/SRR312/044/SRR31238844/SRR31238844_2.fastq.gz	Control_TF_DNA_A_thaliana_Col-0_DAPi712H12-ORGi5005-96P155-repool	TAIR10.fa.gz
AT2G40620_A_thaliana_Col-0_DAPi709B12-ORGi5005-96P206	Arabidopsis_thaliana	https://ftp.sra.ebi.ac.uk/vol1/fastq/SRR312/043/SRR31238843/SRR31238843_1.fastq.gz	https://ftp.sra.ebi.ac.uk/vol1/fastq/SRR312/043/SRR31238843/SRR31238843_2.fastq.gz	Control_TF_DNA_A_thaliana_Col-0_DAPi712H12-ORGi5005-96P155-repool	TAIR10.fa.gz
AT2G40620_A_thaliana_Col-0_DAPi712B12-ORGi5005-96P220	Arabidopsis_thaliana	https://ftp.sra.ebi.ac.uk/vol1/fastq/SRR312/049/SRR31238849/SRR31238849_1.fastq.gz	https://ftp.sra.ebi.ac.uk/vol1/fastq/SRR312/049/SRR31238849/SRR31238849_2.fastq.gz	Control_TF_DNA_A_thaliana_Col-0_DAPi712H12-ORGi5005-96P155-repool	TAIR10.fa.gz
AT2G40740_A_thaliana_Col-0_DAPi710C11-ORGi5005-96P151	Arabidopsis_thaliana	https://ftp.sra.ebi.ac.uk/vol1/fastq/SRR312/097/SRR31238397/SRR31238397_1.fastq.gz	https://ftp.sra.ebi.ac.uk/vol1/fastq/SRR312/097/SRR31238397/SRR31238397_2.fastq.gz	Control_TF_DNA_A_thaliana_Col-0_DAPi712H12-ORGi5005-96P155-repool	TAIR10.fa.gz
AT2G42430_A_thaliana_Col-0_DAPi710E01-ORGi5005-96P151	Arabidopsis_thaliana	https://ftp.sra.ebi.ac.uk/vol1/fastq/SRR312/097/SRR31238797/SRR31238797_1.fastq.gz	https://ftp.sra.ebi.ac.uk/vol1/fastq/SRR312/097/SRR31238797/SRR31238797_2.fastq.gz	Control_TF_DNA_A_thaliana_Col-0_DAPi712H12-ORGi5005-96P155-repool	TAIR10.fa.gz
AT2G44940_A_thaliana_Col-0_DAPi709F02-ORGi5005-96P169	Arabidopsis_thaliana	https://ftp.sra.ebi.ac.uk/vol1/fastq/SRR312/092/SRR31238492/SRR31238492_1.fastq.gz	https://ftp.sra.ebi.ac.uk/vol1/fastq/SRR312/092/SRR31238492/SRR31238492_2.fastq.gz	Control_TF_DNA_A_thaliana_Col-0_DAPi712H12-ORGi5005-96P155-repool	TAIR10.fa.gz
AT2G45410_A_thaliana_Col-0_DAPi710B02-ORGi5005-96P151	Arabidopsis_thaliana	https://ftp.sra.ebi.ac.uk/vol1/fastq/SRR312/071/SRR31238671/SRR31238671_1.fastq.gz	https://ftp.sra.ebi.ac.uk/vol1/fastq/SRR312/071/SRR31238671/SRR31238671_2.fastq.gz	Control_TF_DNA_A_thaliana_Col-0_DAPi712H12-ORGi5005-96P155-repool	TAIR10.fa.gz
AT2G45420_A_thaliana_Col-0_DAPi709F06-ORGi5005-96P203	Arabidopsis_thaliana	https://ftp.sra.ebi.ac.uk/vol1/fastq/SRR312/002/SRR31238402/SRR31238402_1.fastq.gz	https://ftp.sra.ebi.ac.uk/vol1/fastq/SRR312/002/SRR31238402/SRR31238402_2.fastq.gz	Control_TF_DNA_A_thaliana_Col-0_DAPi712H12-ORGi5005-96P155-repool	TAIR10.fa.gz
AT2G45420_A_thaliana_Col-0_DAPi709F06-ORGi5005-96P206	Arabidopsis_thaliana	https://ftp.sra.ebi.ac.uk/vol1/fastq/SRR312/004/SRR31238404/SRR31238404_1.fastq.gz	https://ftp.sra.ebi.ac.uk/vol1/fastq/SRR312/004/SRR31238404/SRR31238404_2.fastq.gz	Control_TF_DNA_A_thaliana_Col-0_DAPi712H12-ORGi5005-96P155-repool	TAIR10.fa.gz
AT2G45420_A_thaliana_Col-0_DAPi712F06-ORGi5005-96P220	Arabidopsis_thaliana	https://ftp.sra.ebi.ac.uk/vol1/fastq/SRR312/069/SRR31238569/SRR31238569_1.fastq.gz	https://ftp.sra.ebi.ac.uk/vol1/fastq/SRR312/069/SRR31238569/SRR31238569_2.fastq.gz	Control_TF_DNA_A_thaliana_Col-0_DAPi712H12-ORGi5005-96P155-repool	TAIR10.fa.gz
AT2G45480_A_thaliana_Col-0_DAPi709F09-ORGi5005-96P203	Arabidopsis_thaliana	https://ftp.sra.ebi.ac.uk/vol1/fastq/SRR312/031/SRR31238931/SRR31238931_1.fastq.gz	https://ftp.sra.ebi.ac.uk/vol1/fastq/SRR312/031/SRR31238931/SRR31238931_2.fastq.gz	Control_TF_DNA_A_thaliana_Col-0_DAPi712H12-ORGi5005-96P155-repool	TAIR10.fa.gz
AT2G45480_A_thaliana_Col-0_DAPi709F09-ORGi5005-96P206	Arabidopsis_thaliana	https://ftp.sra.ebi.ac.uk/vol1/fastq/SRR312/030/SRR31238930/SRR31238930_1.fastq.gz	https://ftp.sra.ebi.ac.uk/vol1/fastq/SRR312/030/SRR31238930/SRR31238930_2.fastq.gz	Control_TF_DNA_A_thaliana_Col-0_DAPi712H12-ORGi5005-96P155-repool	TAIR10.fa.gz
AT2G45480_A_thaliana_Col-0_DAPi710G11-ORGi5005-96P151	Arabidopsis_thaliana	https://ftp.sra.ebi.ac.uk/vol1/fastq/SRR312/071/SRR31238571/SRR31238571_1.fastq.gz	https://ftp.sra.ebi.ac.uk/vol1/fastq/SRR312/071/SRR31238571/SRR31238571_2.fastq.gz	Control_TF_DNA_A_thaliana_Col-0_DAPi712H12-ORGi5005-96P155-repool	TAIR10.fa.gz
AT2G45480_A_thaliana_Col-0_DAPi712F09-ORGi5005-96P220	Arabidopsis_thaliana	https://ftp.sra.ebi.ac.uk/vol1/fastq/SRR312/075/SRR31238775/SRR31238775_1.fastq.gz	https://ftp.sra.ebi.ac.uk/vol1/fastq/SRR312/075/SRR31238775/SRR31238775_2.fastq.gz	Control_TF_DNA_A_thaliana_Col-0_DAPi712H12-ORGi5005-96P155-repool	TAIR10.fa.gz
AT2G46270_A_thaliana_Col-0_DAPi709H11-ORGi5005-96P203	Arabidopsis_thaliana	https://ftp.sra.ebi.ac.uk/vol1/fastq/SRR312/068/SRR31238968/SRR31238968_1.fastq.gz	https://ftp.sra.ebi.ac.uk/vol1/fastq/SRR312/068/SRR31238968/SRR31238968_2.fastq.gz	Control_TF_DNA_A_thaliana_Col-0_DAPi712H12-ORGi5005-96P155-repool	TAIR10.fa.gz
AT2G46270_A_thaliana_Col-0_DAPi709H11-ORGi5005-96P206	Arabidopsis_thaliana	https://ftp.sra.ebi.ac.uk/vol1/fastq/SRR312/070/SRR31238970/SRR31238970_1.fastq.gz	https://ftp.sra.ebi.ac.uk/vol1/fastq/SRR312/070/SRR31238970/SRR31238970_2.fastq.gz	Control_TF_DNA_A_thaliana_Col-0_DAPi712H12-ORGi5005-96P155-repool	TAIR10.fa.gz
AT2G46270_A_thaliana_Col-0_DAPi712H11-ORGi5005-96P220	Arabidopsis_thaliana	https://ftp.sra.ebi.ac.uk/vol1/fastq/SRR312/081/SRR31238981/SRR31238981_1.fastq.gz	https://ftp.sra.ebi.ac.uk/vol1/fastq/SRR312/081/SRR31238981/SRR31238981_2.fastq.gz	Control_TF_DNA_A_thaliana_Col-0_DAPi712H12-ORGi5005-96P155-repool	TAIR10.fa.gz
AT2G46590_A_thaliana_Col-0_DAPi711B10-ORGi5005-96P166	Arabidopsis_thaliana	https://ftp.sra.ebi.ac.uk/vol1/fastq/SRR312/037/SRR31238637/SRR31238637_1.fastq.gz	https://ftp.sra.ebi.ac.uk/vol1/fastq/SRR312/037/SRR31238637/SRR31238637_2.fastq.gz	Control_TF_DNA_A_thaliana_Col-0_DAPi712H12-ORGi5005-96P155-repool	TAIR10.fa.gz
AT2G46680_A_thaliana_Col-0_DAPi711E11-ORGi5005-96P166	Arabidopsis_thaliana	https://ftp.sra.ebi.ac.uk/vol1/fastq/SRR312/001/SRR31239101/SRR31239101_1.fastq.gz	https://ftp.sra.ebi.ac.uk/vol1/fastq/SRR312/001/SRR31239101/SRR31239101_2.fastq.gz	Control_TF_DNA_A_thaliana_Col-0_DAPi712H12-ORGi5005-96P155-repool	TAIR10.fa.gz
AT2G46770_A_thaliana_Col-0_DAPi712D10-ORGi5005-96P155	Arabidopsis_thaliana	https://ftp.sra.ebi.ac.uk/vol1/fastq/SRR312/034/SRR31238634/SRR31238634_1.fastq.gz	https://ftp.sra.ebi.ac.uk/vol1/fastq/SRR312/034/SRR31238634/SRR31238634_2.fastq.gz	Control_TF_DNA_A_thaliana_Col-0_DAPi712H12-ORGi5005-96P155-repool	TAIR10.fa.gz
AT2G47070_A_thaliana_Col-0_DAPi709H10-ORGi5005-96P203	Arabidopsis_thaliana	https://ftp.sra.ebi.ac.uk/vol1/fastq/SRR312/034/SRR31238434/SRR31238434_1.fastq.gz	https://ftp.sra.ebi.ac.uk/vol1/fastq/SRR312/034/SRR31238434/SRR31238434_2.fastq.gz	Control_TF_DNA_A_thaliana_Col-0_DAPi712H12-ORGi5005-96P155-repool	TAIR10.fa.gz
AT2G47070_A_thaliana_Col-0_DAPi709H10-ORGi5005-96P206	Arabidopsis_thaliana	https://ftp.sra.ebi.ac.uk/vol1/fastq/SRR312/035/SRR31238435/SRR31238435_1.fastq.gz	https://ftp.sra.ebi.ac.uk/vol1/fastq/SRR312/035/SRR31238435/SRR31238435_2.fastq.gz	Control_TF_DNA_A_thaliana_Col-0_DAPi712H12-ORGi5005-96P155-repool	TAIR10.fa.gz
AT2G47070_A_thaliana_Col-0_DAPi712H04-ORGi5005-96P155	Arabidopsis_thaliana	https://ftp.sra.ebi.ac.uk/vol1/fastq/SRR312/073/SRR31238573/SRR31238573_1.fastq.gz	https://ftp.sra.ebi.ac.uk/vol1/fastq/SRR312/073/SRR31238573/SRR31238573_2.fastq.gz	Control_TF_DNA_A_thaliana_Col-0_DAPi712H12-ORGi5005-96P155-repool	TAIR10.fa.gz
AT2G47070_A_thaliana_Col-0_DAPi712H10-ORGi5005-96P220	Arabidopsis_thaliana	https://ftp.sra.ebi.ac.uk/vol1/fastq/SRR312/083/SRR31238483/SRR31238483_1.fastq.gz	https://ftp.sra.ebi.ac.uk/vol1/fastq/SRR312/083/SRR31238483/SRR31238483_2.fastq.gz	Control_TF_DNA_A_thaliana_Col-0_DAPi712H12-ORGi5005-96P155-repool	TAIR10.fa.gz
AT3G01220_A_thaliana_Col-0_DAPi709F01-ORGi5005-96P169	Arabidopsis_thaliana	https://ftp.sra.ebi.ac.uk/vol1/fastq/SRR312/064/SRR31238464/SRR31238464_1.fastq.gz	https://ftp.sra.ebi.ac.uk/vol1/fastq/SRR312/064/SRR31238464/SRR31238464_2.fastq.gz	Control_TF_DNA_A_thaliana_Col-0_DAPi712H12-ORGi5005-96P155-repool	TAIR10.fa.gz
AT3G01530_A_thaliana_Col-0_DAPi711A05-ORGi5005-96P166	Arabidopsis_thaliana	https://ftp.sra.ebi.ac.uk/vol1/fastq/SRR312/050/SRR31238950/SRR31238950_1.fastq.gz	https://ftp.sra.ebi.ac.uk/vol1/fastq/SRR312/050/SRR31238950/SRR31238950_2.fastq.gz	Control_TF_DNA_A_thaliana_Col-0_DAPi712H12-ORGi5005-96P155-repool	TAIR10.fa.gz
AT3G01970_A_thaliana_Col-0_DAPi709C04-ORGi5005-96P169	Arabidopsis_thaliana	https://ftp.sra.ebi.ac.uk/vol1/fastq/SRR312/093/SRR31238493/SRR31238493_1.fastq.gz	https://ftp.sra.ebi.ac.uk/vol1/fastq/SRR312/093/SRR31238493/SRR31238493_2.fastq.gz	Control_TF_DNA_A_thaliana_Col-0_DAPi712H12-ORGi5005-96P155-repool	TAIR10.fa.gz
AT3G02940_A_thaliana_Col-0_DAPi709C05-ORGi5005-96P169	Arabidopsis_thaliana	https://ftp.sra.ebi.ac.uk/vol1/fastq/SRR312/087/SRR31238987/SRR31238987_1.fastq.gz	https://ftp.sra.ebi.ac.uk/vol1/fastq/SRR312/087/SRR31238987/SRR31238987_2.fastq.gz	Control_TF_DNA_A_thaliana_Col-0_DAPi712H12-ORGi5005-96P155-repool	TAIR10.fa.gz
AT3G02940_A_thaliana_Col-0_DAPi709H04-ORGi5005-96P203	Arabidopsis_thaliana	https://ftp.sra.ebi.ac.uk/vol1/fastq/SRR312/021/SRR31238721/SRR31238721_1.fastq.gz	https://ftp.sra.ebi.ac.uk/vol1/fastq/SRR312/021/SRR31238721/SRR31238721_2.fastq.gz	Control_TF_DNA_A_thaliana_Col-0_DAPi712H12-ORGi5005-96P155-repool	TAIR10.fa.gz
AT3G02940_A_thaliana_Col-0_DAPi709H04-ORGi5005-96P206	Arabidopsis_thaliana	https://ftp.sra.ebi.ac.uk/vol1/fastq/SRR312/020/SRR31238720/SRR31238720_1.fastq.gz	https://ftp.sra.ebi.ac.uk/vol1/fastq/SRR312/020/SRR31238720/SRR31238720_2.fastq.gz	Control_TF_DNA_A_thaliana_Col-0_DAPi712H12-ORGi5005-96P155-repool	TAIR10.fa.gz
AT3G02940_A_thaliana_Col-0_DAPi712H04-ORGi5005-96P220	Arabidopsis_thaliana	https://ftp.sra.ebi.ac.uk/vol1/fastq/SRR312/074/SRR31238874/SRR31238874_1.fastq.gz	https://ftp.sra.ebi.ac.uk/vol1/fastq/SRR312/074/SRR31238874/SRR31238874_2.fastq.gz	Control_TF_DNA_A_thaliana_Col-0_DAPi712H12-ORGi5005-96P155-repool	TAIR10.fa.gz
AT3G03200_A_thaliana_Col-0_DAPi710A10-ORGi5005-96P151	Arabidopsis_thaliana	https://ftp.sra.ebi.ac.uk/vol1/fastq/SRR312/002/SRR31239102/SRR31239102_1.fastq.gz	https://ftp.sra.ebi.ac.uk/vol1/fastq/SRR312/002/SRR31239102/SRR31239102_2.fastq.gz	Control_TF_DNA_A_thaliana_Col-0_DAPi712H12-ORGi5005-96P155-repool	TAIR10.fa.gz
AT3G04030_A_thaliana_Col-0_DAPi711A08-ORGi5005-96P166	Arabidopsis_thaliana	https://ftp.sra.ebi.ac.uk/vol1/fastq/SRR312/077/SRR31238477/SRR31238477_1.fastq.gz	https://ftp.sra.ebi.ac.uk/vol1/fastq/SRR312/077/SRR31238477/SRR31238477_2.fastq.gz	Control_TF_DNA_A_thaliana_Col-0_DAPi712H12-ORGi5005-96P155-repool	TAIR10.fa.gz
AT3G04070_A_thaliana_Col-0_DAPi712B09-ORGi5005-96P155	Arabidopsis_thaliana	https://ftp.sra.ebi.ac.uk/vol1/fastq/SRR312/076/SRR31239076/SRR31239076_1.fastq.gz	https://ftp.sra.ebi.ac.uk/vol1/fastq/SRR312/076/SRR31239076/SRR31239076_2.fastq.gz	Control_TF_DNA_A_thaliana_Col-0_DAPi712H12-ORGi5005-96P155-repool	TAIR10.fa.gz
AT3G08500_A_thaliana_Col-0_DAPi709B05-ORGi5005-96P203	Arabidopsis_thaliana	https://ftp.sra.ebi.ac.uk/vol1/fastq/SRR312/062/SRR31238862/SRR31238862_1.fastq.gz	https://ftp.sra.ebi.ac.uk/vol1/fastq/SRR312/062/SRR31238862/SRR31238862_2.fastq.gz	Control_TF_DNA_A_thaliana_Col-0_DAPi712H12-ORGi5005-96P155-repool	TAIR10.fa.gz
AT3G08500_A_thaliana_Col-0_DAPi709B05-ORGi5005-96P206	Arabidopsis_thaliana	https://ftp.sra.ebi.ac.uk/vol1/fastq/SRR312/061/SRR31238861/SRR31238861_1.fastq.gz	https://ftp.sra.ebi.ac.uk/vol1/fastq/SRR312/061/SRR31238861/SRR31238861_2.fastq.gz	Control_TF_DNA_A_thaliana_Col-0_DAPi712H12-ORGi5005-96P155-repool	TAIR10.fa.gz
AT3G08500_A_thaliana_Col-0_DAPi709F05-ORGi5005-96P169	Arabidopsis_thaliana	https://ftp.sra.ebi.ac.uk/vol1/fastq/SRR312/092/SRR31238992/SRR31238992_1.fastq.gz	https://ftp.sra.ebi.ac.uk/vol1/fastq/SRR312/092/SRR31238992/SRR31238992_2.fastq.gz	Control_TF_DNA_A_thaliana_Col-0_DAPi712H12-ORGi5005-96P155-repool	TAIR10.fa.gz
AT3G08500_A_thaliana_Col-0_DAPi712B05-ORGi5005-96P220	Arabidopsis_thaliana	https://ftp.sra.ebi.ac.uk/vol1/fastq/SRR312/056/SRR31238556/SRR31238556_1.fastq.gz	https://ftp.sra.ebi.ac.uk/vol1/fastq/SRR312/056/SRR31238556/SRR31238556_2.fastq.gz	Control_TF_DNA_A_thaliana_Col-0_DAPi712H12-ORGi5005-96P155-repool	TAIR10.fa.gz
AT3G09600_A_thaliana_Col-0_DAPi709A02-ORGi5005-96P169	Arabidopsis_thaliana	https://ftp.sra.ebi.ac.uk/vol1/fastq/SRR312/049/SRR31238949/SRR31238949_1.fastq.gz	https://ftp.sra.ebi.ac.uk/vol1/fastq/SRR312/049/SRR31238949/SRR31238949_2.fastq.gz	Control_TF_DNA_A_thaliana_Col-0_DAPi712H12-ORGi5005-96P155-repool	TAIR10.fa.gz
AT3G10030_A_thaliana_Col-0_DAPi710G03-ORGi5005-96P151	Arabidopsis_thaliana	https://ftp.sra.ebi.ac.uk/vol1/fastq/SRR312/080/SRR31239080/SRR31239080_1.fastq.gz	https://ftp.sra.ebi.ac.uk/vol1/fastq/SRR312/080/SRR31239080/SRR31239080_2.fastq.gz	Control_TF_DNA_A_thaliana_Col-0_DAPi712H12-ORGi5005-96P155-repool	TAIR10.fa.gz
AT3G10113_A_thaliana_Col-0_DAPi712A04-ORGi5005-96P155	Arabidopsis_thaliana	https://ftp.sra.ebi.ac.uk/vol1/fastq/SRR312/063/SRR31239163/SRR31239163_1.fastq.gz	https://ftp.sra.ebi.ac.uk/vol1/fastq/SRR312/063/SRR31239163/SRR31239163_2.fastq.gz	Control_TF_DNA_A_thaliana_Col-0_DAPi712H12-ORGi5005-96P155-repool	TAIR10.fa.gz
AT3G10580_A_thaliana_Col-0_DAPi710C01-ORGi5005-96P151	Arabidopsis_thaliana	https://ftp.sra.ebi.ac.uk/vol1/fastq/SRR312/020/SRR31238420/SRR31238420_1.fastq.gz	https://ftp.sra.ebi.ac.uk/vol1/fastq/SRR312/020/SRR31238420/SRR31238420_2.fastq.gz	Control_TF_DNA_A_thaliana_Col-0_DAPi712H12-ORGi5005-96P155-repool	TAIR10.fa.gz
AT3G11280_A_thaliana_Col-0_DAPi709C06-ORGi5005-96P169	Arabidopsis_thaliana	https://ftp.sra.ebi.ac.uk/vol1/fastq/SRR312/018/SRR31238918/SRR31238918_1.fastq.gz	https://ftp.sra.ebi.ac.uk/vol1/fastq/SRR312/018/SRR31238918/SRR31238918_2.fastq.gz	Control_TF_DNA_A_thaliana_Col-0_DAPi712H12-ORGi5005-96P155-repool	TAIR10.fa.gz
AT3G12250_A_thaliana_Col-0_DAPi709A07-ORGi5005-96P203	Arabidopsis_thaliana	https://ftp.sra.ebi.ac.uk/vol1/fastq/SRR312/011/SRR31238711/SRR31238711_1.fastq.gz	https://ftp.sra.ebi.ac.uk/vol1/fastq/SRR312/011/SRR31238711/SRR31238711_2.fastq.gz	Control_TF_DNA_A_thaliana_Col-0_DAPi712H12-ORGi5005-96P155-repool	TAIR10.fa.gz
AT3G12250_A_thaliana_Col-0_DAPi709A07-ORGi5005-96P206	Arabidopsis_thaliana	https://ftp.sra.ebi.ac.uk/vol1/fastq/SRR312/088/SRR31239188/SRR31239188_1.fastq.gz	https://ftp.sra.ebi.ac.uk/vol1/fastq/SRR312/088/SRR31239188/SRR31239188_2.fastq.gz	Control_TF_DNA_A_thaliana_Col-0_DAPi712H12-ORGi5005-96P155-repool	TAIR10.fa.gz
AT3G12250_A_thaliana_Col-0_DAPi710E03-ORGi5005-96P151	Arabidopsis_thaliana	https://ftp.sra.ebi.ac.uk/vol1/fastq/SRR312/019/SRR31238719/SRR31238719_1.fastq.gz	https://ftp.sra.ebi.ac.uk/vol1/fastq/SRR312/019/SRR31238719/SRR31238719_2.fastq.gz	Control_TF_DNA_A_thaliana_Col-0_DAPi712H12-ORGi5005-96P155-repool	TAIR10.fa.gz
AT3G12250_A_thaliana_Col-0_DAPi712A07-ORGi5005-96P220	Arabidopsis_thaliana	https://ftp.sra.ebi.ac.uk/vol1/fastq/SRR312/097/SRR31238497/SRR31238497_1.fastq.gz	https://ftp.sra.ebi.ac.uk/vol1/fastq/SRR312/097/SRR31238497/SRR31238497_2.fastq.gz	Control_TF_DNA_A_thaliana_Col-0_DAPi712H12-ORGi5005-96P155-repool	TAIR10.fa.gz
AT3G12730_A_thaliana_Col-0_DAPi711B08-ORGi5005-96P166	Arabidopsis_thaliana	https://ftp.sra.ebi.ac.uk/vol1/fastq/SRR312/079/SRR31238679/SRR31238679_1.fastq.gz	https://ftp.sra.ebi.ac.uk/vol1/fastq/SRR312/079/SRR31238679/SRR31238679_2.fastq.gz	Control_TF_DNA_A_thaliana_Col-0_DAPi712H12-ORGi5005-96P155-repool	TAIR10.fa.gz
AT3G14180_A_thaliana_Col-0_DAPi711D03-ORGi5005-96P166	Arabidopsis_thaliana	https://ftp.sra.ebi.ac.uk/vol1/fastq/SRR312/019/SRR31238519/SRR31238519_1.fastq.gz	https://ftp.sra.ebi.ac.uk/vol1/fastq/SRR312/019/SRR31238519/SRR31238519_2.fastq.gz	Control_TF_DNA_A_thaliana_Col-0_DAPi712H12-ORGi5005-96P155-repool	TAIR10.fa.gz
AT3G15170_A_thaliana_Col-0_DAPi712F10-ORGi5005-96P155	Arabidopsis_thaliana	https://ftp.sra.ebi.ac.uk/vol1/fastq/SRR312/009/SRR31238709/SRR31238709_1.fastq.gz	https://ftp.sra.ebi.ac.uk/vol1/fastq/SRR312/009/SRR31238709/SRR31238709_2.fastq.gz	Control_TF_DNA_A_thaliana_Col-0_DAPi712H12-ORGi5005-96P155-repool	TAIR10.fa.gz
AT3G15210_A_thaliana_Col-0_DAPi711D10-ORGi5005-96P166	Arabidopsis_thaliana	https://ftp.sra.ebi.ac.uk/vol1/fastq/SRR312/051/SRR31238551/SRR31238551_1.fastq.gz	https://ftp.sra.ebi.ac.uk/vol1/fastq/SRR312/051/SRR31238551/SRR31238551_2.fastq.gz	Control_TF_DNA_A_thaliana_Col-0_DAPi712H12-ORGi5005-96P155-repool	TAIR10.fa.gz
AT3G15270_A_thaliana_Col-0_DAPi711F08-ORGi5005-96P166	Arabidopsis_thaliana	https://ftp.sra.ebi.ac.uk/vol1/fastq/SRR312/042/SRR31238442/SRR31238442_1.fastq.gz	https://ftp.sra.ebi.ac.uk/vol1/fastq/SRR312/042/SRR31238442/SRR31238442_2.fastq.gz	Control_TF_DNA_A_thaliana_Col-0_DAPi712H12-ORGi5005-96P155-repool	TAIR10.fa.gz
AT3G15500_A_thaliana_Col-0_DAPi712E09-ORGi5005-96P155	Arabidopsis_thaliana	https://ftp.sra.ebi.ac.uk/vol1/fastq/SRR312/014/SRR31239114/SRR31239114_1.fastq.gz	https://ftp.sra.ebi.ac.uk/vol1/fastq/SRR312/014/SRR31239114/SRR31239114_2.fastq.gz	Control_TF_DNA_A_thaliana_Col-0_DAPi712H12-ORGi5005-96P155-repool	TAIR10.fa.gz
AT3G16280_A_thaliana_Col-0_DAPi709E11-ORGi5005-96P169	Arabidopsis_thaliana	https://ftp.sra.ebi.ac.uk/vol1/fastq/SRR312/079/SRR31238979/SRR31238979_1.fastq.gz	https://ftp.sra.ebi.ac.uk/vol1/fastq/SRR312/079/SRR31238979/SRR31238979_2.fastq.gz	Control_TF_DNA_A_thaliana_Col-0_DAPi712H12-ORGi5005-96P155-repool	TAIR10.fa.gz
AT3G17730_A_thaliana_Col-0_DAPi710C06-ORGi5005-96P151	Arabidopsis_thaliana	https://ftp.sra.ebi.ac.uk/vol1/fastq/SRR312/010/SRR31238910/SRR31238910_1.fastq.gz	https://ftp.sra.ebi.ac.uk/vol1/fastq/SRR312/010/SRR31238910/SRR31238910_2.fastq.gz	Control_TF_DNA_A_thaliana_Col-0_DAPi712H12-ORGi5005-96P155-repool	TAIR10.fa.gz
AT3G18400_A_thaliana_Col-0_DAPi709C10-ORGi5005-96P169	Arabidopsis_thaliana	https://ftp.sra.ebi.ac.uk/vol1/fastq/SRR312/086/SRR31238486/SRR31238486_1.fastq.gz	https://ftp.sra.ebi.ac.uk/vol1/fastq/SRR312/086/SRR31238486/SRR31238486_2.fastq.gz	Control_TF_DNA_A_thaliana_Col-0_DAPi712H12-ORGi5005-96P155-repool	TAIR10.fa.gz
AT3G18990_A_thaliana_Col-0_DAPi709D11-ORGi5005-96P203	Arabidopsis_thaliana	https://ftp.sra.ebi.ac.uk/vol1/fastq/SRR312/096/SRR31238396/SRR31238396_1.fastq.gz	https://ftp.sra.ebi.ac.uk/vol1/fastq/SRR312/096/SRR31238396/SRR31238396_2.fastq.gz	Control_TF_DNA_A_thaliana_Col-0_DAPi712H12-ORGi5005-96P155-repool	TAIR10.fa.gz
AT3G18990_A_thaliana_Col-0_DAPi709D11-ORGi5005-96P206	Arabidopsis_thaliana	https://ftp.sra.ebi.ac.uk/vol1/fastq/SRR312/021/SRR31239021/SRR31239021_1.fastq.gz	https://ftp.sra.ebi.ac.uk/vol1/fastq/SRR312/021/SRR31239021/SRR31239021_2.fastq.gz	Control_TF_DNA_A_thaliana_Col-0_DAPi712H12-ORGi5005-96P155-repool	TAIR10.fa.gz
AT3G18990_A_thaliana_Col-0_DAPi712B06-ORGi5005-96P155	Arabidopsis_thaliana	https://ftp.sra.ebi.ac.uk/vol1/fastq/SRR312/003/SRR31238603/SRR31238603_1.fastq.gz	https://ftp.sra.ebi.ac.uk/vol1/fastq/SRR312/003/SRR31238603/SRR31238603_2.fastq.gz	Control_TF_DNA_A_thaliana_Col-0_DAPi712H12-ORGi5005-96P155-repool	TAIR10.fa.gz
AT3G18990_A_thaliana_Col-0_DAPi712D11-ORGi5005-96P220	Arabidopsis_thaliana	https://ftp.sra.ebi.ac.uk/vol1/fastq/SRR312/023/SRR31239123/SRR31239123_1.fastq.gz	https://ftp.sra.ebi.ac.uk/vol1/fastq/SRR312/023/SRR31239123/SRR31239123_2.fastq.gz	Control_TF_DNA_A_thaliana_Col-0_DAPi712H12-ORGi5005-96P155-repool	TAIR10.fa.gz
AT3G20310_A_thaliana_Col-0_DAPi711F06-ORGi5005-96P166	Arabidopsis_thaliana	https://ftp.sra.ebi.ac.uk/vol1/fastq/SRR312/088/SRR31238988/SRR31238988_1.fastq.gz	https://ftp.sra.ebi.ac.uk/vol1/fastq/SRR312/088/SRR31238988/SRR31238988_2.fastq.gz	Control_TF_DNA_A_thaliana_Col-0_DAPi712H12-ORGi5005-96P155-repool	TAIR10.fa.gz
AT3G20770_A_thaliana_Col-0_DAPi709B11-ORGi5005-96P203	Arabidopsis_thaliana	https://ftp.sra.ebi.ac.uk/vol1/fastq/SRR312/014/SRR31238714/SRR31238714_1.fastq.gz	https://ftp.sra.ebi.ac.uk/vol1/fastq/SRR312/014/SRR31238714/SRR31238714_2.fastq.gz	Control_TF_DNA_A_thaliana_Col-0_DAPi712H12-ORGi5005-96P155-repool	TAIR10.fa.gz
AT3G20770_A_thaliana_Col-0_DAPi709B11-ORGi5005-96P206	Arabidopsis_thaliana	https://ftp.sra.ebi.ac.uk/vol1/fastq/SRR312/013/SRR31238713/SRR31238713_1.fastq.gz	https://ftp.sra.ebi.ac.uk/vol1/fastq/SRR312/013/SRR31238713/SRR31238713_2.fastq.gz	Control_TF_DNA_A_thaliana_Col-0_DAPi712H12-ORGi5005-96P155-repool	TAIR10.fa.gz
AT3G20770_A_thaliana_Col-0_DAPi712D05-ORGi5005-96P155	Arabidopsis_thaliana	https://ftp.sra.ebi.ac.uk/vol1/fastq/SRR312/039/SRR31239139/SRR31239139_1.fastq.gz	https://ftp.sra.ebi.ac.uk/vol1/fastq/SRR312/039/SRR31239139/SRR31239139_2.fastq.gz	Control_TF_DNA_A_thaliana_Col-0_DAPi712H12-ORGi5005-96P155-repool	TAIR10.fa.gz
AT3G22830_A_thaliana_Col-0_DAPi709D01-ORGi5005-96P203	Arabidopsis_thaliana	https://ftp.sra.ebi.ac.uk/vol1/fastq/SRR312/058/SRR31238658/SRR31238658_1.fastq.gz	https://ftp.sra.ebi.ac.uk/vol1/fastq/SRR312/058/SRR31238658/SRR31238658_2.fastq.gz	Control_TF_DNA_A_thaliana_Col-0_DAPi712H12-ORGi5005-96P155-repool	TAIR10.fa.gz
AT3G22830_A_thaliana_Col-0_DAPi709D01-ORGi5005-96P206	Arabidopsis_thaliana	https://ftp.sra.ebi.ac.uk/vol1/fastq/SRR312/057/SRR31238657/SRR31238657_1.fastq.gz	https://ftp.sra.ebi.ac.uk/vol1/fastq/SRR312/057/SRR31238657/SRR31238657_2.fastq.gz	Control_TF_DNA_A_thaliana_Col-0_DAPi712H12-ORGi5005-96P155-repool	TAIR10.fa.gz
AT3G22830_A_thaliana_Col-0_DAPi711G01-ORGi5005-96P166	Arabidopsis_thaliana	https://ftp.sra.ebi.ac.uk/vol1/fastq/SRR312/038/SRR31238438/SRR31238438_1.fastq.gz	https://ftp.sra.ebi.ac.uk/vol1/fastq/SRR312/038/SRR31238438/SRR31238438_2.fastq.gz	Control_TF_DNA_A_thaliana_Col-0_DAPi712H12-ORGi5005-96P155-repool	TAIR10.fa.gz
AT3G24050_A_thaliana_Col-0_DAPi709H10-ORGi5005-96P169	Arabidopsis_thaliana	https://ftp.sra.ebi.ac.uk/vol1/fastq/SRR312/062/SRR31238662/SRR31238662_1.fastq.gz	https://ftp.sra.ebi.ac.uk/vol1/fastq/SRR312/062/SRR31238662/SRR31238662_2.fastq.gz	Control_TF_DNA_A_thaliana_Col-0_DAPi712H12-ORGi5005-96P155-repool	TAIR10.fa.gz
AT3G24120_A_thaliana_Col-0_DAPi711B06-ORGi5005-96P166	Arabidopsis_thaliana	https://ftp.sra.ebi.ac.uk/vol1/fastq/SRR312/067/SRR31238567/SRR31238567_1.fastq.gz	https://ftp.sra.ebi.ac.uk/vol1/fastq/SRR312/067/SRR31238567/SRR31238567_2.fastq.gz	Control_TF_DNA_A_thaliana_Col-0_DAPi712H12-ORGi5005-96P155-repool	TAIR10.fa.gz
AT3G25990_A_thaliana_Col-0_DAPi710H05-ORGi5005-96P151	Arabidopsis_thaliana	https://ftp.sra.ebi.ac.uk/vol1/fastq/SRR312/075/SRR31238475/SRR31238475_1.fastq.gz	https://ftp.sra.ebi.ac.uk/vol1/fastq/SRR312/075/SRR31238475/SRR31238475_2.fastq.gz	Control_TF_DNA_A_thaliana_Col-0_DAPi712H12-ORGi5005-96P155-repool	TAIR10.fa.gz
AT3G27010_A_thaliana_Col-0_DAPi709C02-ORGi5005-96P169	Arabidopsis_thaliana	https://ftp.sra.ebi.ac.uk/vol1/fastq/SRR312/010/SRR31238710/SRR31238710_1.fastq.gz	https://ftp.sra.ebi.ac.uk/vol1/fastq/SRR312/010/SRR31238710/SRR31238710_2.fastq.gz	Control_TF_DNA_A_thaliana_Col-0_DAPi712H12-ORGi5005-96P155-repool	TAIR10.fa.gz
AT3G27010_A_thaliana_Col-0_DAPi709C04-ORGi5005-96P203	Arabidopsis_thaliana	https://ftp.sra.ebi.ac.uk/vol1/fastq/SRR312/036/SRR31239236/SRR31239236_1.fastq.gz	https://ftp.sra.ebi.ac.uk/vol1/fastq/SRR312/036/SRR31239236/SRR31239236_2.fastq.gz	Control_TF_DNA_A_thaliana_Col-0_DAPi712H12-ORGi5005-96P155-repool	TAIR10.fa.gz
AT3G27010_A_thaliana_Col-0_DAPi709C04-ORGi5005-96P206	Arabidopsis_thaliana	https://ftp.sra.ebi.ac.uk/vol1/fastq/SRR312/035/SRR31239235/SRR31239235_1.fastq.gz	https://ftp.sra.ebi.ac.uk/vol1/fastq/SRR312/035/SRR31239235/SRR31239235_2.fastq.gz	Control_TF_DNA_A_thaliana_Col-0_DAPi712H12-ORGi5005-96P155-repool	TAIR10.fa.gz
AT3G27010_A_thaliana_Col-0_DAPi712C04-ORGi5005-96P220	Arabidopsis_thaliana	https://ftp.sra.ebi.ac.uk/vol1/fastq/SRR312/085/SRR31238985/SRR31238985_1.fastq.gz	https://ftp.sra.ebi.ac.uk/vol1/fastq/SRR312/085/SRR31238985/SRR31238985_2.fastq.gz	Control_TF_DNA_A_thaliana_Col-0_DAPi712H12-ORGi5005-96P155-repool	TAIR10.fa.gz
AT3G28920_A_thaliana_Col-0_DAPi709A08-ORGi5005-96P169	Arabidopsis_thaliana	https://ftp.sra.ebi.ac.uk/vol1/fastq/SRR312/005/SRR31239205/SRR31239205_1.fastq.gz	https://ftp.sra.ebi.ac.uk/vol1/fastq/SRR312/005/SRR31239205/SRR31239205_2.fastq.gz	Control_TF_DNA_A_thaliana_Col-0_DAPi712H12-ORGi5005-96P155-repool	TAIR10.fa.gz
AT3G30210_A_thaliana_Col-0_DAPi710C02-ORGi5005-96P151	Arabidopsis_thaliana	https://ftp.sra.ebi.ac.uk/vol1/fastq/SRR312/055/SRR31238955/SRR31238955_1.fastq.gz	https://ftp.sra.ebi.ac.uk/vol1/fastq/SRR312/055/SRR31238955/SRR31238955_2.fastq.gz	Control_TF_DNA_A_thaliana_Col-0_DAPi712H12-ORGi5005-96P155-repool	TAIR10.fa.gz
AT3G46590_A_thaliana_Col-0_DAPi710D06-ORGi5005-96P151	Arabidopsis_thaliana	https://ftp.sra.ebi.ac.uk/vol1/fastq/SRR312/039/SRR31238739/SRR31238739_1.fastq.gz	https://ftp.sra.ebi.ac.uk/vol1/fastq/SRR312/039/SRR31238739/SRR31238739_2.fastq.gz	Control_TF_DNA_A_thaliana_Col-0_DAPi712H12-ORGi5005-96P155-repool	TAIR10.fa.gz
AT3G49530_A_thaliana_Col-0_DAPi712H07-ORGi5005-96P155	Arabidopsis_thaliana	https://ftp.sra.ebi.ac.uk/vol1/fastq/SRR312/014/SRR31238914/SRR31238914_1.fastq.gz	https://ftp.sra.ebi.ac.uk/vol1/fastq/SRR312/014/SRR31238914/SRR31238914_2.fastq.gz	Control_TF_DNA_A_thaliana_Col-0_DAPi712H12-ORGi5005-96P155-repool	TAIR10.fa.gz
AT3G50060_A_thaliana_Col-0_DAPi709G02-ORGi5005-96P203	Arabidopsis_thaliana	https://ftp.sra.ebi.ac.uk/vol1/fastq/SRR312/042/SRR31239242/SRR31239242_1.fastq.gz	https://ftp.sra.ebi.ac.uk/vol1/fastq/SRR312/042/SRR31239242/SRR31239242_2.fastq.gz	Control_TF_DNA_A_thaliana_Col-0_DAPi712H12-ORGi5005-96P155-repool	TAIR10.fa.gz
AT3G50060_A_thaliana_Col-0_DAPi709G02-ORGi5005-96P206	Arabidopsis_thaliana	https://ftp.sra.ebi.ac.uk/vol1/fastq/SRR312/068/SRR31239168/SRR31239168_1.fastq.gz	https://ftp.sra.ebi.ac.uk/vol1/fastq/SRR312/068/SRR31239168/SRR31239168_2.fastq.gz	Control_TF_DNA_A_thaliana_Col-0_DAPi712H12-ORGi5005-96P155-repool	TAIR10.fa.gz
AT3G50060_A_thaliana_Col-0_DAPi711D07-ORGi5005-96P166	Arabidopsis_thaliana	https://ftp.sra.ebi.ac.uk/vol1/fastq/SRR312/047/SRR31238647/SRR31238647_1.fastq.gz	https://ftp.sra.ebi.ac.uk/vol1/fastq/SRR312/047/SRR31238647/SRR31238647_2.fastq.gz	Control_TF_DNA_A_thaliana_Col-0_DAPi712H12-ORGi5005-96P155-repool	TAIR10.fa.gz
AT3G50060_A_thaliana_Col-0_DAPi712G02-ORGi5005-96P220	Arabidopsis_thaliana	https://ftp.sra.ebi.ac.uk/vol1/fastq/SRR312/052/SRR31239252/SRR31239252_1.fastq.gz	https://ftp.sra.ebi.ac.uk/vol1/fastq/SRR312/052/SRR31239252/SRR31239252_2.fastq.gz	Control_TF_DNA_A_thaliana_Col-0_DAPi712H12-ORGi5005-96P155-repool	TAIR10.fa.gz
AT3G50260_A_thaliana_Col-0_DAPi709D02-ORGi5005-96P203	Arabidopsis_thaliana	https://ftp.sra.ebi.ac.uk/vol1/fastq/SRR312/076/SRR31238576/SRR31238576_1.fastq.gz	https://ftp.sra.ebi.ac.uk/vol1/fastq/SRR312/076/SRR31238576/SRR31238576_2.fastq.gz	Control_TF_DNA_A_thaliana_Col-0_DAPi712H12-ORGi5005-96P155-repool	TAIR10.fa.gz
AT3G50260_A_thaliana_Col-0_DAPi709D02-ORGi5005-96P206	Arabidopsis_thaliana	https://ftp.sra.ebi.ac.uk/vol1/fastq/SRR312/077/SRR31238577/SRR31238577_1.fastq.gz	https://ftp.sra.ebi.ac.uk/vol1/fastq/SRR312/077/SRR31238577/SRR31238577_2.fastq.gz	Control_TF_DNA_A_thaliana_Col-0_DAPi712H12-ORGi5005-96P155-repool	TAIR10.fa.gz
AT3G50260_A_thaliana_Col-0_DAPi711D06-ORGi5005-96P166	Arabidopsis_thaliana	https://ftp.sra.ebi.ac.uk/vol1/fastq/SRR312/082/SRR31238882/SRR31238882_1.fastq.gz	https://ftp.sra.ebi.ac.uk/vol1/fastq/SRR312/082/SRR31238882/SRR31238882_2.fastq.gz	Control_TF_DNA_A_thaliana_Col-0_DAPi712H12-ORGi5005-96P155-repool	TAIR10.fa.gz
AT3G50260_A_thaliana_Col-0_DAPi712D02-ORGi5005-96P220	Arabidopsis_thaliana	https://ftp.sra.ebi.ac.uk/vol1/fastq/SRR312/063/SRR31239063/SRR31239063_1.fastq.gz	https://ftp.sra.ebi.ac.uk/vol1/fastq/SRR312/063/SRR31239063/SRR31239063_2.fastq.gz	Control_TF_DNA_A_thaliana_Col-0_DAPi712H12-ORGi5005-96P155-repool	TAIR10.fa.gz
AT3G50410_A_thaliana_Col-0_DAPi709H06-ORGi5005-96P203	Arabidopsis_thaliana	https://ftp.sra.ebi.ac.uk/vol1/fastq/SRR312/025/SRR31239225/SRR31239225_1.fastq.gz	https://ftp.sra.ebi.ac.uk/vol1/fastq/SRR312/025/SRR31239225/SRR31239225_2.fastq.gz	Control_TF_DNA_A_thaliana_Col-0_DAPi712H12-ORGi5005-96P155-repool	TAIR10.fa.gz
AT3G50410_A_thaliana_Col-0_DAPi709H06-ORGi5005-96P206	Arabidopsis_thaliana	https://ftp.sra.ebi.ac.uk/vol1/fastq/SRR312/024/SRR31239224/SRR31239224_1.fastq.gz	https://ftp.sra.ebi.ac.uk/vol1/fastq/SRR312/024/SRR31239224/SRR31239224_2.fastq.gz	Control_TF_DNA_A_thaliana_Col-0_DAPi712H12-ORGi5005-96P155-repool	TAIR10.fa.gz
AT3G50410_A_thaliana_Col-0_DAPi710B03-ORGi5005-96P151	Arabidopsis_thaliana	https://ftp.sra.ebi.ac.uk/vol1/fastq/SRR312/073/SRR31238773/SRR31238773_1.fastq.gz	https://ftp.sra.ebi.ac.uk/vol1/fastq/SRR312/073/SRR31238773/SRR31238773_2.fastq.gz	Control_TF_DNA_A_thaliana_Col-0_DAPi712H12-ORGi5005-96P155-repool	TAIR10.fa.gz
AT3G50410_A_thaliana_Col-0_DAPi712H06-ORGi5005-96P220	Arabidopsis_thaliana	https://ftp.sra.ebi.ac.uk/vol1/fastq/SRR312/084/SRR31238884/SRR31238884_1.fastq.gz	https://ftp.sra.ebi.ac.uk/vol1/fastq/SRR312/084/SRR31238884/SRR31238884_2.fastq.gz	Control_TF_DNA_A_thaliana_Col-0_DAPi712H12-ORGi5005-96P155-repool	TAIR10.fa.gz
AT3G52440_A_thaliana_Col-0_DAPi709B11-ORGi5005-96P169	Arabidopsis_thaliana	https://ftp.sra.ebi.ac.uk/vol1/fastq/SRR312/072/SRR31239172/SRR31239172_1.fastq.gz	https://ftp.sra.ebi.ac.uk/vol1/fastq/SRR312/072/SRR31239172/SRR31239172_2.fastq.gz	Control_TF_DNA_A_thaliana_Col-0_DAPi712H12-ORGi5005-96P155-repool	TAIR10.fa.gz
AT3G55370_A_thaliana_Col-0_DAPi710H10-ORGi5005-96P151	Arabidopsis_thaliana	https://ftp.sra.ebi.ac.uk/vol1/fastq/SRR312/018/SRR31238418/SRR31238418_1.fastq.gz	https://ftp.sra.ebi.ac.uk/vol1/fastq/SRR312/018/SRR31238418/SRR31238418_2.fastq.gz	Control_TF_DNA_A_thaliana_Col-0_DAPi712H12-ORGi5005-96P155-repool	TAIR10.fa.gz
AT3G56400_A_thaliana_Col-0_DAPi709B02-ORGi5005-96P203	Arabidopsis_thaliana	https://ftp.sra.ebi.ac.uk/vol1/fastq/SRR312/065/SRR31238665/SRR31238665_1.fastq.gz	https://ftp.sra.ebi.ac.uk/vol1/fastq/SRR312/065/SRR31238665/SRR31238665_2.fastq.gz	Control_TF_DNA_A_thaliana_Col-0_DAPi712H12-ORGi5005-96P155-repool	TAIR10.fa.gz
AT3G56400_A_thaliana_Col-0_DAPi709B02-ORGi5005-96P206	Arabidopsis_thaliana	https://ftp.sra.ebi.ac.uk/vol1/fastq/SRR312/064/SRR31238664/SRR31238664_1.fastq.gz	https://ftp.sra.ebi.ac.uk/vol1/fastq/SRR312/064/SRR31238664/SRR31238664_2.fastq.gz	Control_TF_DNA_A_thaliana_Col-0_DAPi712H12-ORGi5005-96P155-repool	TAIR10.fa.gz
AT3G56400_A_thaliana_Col-0_DAPi711A04-ORGi5005-96P166	Arabidopsis_thaliana	https://ftp.sra.ebi.ac.uk/vol1/fastq/SRR312/084/SRR31238684/SRR31238684_1.fastq.gz	https://ftp.sra.ebi.ac.uk/vol1/fastq/SRR312/084/SRR31238684/SRR31238684_2.fastq.gz	Control_TF_DNA_A_thaliana_Col-0_DAPi712H12-ORGi5005-96P155-repool	TAIR10.fa.gz
AT3G56400_A_thaliana_Col-0_DAPi712B02-ORGi5005-96P220	Arabidopsis_thaliana	https://ftp.sra.ebi.ac.uk/vol1/fastq/SRR312/049/SRR31238749/SRR31238749_1.fastq.gz	https://ftp.sra.ebi.ac.uk/vol1/fastq/SRR312/049/SRR31238749/SRR31238749_2.fastq.gz	Control_TF_DNA_A_thaliana_Col-0_DAPi712H12-ORGi5005-96P155-repool	TAIR10.fa.gz
AT3G56850_A_thaliana_Col-0_DAPi712D12-ORGi5005-96P155	Arabidopsis_thaliana	https://ftp.sra.ebi.ac.uk/vol1/fastq/SRR312/028/SRR31239228/SRR31239228_1.fastq.gz	https://ftp.sra.ebi.ac.uk/vol1/fastq/SRR312/028/SRR31239228/SRR31239228_2.fastq.gz	Control_TF_DNA_A_thaliana_Col-0_DAPi712H12-ORGi5005-96P155-repool	TAIR10.fa.gz
AT3G57920_A_thaliana_Col-0_DAPi709D06-ORGi5005-96P203	Arabidopsis_thaliana	https://ftp.sra.ebi.ac.uk/vol1/fastq/SRR312/026/SRR31238526/SRR31238526_1.fastq.gz	https://ftp.sra.ebi.ac.uk/vol1/fastq/SRR312/026/SRR31238526/SRR31238526_2.fastq.gz	Control_TF_DNA_A_thaliana_Col-0_DAPi712H12-ORGi5005-96P155-repool	TAIR10.fa.gz
AT3G57920_A_thaliana_Col-0_DAPi709D06-ORGi5005-96P206	Arabidopsis_thaliana	https://ftp.sra.ebi.ac.uk/vol1/fastq/SRR312/025/SRR31238525/SRR31238525_1.fastq.gz	https://ftp.sra.ebi.ac.uk/vol1/fastq/SRR312/025/SRR31238525/SRR31238525_2.fastq.gz	Control_TF_DNA_A_thaliana_Col-0_DAPi712H12-ORGi5005-96P155-repool	TAIR10.fa.gz
AT3G57920_A_thaliana_Col-0_DAPi709E12-ORGi5005-96P169	Arabidopsis_thaliana	https://ftp.sra.ebi.ac.uk/vol1/fastq/SRR312/031/SRR31238831/SRR31238831_1.fastq.gz	https://ftp.sra.ebi.ac.uk/vol1/fastq/SRR312/031/SRR31238831/SRR31238831_2.fastq.gz	Control_TF_DNA_A_thaliana_Col-0_DAPi712H12-ORGi5005-96P155-repool	TAIR10.fa.gz
AT3G57920_A_thaliana_Col-0_DAPi712D06-ORGi5005-96P220	Arabidopsis_thaliana	https://ftp.sra.ebi.ac.uk/vol1/fastq/SRR312/090/SRR31239090/SRR31239090_1.fastq.gz	https://ftp.sra.ebi.ac.uk/vol1/fastq/SRR312/090/SRR31239090/SRR31239090_2.fastq.gz	Control_TF_DNA_A_thaliana_Col-0_DAPi712H12-ORGi5005-96P155-repool	TAIR10.fa.gz
AT3G60490_A_thaliana_Col-0_DAPi710A02-ORGi5005-96P151	Arabidopsis_thaliana	https://ftp.sra.ebi.ac.uk/vol1/fastq/SRR312/093/SRR31239193/SRR31239193_1.fastq.gz	https://ftp.sra.ebi.ac.uk/vol1/fastq/SRR312/093/SRR31239193/SRR31239193_2.fastq.gz	Control_TF_DNA_A_thaliana_Col-0_DAPi712H12-ORGi5005-96P155-repool	TAIR10.fa.gz
AT3G60530_A_thaliana_Col-0_DAPi709E05-ORGi5005-96P203	Arabidopsis_thaliana	https://ftp.sra.ebi.ac.uk/vol1/fastq/SRR312/070/SRR31238470/SRR31238470_1.fastq.gz	https://ftp.sra.ebi.ac.uk/vol1/fastq/SRR312/070/SRR31238470/SRR31238470_2.fastq.gz	Control_TF_DNA_A_thaliana_Col-0_DAPi712H12-ORGi5005-96P155-repool	TAIR10.fa.gz
AT3G60530_A_thaliana_Col-0_DAPi709E05-ORGi5005-96P206	Arabidopsis_thaliana	https://ftp.sra.ebi.ac.uk/vol1/fastq/SRR312/068/SRR31238468/SRR31238468_1.fastq.gz	https://ftp.sra.ebi.ac.uk/vol1/fastq/SRR312/068/SRR31238468/SRR31238468_2.fastq.gz	Control_TF_DNA_A_thaliana_Col-0_DAPi712H12-ORGi5005-96P155-repool	TAIR10.fa.gz
AT3G60530_A_thaliana_Col-0_DAPi712E05-ORGi5005-96P220	Arabidopsis_thaliana	https://ftp.sra.ebi.ac.uk/vol1/fastq/SRR312/066/SRR31239166/SRR31239166_1.fastq.gz	https://ftp.sra.ebi.ac.uk/vol1/fastq/SRR312/066/SRR31239166/SRR31239166_2.fastq.gz	Control_TF_DNA_A_thaliana_Col-0_DAPi712H12-ORGi5005-96P155-repool	TAIR10.fa.gz
AT3G62420_A_thaliana_Col-0_DAPi712C07-ORGi5005-96P155	Arabidopsis_thaliana	https://ftp.sra.ebi.ac.uk/vol1/fastq/SRR312/055/SRR31238855/SRR31238855_1.fastq.gz	https://ftp.sra.ebi.ac.uk/vol1/fastq/SRR312/055/SRR31238855/SRR31238855_2.fastq.gz	Control_TF_DNA_A_thaliana_Col-0_DAPi712H12-ORGi5005-96P155-repool	TAIR10.fa.gz
AT4G00730_A_thaliana_Col-0_DAPi709C11-ORGi5005-96P203	Arabidopsis_thaliana	https://ftp.sra.ebi.ac.uk/vol1/fastq/SRR312/011/SRR31239011/SRR31239011_1.fastq.gz	https://ftp.sra.ebi.ac.uk/vol1/fastq/SRR312/011/SRR31239011/SRR31239011_2.fastq.gz	Control_TF_DNA_A_thaliana_Col-0_DAPi712H12-ORGi5005-96P155-repool	TAIR10.fa.gz
AT4G00730_A_thaliana_Col-0_DAPi709C11-ORGi5005-96P206	Arabidopsis_thaliana	https://ftp.sra.ebi.ac.uk/vol1/fastq/SRR312/010/SRR31239010/SRR31239010_1.fastq.gz	https://ftp.sra.ebi.ac.uk/vol1/fastq/SRR312/010/SRR31239010/SRR31239010_2.fastq.gz	Control_TF_DNA_A_thaliana_Col-0_DAPi712H12-ORGi5005-96P155-repool	TAIR10.fa.gz
AT4G00730_A_thaliana_Col-0_DAPi712C11-ORGi5005-96P220	Arabidopsis_thaliana	https://ftp.sra.ebi.ac.uk/vol1/fastq/SRR312/058/SRR31238558/SRR31238558_1.fastq.gz	https://ftp.sra.ebi.ac.uk/vol1/fastq/SRR312/058/SRR31238558/SRR31238558_2.fastq.gz	Control_TF_DNA_A_thaliana_Col-0_DAPi712H12-ORGi5005-96P155-repool	TAIR10.fa.gz
AT4G00730_A_thaliana_Col-0_DAPi712E05-ORGi5005-96P155	Arabidopsis_thaliana	https://ftp.sra.ebi.ac.uk/vol1/fastq/SRR312/037/SRR31239237/SRR31239237_1.fastq.gz	https://ftp.sra.ebi.ac.uk/vol1/fastq/SRR312/037/SRR31239237/SRR31239237_2.fastq.gz	Control_TF_DNA_A_thaliana_Col-0_DAPi712H12-ORGi5005-96P155-repool	TAIR10.fa.gz
AT4G01250_A_thaliana_Col-0_DAPi711A02-ORGi5005-96P166	Arabidopsis_thaliana	https://ftp.sra.ebi.ac.uk/vol1/fastq/SRR312/081/SRR31238781/SRR31238781_1.fastq.gz	https://ftp.sra.ebi.ac.uk/vol1/fastq/SRR312/081/SRR31238781/SRR31238781_2.fastq.gz	Control_TF_DNA_A_thaliana_Col-0_DAPi712H12-ORGi5005-96P155-repool	TAIR10.fa.gz
AT4G01280_A_thaliana_Col-0_DAPi709E03-ORGi5005-96P169	Arabidopsis_thaliana	https://ftp.sra.ebi.ac.uk/vol1/fastq/SRR312/026/SRR31238426/SRR31238426_1.fastq.gz	https://ftp.sra.ebi.ac.uk/vol1/fastq/SRR312/026/SRR31238426/SRR31238426_2.fastq.gz	Control_TF_DNA_A_thaliana_Col-0_DAPi712H12-ORGi5005-96P155-repool	TAIR10.fa.gz
AT4G01500_A_thaliana_Col-0_DAPi712G02-ORGi5005-96P155	Arabidopsis_thaliana	https://ftp.sra.ebi.ac.uk/vol1/fastq/SRR312/023/SRR31239223/SRR31239223_1.fastq.gz	https://ftp.sra.ebi.ac.uk/vol1/fastq/SRR312/023/SRR31239223/SRR31239223_2.fastq.gz	Control_TF_DNA_A_thaliana_Col-0_DAPi712H12-ORGi5005-96P155-repool	TAIR10.fa.gz
AT4G01550_A_thaliana_Col-0_DAPi710D08-ORGi5005-96P151	Arabidopsis_thaliana	https://ftp.sra.ebi.ac.uk/vol1/fastq/SRR312/043/SRR31238643/SRR31238643_1.fastq.gz	https://ftp.sra.ebi.ac.uk/vol1/fastq/SRR312/043/SRR31238643/SRR31238643_2.fastq.gz	Control_TF_DNA_A_thaliana_Col-0_DAPi712H12-ORGi5005-96P155-repool	TAIR10.fa.gz
AT4G06746_A_thaliana_Col-0_DAPi709E10-ORGi5005-96P169	Arabidopsis_thaliana	https://ftp.sra.ebi.ac.uk/vol1/fastq/SRR312/095/SRR31238695/SRR31238695_1.fastq.gz	https://ftp.sra.ebi.ac.uk/vol1/fastq/SRR312/095/SRR31238695/SRR31238695_2.fastq.gz	Control_TF_DNA_A_thaliana_Col-0_DAPi712H12-ORGi5005-96P155-repool	TAIR10.fa.gz
AT4G10350_A_thaliana_Col-0_DAPi712E11-ORGi5005-96P155	Arabidopsis_thaliana	https://ftp.sra.ebi.ac.uk/vol1/fastq/SRR312/050/SRR31238550/SRR31238550_1.fastq.gz	https://ftp.sra.ebi.ac.uk/vol1/fastq/SRR312/050/SRR31238550/SRR31238550_2.fastq.gz	Control_TF_DNA_A_thaliana_Col-0_DAPi712H12-ORGi5005-96P155-repool	TAIR10.fa.gz
AT4G14770_A_thaliana_Col-0_DAPi709F10-ORGi5005-96P203	Arabidopsis_thaliana	https://ftp.sra.ebi.ac.uk/vol1/fastq/SRR312/047/SRR31239047/SRR31239047_1.fastq.gz	https://ftp.sra.ebi.ac.uk/vol1/fastq/SRR312/047/SRR31239047/SRR31239047_2.fastq.gz	Control_TF_DNA_A_thaliana_Col-0_DAPi712H12-ORGi5005-96P155-repool	TAIR10.fa.gz
AT4G14770_A_thaliana_Col-0_DAPi709F10-ORGi5005-96P206	Arabidopsis_thaliana	https://ftp.sra.ebi.ac.uk/vol1/fastq/SRR312/048/SRR31239048/SRR31239048_1.fastq.gz	https://ftp.sra.ebi.ac.uk/vol1/fastq/SRR312/048/SRR31239048/SRR31239048_2.fastq.gz	Control_TF_DNA_A_thaliana_Col-0_DAPi712H12-ORGi5005-96P155-repool	TAIR10.fa.gz
AT4G14770_A_thaliana_Col-0_DAPi712C04-ORGi5005-96P155	Arabidopsis_thaliana	https://ftp.sra.ebi.ac.uk/vol1/fastq/SRR312/048/SRR31238748/SRR31238748_1.fastq.gz	https://ftp.sra.ebi.ac.uk/vol1/fastq/SRR312/048/SRR31238748/SRR31238748_2.fastq.gz	Control_TF_DNA_A_thaliana_Col-0_DAPi712H12-ORGi5005-96P155-repool	TAIR10.fa.gz
AT4G14770_A_thaliana_Col-0_DAPi712F10-ORGi5005-96P220	Arabidopsis_thaliana	https://ftp.sra.ebi.ac.uk/vol1/fastq/SRR312/024/SRR31238824/SRR31238824_1.fastq.gz	https://ftp.sra.ebi.ac.uk/vol1/fastq/SRR312/024/SRR31238824/SRR31238824_2.fastq.gz	Control_TF_DNA_A_thaliana_Col-0_DAPi712H12-ORGi5005-96P155-repool	TAIR10.fa.gz
AT4G16750_A_thaliana_Col-0_DAPi711E12-ORGi5005-96P166	Arabidopsis_thaliana	https://ftp.sra.ebi.ac.uk/vol1/fastq/SRR312/025/SRR31238725/SRR31238725_1.fastq.gz	https://ftp.sra.ebi.ac.uk/vol1/fastq/SRR312/025/SRR31238725/SRR31238725_2.fastq.gz	Control_TF_DNA_A_thaliana_Col-0_DAPi712H12-ORGi5005-96P155-repool	TAIR10.fa.gz
AT4G17980_A_thaliana_Col-0_DAPi709E10-ORGi5005-96P203	Arabidopsis_thaliana	https://ftp.sra.ebi.ac.uk/vol1/fastq/SRR312/009/SRR31238809/SRR31238809_1.fastq.gz	https://ftp.sra.ebi.ac.uk/vol1/fastq/SRR312/009/SRR31238809/SRR31238809_2.fastq.gz	Control_TF_DNA_A_thaliana_Col-0_DAPi712H12-ORGi5005-96P155-repool	TAIR10.fa.gz
AT4G17980_A_thaliana_Col-0_DAPi709E10-ORGi5005-96P206	Arabidopsis_thaliana	https://ftp.sra.ebi.ac.uk/vol1/fastq/SRR312/010/SRR31238810/SRR31238810_1.fastq.gz	https://ftp.sra.ebi.ac.uk/vol1/fastq/SRR312/010/SRR31238810/SRR31238810_2.fastq.gz	Control_TF_DNA_A_thaliana_Col-0_DAPi712H12-ORGi5005-96P155-repool	TAIR10.fa.gz
AT4G17980_A_thaliana_Col-0_DAPi712D03-ORGi5005-96P155	Arabidopsis_thaliana	https://ftp.sra.ebi.ac.uk/vol1/fastq/SRR312/060/SRR31239260/SRR31239260_1.fastq.gz	https://ftp.sra.ebi.ac.uk/vol1/fastq/SRR312/060/SRR31239260/SRR31239260_2.fastq.gz	Control_TF_DNA_A_thaliana_Col-0_DAPi712H12-ORGi5005-96P155-repool	TAIR10.fa.gz
AT4G17980_A_thaliana_Col-0_DAPi712E10-ORGi5005-96P220	Arabidopsis_thaliana	https://ftp.sra.ebi.ac.uk/vol1/fastq/SRR312/009/SRR31238409/SRR31238409_1.fastq.gz	https://ftp.sra.ebi.ac.uk/vol1/fastq/SRR312/009/SRR31238409/SRR31238409_2.fastq.gz	Control_TF_DNA_A_thaliana_Col-0_DAPi712H12-ORGi5005-96P155-repool	TAIR10.fa.gz
AT4G18450_A_thaliana_Col-0_DAPi712G01-ORGi5005-96P155	Arabidopsis_thaliana	https://ftp.sra.ebi.ac.uk/vol1/fastq/SRR312/040/SRR31238940/SRR31238940_1.fastq.gz	https://ftp.sra.ebi.ac.uk/vol1/fastq/SRR312/040/SRR31238940/SRR31238940_2.fastq.gz	Control_TF_DNA_A_thaliana_Col-0_DAPi712H12-ORGi5005-96P155-repool	TAIR10.fa.gz
AT4G21030_A_thaliana_Col-0_DAPi712E02-ORGi5005-96P155	Arabidopsis_thaliana	https://ftp.sra.ebi.ac.uk/vol1/fastq/SRR312/001/SRR31238701/SRR31238701_1.fastq.gz	https://ftp.sra.ebi.ac.uk/vol1/fastq/SRR312/001/SRR31238701/SRR31238701_2.fastq.gz	Control_TF_DNA_A_thaliana_Col-0_DAPi712H12-ORGi5005-96P155-repool	TAIR10.fa.gz
AT4G21080_A_thaliana_Col-0_DAPi710G07-ORGi5005-96P151	Arabidopsis_thaliana	https://ftp.sra.ebi.ac.uk/vol1/fastq/SRR312/064/SRR31238764/SRR31238764_1.fastq.gz	https://ftp.sra.ebi.ac.uk/vol1/fastq/SRR312/064/SRR31238764/SRR31238764_2.fastq.gz	Control_TF_DNA_A_thaliana_Col-0_DAPi712H12-ORGi5005-96P155-repool	TAIR10.fa.gz
AT4G23550_A_thaliana_Col-0_DAPi709E05-ORGi5005-96P169	Arabidopsis_thaliana	https://ftp.sra.ebi.ac.uk/vol1/fastq/SRR312/007/SRR31239207/SRR31239207_1.fastq.gz	https://ftp.sra.ebi.ac.uk/vol1/fastq/SRR312/007/SRR31239207/SRR31239207_2.fastq.gz	Control_TF_DNA_A_thaliana_Col-0_DAPi712H12-ORGi5005-96P155-repool	TAIR10.fa.gz
AT4G24240_A_thaliana_Col-0_DAPi711A03-ORGi5005-96P166	Arabidopsis_thaliana	https://ftp.sra.ebi.ac.uk/vol1/fastq/SRR312/088/SRR31238888/SRR31238888_1.fastq.gz	https://ftp.sra.ebi.ac.uk/vol1/fastq/SRR312/088/SRR31238888/SRR31238888_2.fastq.gz	Control_TF_DNA_A_thaliana_Col-0_DAPi712H12-ORGi5005-96P155-repool	TAIR10.fa.gz
AT4G25470_A_thaliana_Col-0_DAPi709B06-ORGi5005-96P203	Arabidopsis_thaliana	https://ftp.sra.ebi.ac.uk/vol1/fastq/SRR312/088/SRR31238488/SRR31238488_1.fastq.gz	https://ftp.sra.ebi.ac.uk/vol1/fastq/SRR312/088/SRR31238488/SRR31238488_2.fastq.gz	Control_TF_DNA_A_thaliana_Col-0_DAPi712H12-ORGi5005-96P155-repool	TAIR10.fa.gz
AT4G25470_A_thaliana_Col-0_DAPi709B06-ORGi5005-96P206	Arabidopsis_thaliana	https://ftp.sra.ebi.ac.uk/vol1/fastq/SRR312/072/SRR31238472/SRR31238472_1.fastq.gz	https://ftp.sra.ebi.ac.uk/vol1/fastq/SRR312/072/SRR31238472/SRR31238472_2.fastq.gz	Control_TF_DNA_A_thaliana_Col-0_DAPi712H12-ORGi5005-96P155-repool	TAIR10.fa.gz
AT4G25470_A_thaliana_Col-0_DAPi709D11-ORGi5005-96P169	Arabidopsis_thaliana	https://ftp.sra.ebi.ac.uk/vol1/fastq/SRR312/029/SRR31238929/SRR31238929_1.fastq.gz	https://ftp.sra.ebi.ac.uk/vol1/fastq/SRR312/029/SRR31238929/SRR31238929_2.fastq.gz	Control_TF_DNA_A_thaliana_Col-0_DAPi712H12-ORGi5005-96P155-repool	TAIR10.fa.gz
AT4G25470_A_thaliana_Col-0_DAPi712B06-ORGi5005-96P220	Arabidopsis_thaliana	https://ftp.sra.ebi.ac.uk/vol1/fastq/SRR312/061/SRR31238661/SRR31238661_1.fastq.gz	https://ftp.sra.ebi.ac.uk/vol1/fastq/SRR312/061/SRR31238661/SRR31238661_2.fastq.gz	Control_TF_DNA_A_thaliana_Col-0_DAPi712H12-ORGi5005-96P155-repool	TAIR10.fa.gz
AT4G25480_A_thaliana_Col-0_DAPi709D03-ORGi5005-96P169	Arabidopsis_thaliana	https://ftp.sra.ebi.ac.uk/vol1/fastq/SRR312/049/SRR31239049/SRR31239049_1.fastq.gz	https://ftp.sra.ebi.ac.uk/vol1/fastq/SRR312/049/SRR31239049/SRR31239049_2.fastq.gz	Control_TF_DNA_A_thaliana_Col-0_DAPi712H12-ORGi5005-96P155-repool	TAIR10.fa.gz
AT4G25480_A_thaliana_Col-0_DAPi709F04-ORGi5005-96P203	Arabidopsis_thaliana	https://ftp.sra.ebi.ac.uk/vol1/fastq/SRR312/002/SRR31238502/SRR31238502_1.fastq.gz	https://ftp.sra.ebi.ac.uk/vol1/fastq/SRR312/002/SRR31238502/SRR31238502_2.fastq.gz	Control_TF_DNA_A_thaliana_Col-0_DAPi712H12-ORGi5005-96P155-repool	TAIR10.fa.gz
AT4G25480_A_thaliana_Col-0_DAPi709F04-ORGi5005-96P206	Arabidopsis_thaliana	https://ftp.sra.ebi.ac.uk/vol1/fastq/SRR312/003/SRR31238503/SRR31238503_1.fastq.gz	https://ftp.sra.ebi.ac.uk/vol1/fastq/SRR312/003/SRR31238503/SRR31238503_2.fastq.gz	Control_TF_DNA_A_thaliana_Col-0_DAPi712H12-ORGi5005-96P155-repool	TAIR10.fa.gz
AT4G25480_A_thaliana_Col-0_DAPi712F04-ORGi5005-96P220	Arabidopsis_thaliana	https://ftp.sra.ebi.ac.uk/vol1/fastq/SRR312/081/SRR31238881/SRR31238881_1.fastq.gz	https://ftp.sra.ebi.ac.uk/vol1/fastq/SRR312/081/SRR31238881/SRR31238881_2.fastq.gz	Control_TF_DNA_A_thaliana_Col-0_DAPi712H12-ORGi5005-96P155-repool	TAIR10.fa.gz
AT4G25490_A_thaliana_Col-0_DAPi709A08-ORGi5005-96P203	Arabidopsis_thaliana	https://ftp.sra.ebi.ac.uk/vol1/fastq/SRR312/075/SRR31238675/SRR31238675_1.fastq.gz	https://ftp.sra.ebi.ac.uk/vol1/fastq/SRR312/075/SRR31238675/SRR31238675_2.fastq.gz	Control_TF_DNA_A_thaliana_Col-0_DAPi712H12-ORGi5005-96P155-repool	TAIR10.fa.gz
AT4G25490_A_thaliana_Col-0_DAPi709A08-ORGi5005-96P206	Arabidopsis_thaliana	https://ftp.sra.ebi.ac.uk/vol1/fastq/SRR312/074/SRR31238674/SRR31238674_1.fastq.gz	https://ftp.sra.ebi.ac.uk/vol1/fastq/SRR312/074/SRR31238674/SRR31238674_2.fastq.gz	Control_TF_DNA_A_thaliana_Col-0_DAPi712H12-ORGi5005-96P155-repool	TAIR10.fa.gz
AT4G25490_A_thaliana_Col-0_DAPi710E07-ORGi5005-96P151	Arabidopsis_thaliana	https://ftp.sra.ebi.ac.uk/vol1/fastq/SRR312/071/SRR31238771/SRR31238771_1.fastq.gz	https://ftp.sra.ebi.ac.uk/vol1/fastq/SRR312/071/SRR31238771/SRR31238771_2.fastq.gz	Control_TF_DNA_A_thaliana_Col-0_DAPi712H12-ORGi5005-96P155-repool	TAIR10.fa.gz
AT4G25490_A_thaliana_Col-0_DAPi712A08-ORGi5005-96P220	Arabidopsis_thaliana	https://ftp.sra.ebi.ac.uk/vol1/fastq/SRR312/096/SRR31238996/SRR31238996_1.fastq.gz	https://ftp.sra.ebi.ac.uk/vol1/fastq/SRR312/096/SRR31238996/SRR31238996_2.fastq.gz	Control_TF_DNA_A_thaliana_Col-0_DAPi712H12-ORGi5005-96P155-repool	TAIR10.fa.gz
AT4G28500_A_thaliana_Col-0_DAPi710E05-ORGi5005-96P151	Arabidopsis_thaliana	https://ftp.sra.ebi.ac.uk/vol1/fastq/SRR312/096/SRR31239096/SRR31239096_1.fastq.gz	https://ftp.sra.ebi.ac.uk/vol1/fastq/SRR312/096/SRR31239096/SRR31239096_2.fastq.gz	Control_TF_DNA_A_thaliana_Col-0_DAPi712H12-ORGi5005-96P155-repool	TAIR10.fa.gz
AT4G31060_A_thaliana_Col-0_DAPi709A03-ORGi5005-96P169	Arabidopsis_thaliana	https://ftp.sra.ebi.ac.uk/vol1/fastq/SRR312/019/SRR31238819/SRR31238819_1.fastq.gz	https://ftp.sra.ebi.ac.uk/vol1/fastq/SRR312/019/SRR31238819/SRR31238819_2.fastq.gz	Control_TF_DNA_A_thaliana_Col-0_DAPi712H12-ORGi5005-96P155-repool	TAIR10.fa.gz
AT4G31800_A_thaliana_Col-0_DAPi709F02-ORGi5005-96P203	Arabidopsis_thaliana	https://ftp.sra.ebi.ac.uk/vol1/fastq/SRR312/057/SRR31238557/SRR31238557_1.fastq.gz	https://ftp.sra.ebi.ac.uk/vol1/fastq/SRR312/057/SRR31238557/SRR31238557_2.fastq.gz	Control_TF_DNA_A_thaliana_Col-0_DAPi712H12-ORGi5005-96P155-repool	TAIR10.fa.gz
AT4G31800_A_thaliana_Col-0_DAPi709F02-ORGi5005-96P206	Arabidopsis_thaliana	https://ftp.sra.ebi.ac.uk/vol1/fastq/SRR312/059/SRR31238559/SRR31238559_1.fastq.gz	https://ftp.sra.ebi.ac.uk/vol1/fastq/SRR312/059/SRR31238559/SRR31238559_2.fastq.gz	Control_TF_DNA_A_thaliana_Col-0_DAPi712H12-ORGi5005-96P155-repool	TAIR10.fa.gz
AT4G31800_A_thaliana_Col-0_DAPi711C07-ORGi5005-96P166	Arabidopsis_thaliana	https://ftp.sra.ebi.ac.uk/vol1/fastq/SRR312/045/SRR31238945/SRR31238945_1.fastq.gz	https://ftp.sra.ebi.ac.uk/vol1/fastq/SRR312/045/SRR31238945/SRR31238945_2.fastq.gz	Control_TF_DNA_A_thaliana_Col-0_DAPi712H12-ORGi5005-96P155-repool	TAIR10.fa.gz
AT4G31800_A_thaliana_Col-0_DAPi712F02-ORGi5005-96P220	Arabidopsis_thaliana	https://ftp.sra.ebi.ac.uk/vol1/fastq/SRR312/050/SRR31238850/SRR31238850_1.fastq.gz	https://ftp.sra.ebi.ac.uk/vol1/fastq/SRR312/050/SRR31238850/SRR31238850_2.fastq.gz	Control_TF_DNA_A_thaliana_Col-0_DAPi712H12-ORGi5005-96P155-repool	TAIR10.fa.gz
AT4G32730_A_thaliana_Col-0_DAPi709A11-ORGi5005-96P203	Arabidopsis_thaliana	https://ftp.sra.ebi.ac.uk/vol1/fastq/SRR312/051/SRR31239251/SRR31239251_1.fastq.gz	https://ftp.sra.ebi.ac.uk/vol1/fastq/SRR312/051/SRR31239251/SRR31239251_2.fastq.gz	Control_TF_DNA_A_thaliana_Col-0_DAPi712H12-ORGi5005-96P155-repool	TAIR10.fa.gz
AT4G32730_A_thaliana_Col-0_DAPi709A11-ORGi5005-96P206	Arabidopsis_thaliana	https://ftp.sra.ebi.ac.uk/vol1/fastq/SRR312/050/SRR31239250/SRR31239250_1.fastq.gz	https://ftp.sra.ebi.ac.uk/vol1/fastq/SRR312/050/SRR31239250/SRR31239250_2.fastq.gz	Control_TF_DNA_A_thaliana_Col-0_DAPi712H12-ORGi5005-96P155-repool	TAIR10.fa.gz
AT4G32730_A_thaliana_Col-0_DAPi712C05-ORGi5005-96P155	Arabidopsis_thaliana	https://ftp.sra.ebi.ac.uk/vol1/fastq/SRR312/022/SRR31238422/SRR31238422_1.fastq.gz	https://ftp.sra.ebi.ac.uk/vol1/fastq/SRR312/022/SRR31238422/SRR31238422_2.fastq.gz	Control_TF_DNA_A_thaliana_Col-0_DAPi712H12-ORGi5005-96P155-repool	TAIR10.fa.gz
AT4G34410_A_thaliana_Col-0_DAPi711F11-ORGi5005-96P166	Arabidopsis_thaliana	https://ftp.sra.ebi.ac.uk/vol1/fastq/SRR312/044/SRR31239044/SRR31239044_1.fastq.gz	https://ftp.sra.ebi.ac.uk/vol1/fastq/SRR312/044/SRR31239044/SRR31239044_2.fastq.gz	Control_TF_DNA_A_thaliana_Col-0_DAPi712H12-ORGi5005-96P155-repool	TAIR10.fa.gz
AT4G34590_A_thaliana_Col-0_DAPi712G07-ORGi5005-96P155	Arabidopsis_thaliana	https://ftp.sra.ebi.ac.uk/vol1/fastq/SRR312/079/SRR31238579/SRR31238579_1.fastq.gz	https://ftp.sra.ebi.ac.uk/vol1/fastq/SRR312/079/SRR31238579/SRR31238579_2.fastq.gz	Control_TF_DNA_A_thaliana_Col-0_DAPi712H12-ORGi5005-96P155-repool	TAIR10.fa.gz
AT4G36620_A_thaliana_Col-0_DAPi709C10-ORGi5005-96P203	Arabidopsis_thaliana	https://ftp.sra.ebi.ac.uk/vol1/fastq/SRR312/022/SRR31238522/SRR31238522_1.fastq.gz	https://ftp.sra.ebi.ac.uk/vol1/fastq/SRR312/022/SRR31238522/SRR31238522_2.fastq.gz	Control_TF_DNA_A_thaliana_Col-0_DAPi712H12-ORGi5005-96P155-repool	TAIR10.fa.gz
AT4G36620_A_thaliana_Col-0_DAPi709C10-ORGi5005-96P206	Arabidopsis_thaliana	https://ftp.sra.ebi.ac.uk/vol1/fastq/SRR312/021/SRR31238521/SRR31238521_1.fastq.gz	https://ftp.sra.ebi.ac.uk/vol1/fastq/SRR312/021/SRR31238521/SRR31238521_2.fastq.gz	Control_TF_DNA_A_thaliana_Col-0_DAPi712H12-ORGi5005-96P155-repool	TAIR10.fa.gz
AT4G36620_A_thaliana_Col-0_DAPi712D02-ORGi5005-96P155	Arabidopsis_thaliana	https://ftp.sra.ebi.ac.uk/vol1/fastq/SRR312/035/SRR31238735/SRR31238735_1.fastq.gz	https://ftp.sra.ebi.ac.uk/vol1/fastq/SRR312/035/SRR31238735/SRR31238735_2.fastq.gz	Control_TF_DNA_A_thaliana_Col-0_DAPi712H12-ORGi5005-96P155-repool	TAIR10.fa.gz
AT4G36740_A_thaliana_Col-0_DAPi712H03-ORGi5005-96P155	Arabidopsis_thaliana	https://ftp.sra.ebi.ac.uk/vol1/fastq/SRR312/023/SRR31238623/SRR31238623_1.fastq.gz	https://ftp.sra.ebi.ac.uk/vol1/fastq/SRR312/023/SRR31238623/SRR31238623_2.fastq.gz	Control_TF_DNA_A_thaliana_Col-0_DAPi712H12-ORGi5005-96P155-repool	TAIR10.fa.gz
AT4G36780_A_thaliana_Col-0_DAPi711H06-ORGi5005-96P166	Arabidopsis_thaliana	https://ftp.sra.ebi.ac.uk/vol1/fastq/SRR312/034/SRR31238934/SRR31238934_1.fastq.gz	https://ftp.sra.ebi.ac.uk/vol1/fastq/SRR312/034/SRR31238934/SRR31238934_2.fastq.gz	Control_TF_DNA_A_thaliana_Col-0_DAPi712H12-ORGi5005-96P155-repool	TAIR10.fa.gz
AT4G38000_A_thaliana_Col-0_DAPi709B02-ORGi5005-96P169	Arabidopsis_thaliana	https://ftp.sra.ebi.ac.uk/vol1/fastq/SRR312/015/SRR31238715/SRR31238715_1.fastq.gz	https://ftp.sra.ebi.ac.uk/vol1/fastq/SRR312/015/SRR31238715/SRR31238715_2.fastq.gz	Control_TF_DNA_A_thaliana_Col-0_DAPi712H12-ORGi5005-96P155-repool	TAIR10.fa.gz
AT5G02320_A_thaliana_Col-0_DAPi709G06-ORGi5005-96P203	Arabidopsis_thaliana	https://ftp.sra.ebi.ac.uk/vol1/fastq/SRR312/079/SRR31239179/SRR31239179_1.fastq.gz	https://ftp.sra.ebi.ac.uk/vol1/fastq/SRR312/079/SRR31239179/SRR31239179_2.fastq.gz	Control_TF_DNA_A_thaliana_Col-0_DAPi712H12-ORGi5005-96P155-repool	TAIR10.fa.gz
AT5G02320_A_thaliana_Col-0_DAPi709G06-ORGi5005-96P206	Arabidopsis_thaliana	https://ftp.sra.ebi.ac.uk/vol1/fastq/SRR312/070/SRR31239270/SRR31239270_1.fastq.gz	https://ftp.sra.ebi.ac.uk/vol1/fastq/SRR312/070/SRR31239270/SRR31239270_2.fastq.gz	Control_TF_DNA_A_thaliana_Col-0_DAPi712H12-ORGi5005-96P155-repool	TAIR10.fa.gz
AT5G02320_A_thaliana_Col-0_DAPi710G02-ORGi5005-96P151	Arabidopsis_thaliana	https://ftp.sra.ebi.ac.uk/vol1/fastq/SRR312/079/SRR31238879/SRR31238879_1.fastq.gz	https://ftp.sra.ebi.ac.uk/vol1/fastq/SRR312/079/SRR31238879/SRR31238879_2.fastq.gz	Control_TF_DNA_A_thaliana_Col-0_DAPi712H12-ORGi5005-96P155-repool	TAIR10.fa.gz
AT5G02320_A_thaliana_Col-0_DAPi712G06-ORGi5005-96P220	Arabidopsis_thaliana	https://ftp.sra.ebi.ac.uk/vol1/fastq/SRR312/062/SRR31239262/SRR31239262_1.fastq.gz	https://ftp.sra.ebi.ac.uk/vol1/fastq/SRR312/062/SRR31239262/SRR31239262_2.fastq.gz	Control_TF_DNA_A_thaliana_Col-0_DAPi712H12-ORGi5005-96P155-repool	TAIR10.fa.gz
AT5G02460_A_thaliana_Col-0_DAPi712B04-ORGi5005-96P155	Arabidopsis_thaliana	https://ftp.sra.ebi.ac.uk/vol1/fastq/SRR312/047/SRR31238947/SRR31238947_1.fastq.gz	https://ftp.sra.ebi.ac.uk/vol1/fastq/SRR312/047/SRR31238947/SRR31238947_2.fastq.gz	Control_TF_DNA_A_thaliana_Col-0_DAPi712H12-ORGi5005-96P155-repool	TAIR10.fa.gz
AT5G02840_A_thaliana_Col-0_DAPi709E07-ORGi5005-96P169	Arabidopsis_thaliana	https://ftp.sra.ebi.ac.uk/vol1/fastq/SRR312/015/SRR31239115/SRR31239115_1.fastq.gz	https://ftp.sra.ebi.ac.uk/vol1/fastq/SRR312/015/SRR31239115/SRR31239115_2.fastq.gz	Control_TF_DNA_A_thaliana_Col-0_DAPi712H12-ORGi5005-96P155-repool	TAIR10.fa.gz
AT5G03150_A_thaliana_Col-0_DAPi709D08-ORGi5005-96P203	Arabidopsis_thaliana	https://ftp.sra.ebi.ac.uk/vol1/fastq/SRR312/024/SRR31238524/SRR31238524_1.fastq.gz	https://ftp.sra.ebi.ac.uk/vol1/fastq/SRR312/024/SRR31238524/SRR31238524_2.fastq.gz	Control_TF_DNA_A_thaliana_Col-0_DAPi712H12-ORGi5005-96P155-repool	TAIR10.fa.gz
AT5G03150_A_thaliana_Col-0_DAPi709D08-ORGi5005-96P206	Arabidopsis_thaliana	https://ftp.sra.ebi.ac.uk/vol1/fastq/SRR312/023/SRR31238523/SRR31238523_1.fastq.gz	https://ftp.sra.ebi.ac.uk/vol1/fastq/SRR312/023/SRR31238523/SRR31238523_2.fastq.gz	Control_TF_DNA_A_thaliana_Col-0_DAPi712H12-ORGi5005-96P155-repool	TAIR10.fa.gz
AT5G03150_A_thaliana_Col-0_DAPi710E08-ORGi5005-96P151	Arabidopsis_thaliana	https://ftp.sra.ebi.ac.uk/vol1/fastq/SRR312/059/SRR31239259/SRR31239259_1.fastq.gz	https://ftp.sra.ebi.ac.uk/vol1/fastq/SRR312/059/SRR31239259/SRR31239259_2.fastq.gz	Control_TF_DNA_A_thaliana_Col-0_DAPi712H12-ORGi5005-96P155-repool	TAIR10.fa.gz
AT5G03150_A_thaliana_Col-0_DAPi712D08-ORGi5005-96P220	Arabidopsis_thaliana	https://ftp.sra.ebi.ac.uk/vol1/fastq/SRR312/091/SRR31238491/SRR31238491_1.fastq.gz	https://ftp.sra.ebi.ac.uk/vol1/fastq/SRR312/091/SRR31238491/SRR31238491_2.fastq.gz	Control_TF_DNA_A_thaliana_Col-0_DAPi712H12-ORGi5005-96P155-repool	TAIR10.fa.gz
AT5G03790_A_thaliana_Col-0_DAPi709B12-ORGi5005-96P169	Arabidopsis_thaliana	https://ftp.sra.ebi.ac.uk/vol1/fastq/SRR312/027/SRR31238927/SRR31238927_1.fastq.gz	https://ftp.sra.ebi.ac.uk/vol1/fastq/SRR312/027/SRR31238927/SRR31238927_2.fastq.gz	Control_TF_DNA_A_thaliana_Col-0_DAPi712H12-ORGi5005-96P155-repool	TAIR10.fa.gz
AT5G03790_A_thaliana_Col-0_DAPi709C06-ORGi5005-96P203	Arabidopsis_thaliana	https://ftp.sra.ebi.ac.uk/vol1/fastq/SRR312/020/SRR31238620/SRR31238620_1.fastq.gz	https://ftp.sra.ebi.ac.uk/vol1/fastq/SRR312/020/SRR31238620/SRR31238620_2.fastq.gz	Control_TF_DNA_A_thaliana_Col-0_DAPi712H12-ORGi5005-96P155-repool	TAIR10.fa.gz
AT5G03790_A_thaliana_Col-0_DAPi709C06-ORGi5005-96P206	Arabidopsis_thaliana	https://ftp.sra.ebi.ac.uk/vol1/fastq/SRR312/021/SRR31238621/SRR31238621_1.fastq.gz	https://ftp.sra.ebi.ac.uk/vol1/fastq/SRR312/021/SRR31238621/SRR31238621_2.fastq.gz	Control_TF_DNA_A_thaliana_Col-0_DAPi712H12-ORGi5005-96P155-repool	TAIR10.fa.gz
AT5G03790_A_thaliana_Col-0_DAPi712C06-ORGi5005-96P220	Arabidopsis_thaliana	https://ftp.sra.ebi.ac.uk/vol1/fastq/SRR312/091/SRR31238691/SRR31238691_1.fastq.gz	https://ftp.sra.ebi.ac.uk/vol1/fastq/SRR312/091/SRR31238691/SRR31238691_2.fastq.gz	Control_TF_DNA_A_thaliana_Col-0_DAPi712H12-ORGi5005-96P155-repool	TAIR10.fa.gz
AT5G05550_A_thaliana_Col-0_DAPi709A10-ORGi5005-96P203	Arabidopsis_thaliana	https://ftp.sra.ebi.ac.uk/vol1/fastq/SRR312/028/SRR31239128/SRR31239128_1.fastq.gz	https://ftp.sra.ebi.ac.uk/vol1/fastq/SRR312/028/SRR31239128/SRR31239128_2.fastq.gz	Control_TF_DNA_A_thaliana_Col-0_DAPi712H12-ORGi5005-96P155-repool	TAIR10.fa.gz
AT5G05550_A_thaliana_Col-0_DAPi709A10-ORGi5005-96P206	Arabidopsis_thaliana	https://ftp.sra.ebi.ac.uk/vol1/fastq/SRR312/067/SRR31238467/SRR31238467_1.fastq.gz	https://ftp.sra.ebi.ac.uk/vol1/fastq/SRR312/067/SRR31238467/SRR31238467_2.fastq.gz	Control_TF_DNA_A_thaliana_Col-0_DAPi712H12-ORGi5005-96P155-repool	TAIR10.fa.gz
AT5G05550_A_thaliana_Col-0_DAPi710G12-ORGi5005-96P151	Arabidopsis_thaliana	https://ftp.sra.ebi.ac.uk/vol1/fastq/SRR312/057/SRR31238757/SRR31238757_1.fastq.gz	https://ftp.sra.ebi.ac.uk/vol1/fastq/SRR312/057/SRR31238757/SRR31238757_2.fastq.gz	Control_TF_DNA_A_thaliana_Col-0_DAPi712H12-ORGi5005-96P155-repool	TAIR10.fa.gz
AT5G05550_A_thaliana_Col-0_DAPi712A10-ORGi5005-96P220	Arabidopsis_thaliana	https://ftp.sra.ebi.ac.uk/vol1/fastq/SRR312/030/SRR31239030/SRR31239030_1.fastq.gz	https://ftp.sra.ebi.ac.uk/vol1/fastq/SRR312/030/SRR31239030/SRR31239030_2.fastq.gz	Control_TF_DNA_A_thaliana_Col-0_DAPi712H12-ORGi5005-96P155-repool	TAIR10.fa.gz
AT5G05790_A_thaliana_Col-0_DAPi711G12-ORGi5005-96P166	Arabidopsis_thaliana	https://ftp.sra.ebi.ac.uk/vol1/fastq/SRR312/059/SRR31238759/SRR31238759_1.fastq.gz	https://ftp.sra.ebi.ac.uk/vol1/fastq/SRR312/059/SRR31238759/SRR31238759_2.fastq.gz	Control_TF_DNA_A_thaliana_Col-0_DAPi712H12-ORGi5005-96P155-repool	TAIR10.fa.gz
AT5G06100_A_thaliana_Col-0_DAPi712H02-ORGi5005-96P155	Arabidopsis_thaliana	https://ftp.sra.ebi.ac.uk/vol1/fastq/SRR312/098/SRR31238598/SRR31238598_1.fastq.gz	https://ftp.sra.ebi.ac.uk/vol1/fastq/SRR312/098/SRR31238598/SRR31238598_2.fastq.gz	Control_TF_DNA_A_thaliana_Col-0_DAPi712H12-ORGi5005-96P155-repool	TAIR10.fa.gz
AT5G07310_A_thaliana_Col-0_DAPi709A05-ORGi5005-96P169	Arabidopsis_thaliana	https://ftp.sra.ebi.ac.uk/vol1/fastq/SRR312/067/SRR31238967/SRR31238967_1.fastq.gz	https://ftp.sra.ebi.ac.uk/vol1/fastq/SRR312/067/SRR31238967/SRR31238967_2.fastq.gz	Control_TF_DNA_A_thaliana_Col-0_DAPi712H12-ORGi5005-96P155-repool	TAIR10.fa.gz
AT5G07680_A_thaliana_Col-0_DAPi712F08-ORGi5005-96P155	Arabidopsis_thaliana	https://ftp.sra.ebi.ac.uk/vol1/fastq/SRR312/076/SRR31238976/SRR31238976_1.fastq.gz	https://ftp.sra.ebi.ac.uk/vol1/fastq/SRR312/076/SRR31238976/SRR31238976_2.fastq.gz	Control_TF_DNA_A_thaliana_Col-0_DAPi712H12-ORGi5005-96P155-repool	TAIR10.fa.gz
AT5G08130_A_thaliana_Col-0_DAPi709C05-ORGi5005-96P203	Arabidopsis_thaliana	https://ftp.sra.ebi.ac.uk/vol1/fastq/SRR312/041/SRR31239141/SRR31239141_1.fastq.gz	https://ftp.sra.ebi.ac.uk/vol1/fastq/SRR312/041/SRR31239141/SRR31239141_2.fastq.gz	Control_TF_DNA_A_thaliana_Col-0_DAPi712H12-ORGi5005-96P155-repool	TAIR10.fa.gz
AT5G08130_A_thaliana_Col-0_DAPi709C05-ORGi5005-96P206	Arabidopsis_thaliana	https://ftp.sra.ebi.ac.uk/vol1/fastq/SRR312/043/SRR31239143/SRR31239143_1.fastq.gz	https://ftp.sra.ebi.ac.uk/vol1/fastq/SRR312/043/SRR31239143/SRR31239143_2.fastq.gz	Control_TF_DNA_A_thaliana_Col-0_DAPi712H12-ORGi5005-96P155-repool	TAIR10.fa.gz
AT5G08130_A_thaliana_Col-0_DAPi709H05-ORGi5005-96P169	Arabidopsis_thaliana	https://ftp.sra.ebi.ac.uk/vol1/fastq/SRR312/002/SRR31238902/SRR31238902_1.fastq.gz	https://ftp.sra.ebi.ac.uk/vol1/fastq/SRR312/002/SRR31238902/SRR31238902_2.fastq.gz	Control_TF_DNA_A_thaliana_Col-0_DAPi712H12-ORGi5005-96P155-repool	TAIR10.fa.gz
AT5G08330_A_thaliana_Col-0_DAPi711E05-ORGi5005-96P166	Arabidopsis_thaliana	https://ftp.sra.ebi.ac.uk/vol1/fastq/SRR312/095/SRR31239095/SRR31239095_1.fastq.gz	https://ftp.sra.ebi.ac.uk/vol1/fastq/SRR312/095/SRR31239095/SRR31239095_2.fastq.gz	Control_TF_DNA_A_thaliana_Col-0_DAPi712H12-ORGi5005-96P155-repool	TAIR10.fa.gz
AT5G08520_A_thaliana_Col-0_DAPi711E02-ORGi5005-96P166	Arabidopsis_thaliana	https://ftp.sra.ebi.ac.uk/vol1/fastq/SRR312/045/SRR31239245/SRR31239245_1.fastq.gz	https://ftp.sra.ebi.ac.uk/vol1/fastq/SRR312/045/SRR31239245/SRR31239245_2.fastq.gz	Control_TF_DNA_A_thaliana_Col-0_DAPi712H12-ORGi5005-96P155-repool	TAIR10.fa.gz
AT5G09410_A_thaliana_Col-0_DAPi709G11-ORGi5005-96P203	Arabidopsis_thaliana	https://ftp.sra.ebi.ac.uk/vol1/fastq/SRR312/085/SRR31238785/SRR31238785_1.fastq.gz	https://ftp.sra.ebi.ac.uk/vol1/fastq/SRR312/085/SRR31238785/SRR31238785_2.fastq.gz	Control_TF_DNA_A_thaliana_Col-0_DAPi712H12-ORGi5005-96P155-repool	TAIR10.fa.gz
AT5G09410_A_thaliana_Col-0_DAPi709G11-ORGi5005-96P206	Arabidopsis_thaliana	https://ftp.sra.ebi.ac.uk/vol1/fastq/SRR312/087/SRR31238787/SRR31238787_1.fastq.gz	https://ftp.sra.ebi.ac.uk/vol1/fastq/SRR312/087/SRR31238787/SRR31238787_2.fastq.gz	Control_TF_DNA_A_thaliana_Col-0_DAPi712H12-ORGi5005-96P155-repool	TAIR10.fa.gz
AT5G09410_A_thaliana_Col-0_DAPi712G06-ORGi5005-96P155	Arabidopsis_thaliana	https://ftp.sra.ebi.ac.uk/vol1/fastq/SRR312/014/SRR31238614/SRR31238614_1.fastq.gz	https://ftp.sra.ebi.ac.uk/vol1/fastq/SRR312/014/SRR31238614/SRR31238614_2.fastq.gz	Control_TF_DNA_A_thaliana_Col-0_DAPi712H12-ORGi5005-96P155-repool	TAIR10.fa.gz
AT5G09410_A_thaliana_Col-0_DAPi712G11-ORGi5005-96P220	Arabidopsis_thaliana	https://ftp.sra.ebi.ac.uk/vol1/fastq/SRR312/092/SRR31238692/SRR31238692_1.fastq.gz	https://ftp.sra.ebi.ac.uk/vol1/fastq/SRR312/092/SRR31238692/SRR31238692_2.fastq.gz	Control_TF_DNA_A_thaliana_Col-0_DAPi712H12-ORGi5005-96P155-repool	TAIR10.fa.gz
AT5G10030_A_thaliana_Col-0_DAPi709A06-ORGi5005-96P203	Arabidopsis_thaliana	https://ftp.sra.ebi.ac.uk/vol1/fastq/SRR312/031/SRR31239031/SRR31239031_1.fastq.gz	https://ftp.sra.ebi.ac.uk/vol1/fastq/SRR312/031/SRR31239031/SRR31239031_2.fastq.gz	Control_TF_DNA_A_thaliana_Col-0_DAPi712H12-ORGi5005-96P155-repool	TAIR10.fa.gz
AT5G10030_A_thaliana_Col-0_DAPi709A06-ORGi5005-96P206	Arabidopsis_thaliana	https://ftp.sra.ebi.ac.uk/vol1/fastq/SRR312/071/SRR31239171/SRR31239171_1.fastq.gz	https://ftp.sra.ebi.ac.uk/vol1/fastq/SRR312/071/SRR31239171/SRR31239171_2.fastq.gz	Control_TF_DNA_A_thaliana_Col-0_DAPi712H12-ORGi5005-96P155-repool	TAIR10.fa.gz
AT5G10030_A_thaliana_Col-0_DAPi709C11-ORGi5005-96P169	Arabidopsis_thaliana	https://ftp.sra.ebi.ac.uk/vol1/fastq/SRR312/053/SRR31238453/SRR31238453_1.fastq.gz	https://ftp.sra.ebi.ac.uk/vol1/fastq/SRR312/053/SRR31238453/SRR31238453_2.fastq.gz	Control_TF_DNA_A_thaliana_Col-0_DAPi712H12-ORGi5005-96P155-repool	TAIR10.fa.gz
AT5G10030_A_thaliana_Col-0_DAPi712A06-ORGi5005-96P220	Arabidopsis_thaliana	https://ftp.sra.ebi.ac.uk/vol1/fastq/SRR312/036/SRR31239136/SRR31239136_1.fastq.gz	https://ftp.sra.ebi.ac.uk/vol1/fastq/SRR312/036/SRR31239136/SRR31239136_2.fastq.gz	Control_TF_DNA_A_thaliana_Col-0_DAPi712H12-ORGi5005-96P155-repool	TAIR10.fa.gz
AT5G11260_A_thaliana_Col-0_DAPi709D12-ORGi5005-96P203	Arabidopsis_thaliana	https://ftp.sra.ebi.ac.uk/vol1/fastq/SRR312/029/SRR31238629/SRR31238629_1.fastq.gz	https://ftp.sra.ebi.ac.uk/vol1/fastq/SRR312/029/SRR31238629/SRR31238629_2.fastq.gz	Control_TF_DNA_A_thaliana_Col-0_DAPi712H12-ORGi5005-96P155-repool	TAIR10.fa.gz
AT5G11260_A_thaliana_Col-0_DAPi709D12-ORGi5005-96P206	Arabidopsis_thaliana	https://ftp.sra.ebi.ac.uk/vol1/fastq/SRR312/074/SRR31238974/SRR31238974_1.fastq.gz	https://ftp.sra.ebi.ac.uk/vol1/fastq/SRR312/074/SRR31238974/SRR31238974_2.fastq.gz	Control_TF_DNA_A_thaliana_Col-0_DAPi712H12-ORGi5005-96P155-repool	TAIR10.fa.gz
AT5G11260_A_thaliana_Col-0_DAPi712D12-ORGi5005-96P220	Arabidopsis_thaliana	https://ftp.sra.ebi.ac.uk/vol1/fastq/SRR312/040/SRR31239240/SRR31239240_1.fastq.gz	https://ftp.sra.ebi.ac.uk/vol1/fastq/SRR312/040/SRR31239240/SRR31239240_2.fastq.gz	Control_TF_DNA_A_thaliana_Col-0_DAPi712H12-ORGi5005-96P155-repool	TAIR10.fa.gz
AT5G11260_A_thaliana_Col-0_DAPi712F11-ORGi5005-96P155	Arabidopsis_thaliana	https://ftp.sra.ebi.ac.uk/vol1/fastq/SRR312/087/SRR31238587/SRR31238587_1.fastq.gz	https://ftp.sra.ebi.ac.uk/vol1/fastq/SRR312/087/SRR31238587/SRR31238587_2.fastq.gz	Control_TF_DNA_A_thaliana_Col-0_DAPi712H12-ORGi5005-96P155-repool	TAIR10.fa.gz
AT5G11510_A_thaliana_Col-0_DAPi712H06-ORGi5005-96P155	Arabidopsis_thaliana	https://ftp.sra.ebi.ac.uk/vol1/fastq/SRR312/004/SRR31238804/SRR31238804_1.fastq.gz	https://ftp.sra.ebi.ac.uk/vol1/fastq/SRR312/004/SRR31238804/SRR31238804_2.fastq.gz	Control_TF_DNA_A_thaliana_Col-0_DAPi712H12-ORGi5005-96P155-repool	TAIR10.fa.gz
AT5G13080_A_thaliana_Col-0_DAPi711B12-ORGi5005-96P166	Arabidopsis_thaliana	https://ftp.sra.ebi.ac.uk/vol1/fastq/SRR312/063/SRR31239263/SRR31239263_1.fastq.gz	https://ftp.sra.ebi.ac.uk/vol1/fastq/SRR312/063/SRR31239263/SRR31239263_2.fastq.gz	Control_TF_DNA_A_thaliana_Col-0_DAPi712H12-ORGi5005-96P155-repool	TAIR10.fa.gz
AT5G13790_A_thaliana_Col-0_DAPi709D10-ORGi5005-96P203	Arabidopsis_thaliana	https://ftp.sra.ebi.ac.uk/vol1/fastq/SRR312/045/SRR31238745/SRR31238745_1.fastq.gz	https://ftp.sra.ebi.ac.uk/vol1/fastq/SRR312/045/SRR31238745/SRR31238745_2.fastq.gz	Control_TF_DNA_A_thaliana_Col-0_DAPi712H12-ORGi5005-96P155-repool	TAIR10.fa.gz
AT5G13790_A_thaliana_Col-0_DAPi709D10-ORGi5005-96P206	Arabidopsis_thaliana	https://ftp.sra.ebi.ac.uk/vol1/fastq/SRR312/043/SRR31238743/SRR31238743_1.fastq.gz	https://ftp.sra.ebi.ac.uk/vol1/fastq/SRR312/043/SRR31238743/SRR31238743_2.fastq.gz	Control_TF_DNA_A_thaliana_Col-0_DAPi712H12-ORGi5005-96P155-repool	TAIR10.fa.gz
AT5G13790_A_thaliana_Col-0_DAPi712F02-ORGi5005-96P155	Arabidopsis_thaliana	https://ftp.sra.ebi.ac.uk/vol1/fastq/SRR312/041/SRR31238741/SRR31238741_1.fastq.gz	https://ftp.sra.ebi.ac.uk/vol1/fastq/SRR312/041/SRR31238741/SRR31238741_2.fastq.gz	Control_TF_DNA_A_thaliana_Col-0_DAPi712H12-ORGi5005-96P155-repool	TAIR10.fa.gz
AT5G13910_A_thaliana_Col-0_DAPi709A04-ORGi5005-96P169	Arabidopsis_thaliana	https://ftp.sra.ebi.ac.uk/vol1/fastq/SRR312/013/SRR31239213/SRR31239213_1.fastq.gz	https://ftp.sra.ebi.ac.uk/vol1/fastq/SRR312/013/SRR31239213/SRR31239213_2.fastq.gz	Control_TF_DNA_A_thaliana_Col-0_DAPi712H12-ORGi5005-96P155-repool	TAIR10.fa.gz
AT5G14960_A_thaliana_Col-0_DAPi709E08-ORGi5005-96P203	Arabidopsis_thaliana	https://ftp.sra.ebi.ac.uk/vol1/fastq/SRR312/092/SRR31238792/SRR31238792_1.fastq.gz	https://ftp.sra.ebi.ac.uk/vol1/fastq/SRR312/092/SRR31238792/SRR31238792_2.fastq.gz	Control_TF_DNA_A_thaliana_Col-0_DAPi712H12-ORGi5005-96P155-repool	TAIR10.fa.gz
AT5G14960_A_thaliana_Col-0_DAPi709E08-ORGi5005-96P206	Arabidopsis_thaliana	https://ftp.sra.ebi.ac.uk/vol1/fastq/SRR312/093/SRR31238793/SRR31238793_1.fastq.gz	https://ftp.sra.ebi.ac.uk/vol1/fastq/SRR312/093/SRR31238793/SRR31238793_2.fastq.gz	Control_TF_DNA_A_thaliana_Col-0_DAPi712H12-ORGi5005-96P155-repool	TAIR10.fa.gz
AT5G14960_A_thaliana_Col-0_DAPi710G08-ORGi5005-96P151	Arabidopsis_thaliana	https://ftp.sra.ebi.ac.uk/vol1/fastq/SRR312/017/SRR31239117/SRR31239117_1.fastq.gz	https://ftp.sra.ebi.ac.uk/vol1/fastq/SRR312/017/SRR31239117/SRR31239117_2.fastq.gz	Control_TF_DNA_A_thaliana_Col-0_DAPi712H12-ORGi5005-96P155-repool	TAIR10.fa.gz
AT5G14960_A_thaliana_Col-0_DAPi712E08-ORGi5005-96P220	Arabidopsis_thaliana	https://ftp.sra.ebi.ac.uk/vol1/fastq/SRR312/080/SRR31238980/SRR31238980_1.fastq.gz	https://ftp.sra.ebi.ac.uk/vol1/fastq/SRR312/080/SRR31238980/SRR31238980_2.fastq.gz	Control_TF_DNA_A_thaliana_Col-0_DAPi712H12-ORGi5005-96P155-repool	TAIR10.fa.gz
AT5G16820_A_thaliana_Col-0_DAPi712G05-ORGi5005-96P155	Arabidopsis_thaliana	https://ftp.sra.ebi.ac.uk/vol1/fastq/SRR312/078/SRR31238778/SRR31238778_1.fastq.gz	https://ftp.sra.ebi.ac.uk/vol1/fastq/SRR312/078/SRR31238778/SRR31238778_2.fastq.gz	Control_TF_DNA_A_thaliana_Col-0_DAPi712H12-ORGi5005-96P155-repool	TAIR10.fa.gz
AT5G17300_A_thaliana_Col-0_DAPi709H08-ORGi5005-96P203	Arabidopsis_thaliana	https://ftp.sra.ebi.ac.uk/vol1/fastq/SRR312/007/SRR31239007/SRR31239007_1.fastq.gz	https://ftp.sra.ebi.ac.uk/vol1/fastq/SRR312/007/SRR31239007/SRR31239007_2.fastq.gz	Control_TF_DNA_A_thaliana_Col-0_DAPi712H12-ORGi5005-96P155-repool	TAIR10.fa.gz
AT5G17300_A_thaliana_Col-0_DAPi709H08-ORGi5005-96P206	Arabidopsis_thaliana	https://ftp.sra.ebi.ac.uk/vol1/fastq/SRR312/006/SRR31239006/SRR31239006_1.fastq.gz	https://ftp.sra.ebi.ac.uk/vol1/fastq/SRR312/006/SRR31239006/SRR31239006_2.fastq.gz	Control_TF_DNA_A_thaliana_Col-0_DAPi712H12-ORGi5005-96P155-repool	TAIR10.fa.gz
AT5G17300_A_thaliana_Col-0_DAPi710F09-ORGi5005-96P151	Arabidopsis_thaliana	https://ftp.sra.ebi.ac.uk/vol1/fastq/SRR312/094/SRR31239094/SRR31239094_1.fastq.gz	https://ftp.sra.ebi.ac.uk/vol1/fastq/SRR312/094/SRR31239094/SRR31239094_2.fastq.gz	Control_TF_DNA_A_thaliana_Col-0_DAPi712H12-ORGi5005-96P155-repool	TAIR10.fa.gz
AT5G17300_A_thaliana_Col-0_DAPi712H08-ORGi5005-96P220	Arabidopsis_thaliana	https://ftp.sra.ebi.ac.uk/vol1/fastq/SRR312/080/SRR31238480/SRR31238480_1.fastq.gz	https://ftp.sra.ebi.ac.uk/vol1/fastq/SRR312/080/SRR31238480/SRR31238480_2.fastq.gz	Control_TF_DNA_A_thaliana_Col-0_DAPi712H12-ORGi5005-96P155-repool	TAIR10.fa.gz
AT5G17800_A_thaliana_Col-0_DAPi712C02-ORGi5005-96P155	Arabidopsis_thaliana	https://ftp.sra.ebi.ac.uk/vol1/fastq/SRR312/073/SRR31239073/SRR31239073_1.fastq.gz	https://ftp.sra.ebi.ac.uk/vol1/fastq/SRR312/073/SRR31239073/SRR31239073_2.fastq.gz	Control_TF_DNA_A_thaliana_Col-0_DAPi712H12-ORGi5005-96P155-repool	TAIR10.fa.gz
AT5G18270_A_thaliana_Col-0_DAPi712C10-ORGi5005-96P155	Arabidopsis_thaliana	https://ftp.sra.ebi.ac.uk/vol1/fastq/SRR312/001/SRR31239201/SRR31239201_1.fastq.gz	https://ftp.sra.ebi.ac.uk/vol1/fastq/SRR312/001/SRR31239201/SRR31239201_2.fastq.gz	Control_TF_DNA_A_thaliana_Col-0_DAPi712H12-ORGi5005-96P155-repool	TAIR10.fa.gz
AT5G18560_A_thaliana_Col-0_DAPi709H07-ORGi5005-96P203	Arabidopsis_thaliana	https://ftp.sra.ebi.ac.uk/vol1/fastq/SRR312/011/SRR31238411/SRR31238411_1.fastq.gz	https://ftp.sra.ebi.ac.uk/vol1/fastq/SRR312/011/SRR31238411/SRR31238411_2.fastq.gz	Control_TF_DNA_A_thaliana_Col-0_DAPi712H12-ORGi5005-96P155-repool	TAIR10.fa.gz
AT5G18560_A_thaliana_Col-0_DAPi709H07-ORGi5005-96P206	Arabidopsis_thaliana	https://ftp.sra.ebi.ac.uk/vol1/fastq/SRR312/012/SRR31238412/SRR31238412_1.fastq.gz	https://ftp.sra.ebi.ac.uk/vol1/fastq/SRR312/012/SRR31238412/SRR31238412_2.fastq.gz	Control_TF_DNA_A_thaliana_Col-0_DAPi712H12-ORGi5005-96P155-repool	TAIR10.fa.gz
AT5G18560_A_thaliana_Col-0_DAPi710D07-ORGi5005-96P151	Arabidopsis_thaliana	https://ftp.sra.ebi.ac.uk/vol1/fastq/SRR312/098/SRR31238698/SRR31238698_1.fastq.gz	https://ftp.sra.ebi.ac.uk/vol1/fastq/SRR312/098/SRR31238698/SRR31238698_2.fastq.gz	Control_TF_DNA_A_thaliana_Col-0_DAPi712H12-ORGi5005-96P155-repool	TAIR10.fa.gz
AT5G18560_A_thaliana_Col-0_DAPi712H07-ORGi5005-96P220	Arabidopsis_thaliana	https://ftp.sra.ebi.ac.uk/vol1/fastq/SRR312/037/SRR31238937/SRR31238937_1.fastq.gz	https://ftp.sra.ebi.ac.uk/vol1/fastq/SRR312/037/SRR31238937/SRR31238937_2.fastq.gz	Control_TF_DNA_A_thaliana_Col-0_DAPi712H12-ORGi5005-96P155-repool	TAIR10.fa.gz
AT5G19790_A_thaliana_Col-0_DAPi709G07-ORGi5005-96P203	Arabidopsis_thaliana	https://ftp.sra.ebi.ac.uk/vol1/fastq/SRR312/086/SRR31238886/SRR31238886_1.fastq.gz	https://ftp.sra.ebi.ac.uk/vol1/fastq/SRR312/086/SRR31238886/SRR31238886_2.fastq.gz	Control_TF_DNA_A_thaliana_Col-0_DAPi712H12-ORGi5005-96P155-repool	TAIR10.fa.gz
AT5G19790_A_thaliana_Col-0_DAPi709G07-ORGi5005-96P206	Arabidopsis_thaliana	https://ftp.sra.ebi.ac.uk/vol1/fastq/SRR312/085/SRR31238885/SRR31238885_1.fastq.gz	https://ftp.sra.ebi.ac.uk/vol1/fastq/SRR312/085/SRR31238885/SRR31238885_2.fastq.gz	Control_TF_DNA_A_thaliana_Col-0_DAPi712H12-ORGi5005-96P155-repool	TAIR10.fa.gz
AT5G19790_A_thaliana_Col-0_DAPi710A07-ORGi5005-96P151	Arabidopsis_thaliana	https://ftp.sra.ebi.ac.uk/vol1/fastq/SRR312/008/SRR31239208/SRR31239208_1.fastq.gz	https://ftp.sra.ebi.ac.uk/vol1/fastq/SRR312/008/SRR31239208/SRR31239208_2.fastq.gz	Control_TF_DNA_A_thaliana_Col-0_DAPi712H12-ORGi5005-96P155-repool	TAIR10.fa.gz
AT5G19790_A_thaliana_Col-0_DAPi712G07-ORGi5005-96P220	Arabidopsis_thaliana	https://ftp.sra.ebi.ac.uk/vol1/fastq/SRR312/050/SRR31239150/SRR31239150_1.fastq.gz	https://ftp.sra.ebi.ac.uk/vol1/fastq/SRR312/050/SRR31239150/SRR31239150_2.fastq.gz	Control_TF_DNA_A_thaliana_Col-0_DAPi712H12-ORGi5005-96P155-repool	TAIR10.fa.gz
AT5G22990_A_thaliana_Col-0_DAPi710F02-ORGi5005-96P151	Arabidopsis_thaliana	https://ftp.sra.ebi.ac.uk/vol1/fastq/SRR312/096/SRR31238896/SRR31238896_1.fastq.gz	https://ftp.sra.ebi.ac.uk/vol1/fastq/SRR312/096/SRR31238896/SRR31238896_2.fastq.gz	Control_TF_DNA_A_thaliana_Col-0_DAPi712H12-ORGi5005-96P155-repool	TAIR10.fa.gz
AT5G24110_A_thaliana_Col-0_DAPi711B09-ORGi5005-96P166	Arabidopsis_thaliana	https://ftp.sra.ebi.ac.uk/vol1/fastq/SRR312/020/SRR31238820/SRR31238820_1.fastq.gz	https://ftp.sra.ebi.ac.uk/vol1/fastq/SRR312/020/SRR31238820/SRR31238820_2.fastq.gz	Control_TF_DNA_A_thaliana_Col-0_DAPi712H12-ORGi5005-96P155-repool	TAIR10.fa.gz
AT5G25190_A_thaliana_Col-0_DAPi711C05-ORGi5005-96P166	Arabidopsis_thaliana	https://ftp.sra.ebi.ac.uk/vol1/fastq/SRR312/008/SRR31238908/SRR31238908_1.fastq.gz	https://ftp.sra.ebi.ac.uk/vol1/fastq/SRR312/008/SRR31238908/SRR31238908_2.fastq.gz	Control_TF_DNA_A_thaliana_Col-0_DAPi712H12-ORGi5005-96P155-repool	TAIR10.fa.gz
AT5G25810_A_thaliana_Col-0_DAPi709E04-ORGi5005-96P169	Arabidopsis_thaliana	https://ftp.sra.ebi.ac.uk/vol1/fastq/SRR312/029/SRR31238729/SRR31238729_1.fastq.gz	https://ftp.sra.ebi.ac.uk/vol1/fastq/SRR312/029/SRR31238729/SRR31238729_2.fastq.gz	Control_TF_DNA_A_thaliana_Col-0_DAPi712H12-ORGi5005-96P155-repool	TAIR10.fa.gz
AT5G26170_A_thaliana_Col-0_DAPi710B11-ORGi5005-96P151	Arabidopsis_thaliana	https://ftp.sra.ebi.ac.uk/vol1/fastq/SRR312/072/SRR31238972/SRR31238972_1.fastq.gz	https://ftp.sra.ebi.ac.uk/vol1/fastq/SRR312/072/SRR31238972/SRR31238972_2.fastq.gz	Control_TF_DNA_A_thaliana_Col-0_DAPi712H12-ORGi5005-96P155-repool	TAIR10.fa.gz
AT5G39610_A_thaliana_Col-0_DAPi712D07-ORGi5005-96P155	Arabidopsis_thaliana	https://ftp.sra.ebi.ac.uk/vol1/fastq/SRR312/061/SRR31238561/SRR31238561_1.fastq.gz	https://ftp.sra.ebi.ac.uk/vol1/fastq/SRR312/061/SRR31238561/SRR31238561_2.fastq.gz	Control_TF_DNA_A_thaliana_Col-0_DAPi712H12-ORGi5005-96P155-repool	TAIR10.fa.gz
AT5G39760_A_thaliana_Col-0_DAPi709A02-ORGi5005-96P203	Arabidopsis_thaliana	https://ftp.sra.ebi.ac.uk/vol1/fastq/SRR312/091/SRR31239091/SRR31239091_1.fastq.gz	https://ftp.sra.ebi.ac.uk/vol1/fastq/SRR312/091/SRR31239091/SRR31239091_2.fastq.gz	Control_TF_DNA_A_thaliana_Col-0_DAPi712H12-ORGi5005-96P155-repool	TAIR10.fa.gz
AT5G39760_A_thaliana_Col-0_DAPi709A02-ORGi5005-96P206	Arabidopsis_thaliana	https://ftp.sra.ebi.ac.uk/vol1/fastq/SRR312/092/SRR31239092/SRR31239092_1.fastq.gz	https://ftp.sra.ebi.ac.uk/vol1/fastq/SRR312/092/SRR31239092/SRR31239092_2.fastq.gz	Control_TF_DNA_A_thaliana_Col-0_DAPi712H12-ORGi5005-96P155-repool	TAIR10.fa.gz
AT5G39760_A_thaliana_Col-0_DAPi711G03-ORGi5005-96P166	Arabidopsis_thaliana	https://ftp.sra.ebi.ac.uk/vol1/fastq/SRR312/097/SRR31239097/SRR31239097_1.fastq.gz	https://ftp.sra.ebi.ac.uk/vol1/fastq/SRR312/097/SRR31239097/SRR31239097_2.fastq.gz	Control_TF_DNA_A_thaliana_Col-0_DAPi712H12-ORGi5005-96P155-repool	TAIR10.fa.gz
AT5G39760_A_thaliana_Col-0_DAPi712A02-ORGi5005-96P220	Arabidopsis_thaliana	https://ftp.sra.ebi.ac.uk/vol1/fastq/SRR312/044/SRR31238744/SRR31238744_1.fastq.gz	https://ftp.sra.ebi.ac.uk/vol1/fastq/SRR312/044/SRR31238744/SRR31238744_2.fastq.gz	Control_TF_DNA_A_thaliana_Col-0_DAPi712H12-ORGi5005-96P155-repool	TAIR10.fa.gz
AT5G41570_A_thaliana_Col-0_DAPi711G08-ORGi5005-96P166	Arabidopsis_thaliana	https://ftp.sra.ebi.ac.uk/vol1/fastq/SRR312/066/SRR31238966/SRR31238966_1.fastq.gz	https://ftp.sra.ebi.ac.uk/vol1/fastq/SRR312/066/SRR31238966/SRR31238966_2.fastq.gz	Control_TF_DNA_A_thaliana_Col-0_DAPi712H12-ORGi5005-96P155-repool	TAIR10.fa.gz
AT5G45300_A_thaliana_Col-0_DAPi709G10-ORGi5005-96P203	Arabidopsis_thaliana	https://ftp.sra.ebi.ac.uk/vol1/fastq/SRR312/017/SRR31239217/SRR31239217_1.fastq.gz	https://ftp.sra.ebi.ac.uk/vol1/fastq/SRR312/017/SRR31239217/SRR31239217_2.fastq.gz	Control_TF_DNA_A_thaliana_Col-0_DAPi712H12-ORGi5005-96P155-repool	TAIR10.fa.gz
AT5G45300_A_thaliana_Col-0_DAPi709G10-ORGi5005-96P206	Arabidopsis_thaliana	https://ftp.sra.ebi.ac.uk/vol1/fastq/SRR312/016/SRR31239216/SRR31239216_1.fastq.gz	https://ftp.sra.ebi.ac.uk/vol1/fastq/SRR312/016/SRR31239216/SRR31239216_2.fastq.gz	Control_TF_DNA_A_thaliana_Col-0_DAPi712H12-ORGi5005-96P155-repool	TAIR10.fa.gz
AT5G45300_A_thaliana_Col-0_DAPi712D04-ORGi5005-96P155	Arabidopsis_thaliana	https://ftp.sra.ebi.ac.uk/vol1/fastq/SRR312/070/SRR31238670/SRR31238670_1.fastq.gz	https://ftp.sra.ebi.ac.uk/vol1/fastq/SRR312/070/SRR31238670/SRR31238670_2.fastq.gz	Control_TF_DNA_A_thaliana_Col-0_DAPi712H12-ORGi5005-96P155-repool	TAIR10.fa.gz
AT5G45300_A_thaliana_Col-0_DAPi712G10-ORGi5005-96P220	Arabidopsis_thaliana	https://ftp.sra.ebi.ac.uk/vol1/fastq/SRR312/018/SRR31238518/SRR31238518_1.fastq.gz	https://ftp.sra.ebi.ac.uk/vol1/fastq/SRR312/018/SRR31238518/SRR31238518_2.fastq.gz	Control_TF_DNA_A_thaliana_Col-0_DAPi712H12-ORGi5005-96P155-repool	TAIR10.fa.gz
AT5G45580_A_thaliana_Col-0_DAPi709A11-ORGi5005-96P169	Arabidopsis_thaliana	https://ftp.sra.ebi.ac.uk/vol1/fastq/SRR312/030/SRR31238830/SRR31238830_1.fastq.gz	https://ftp.sra.ebi.ac.uk/vol1/fastq/SRR312/030/SRR31238830/SRR31238830_2.fastq.gz	Control_TF_DNA_A_thaliana_Col-0_DAPi712H12-ORGi5005-96P155-repool	TAIR10.fa.gz
AT5G47230_A_thaliana_Col-0_DAPi709G06-ORGi5005-96P169	Arabidopsis_thaliana	https://ftp.sra.ebi.ac.uk/vol1/fastq/SRR312/039/SRR31239239/SRR31239239_1.fastq.gz	https://ftp.sra.ebi.ac.uk/vol1/fastq/SRR312/039/SRR31239239/SRR31239239_2.fastq.gz	Control_TF_DNA_A_thaliana_Col-0_DAPi712H12-ORGi5005-96P155-repool	TAIR10.fa.gz
AT5G47370_A_thaliana_Col-0_DAPi711B05-ORGi5005-96P166	Arabidopsis_thaliana	https://ftp.sra.ebi.ac.uk/vol1/fastq/SRR312/033/SRR31238433/SRR31238433_1.fastq.gz	https://ftp.sra.ebi.ac.uk/vol1/fastq/SRR312/033/SRR31238433/SRR31238433_2.fastq.gz	Control_TF_DNA_A_thaliana_Col-0_DAPi712H12-ORGi5005-96P155-repool	TAIR10.fa.gz
AT5G47390_A_thaliana_Col-0_DAPi709F01-ORGi5005-96P203	Arabidopsis_thaliana	https://ftp.sra.ebi.ac.uk/vol1/fastq/SRR312/060/SRR31238560/SRR31238560_1.fastq.gz	https://ftp.sra.ebi.ac.uk/vol1/fastq/SRR312/060/SRR31238560/SRR31238560_2.fastq.gz	Control_TF_DNA_A_thaliana_Col-0_DAPi712H12-ORGi5005-96P155-repool	TAIR10.fa.gz
AT5G47390_A_thaliana_Col-0_DAPi709F01-ORGi5005-96P206	Arabidopsis_thaliana	https://ftp.sra.ebi.ac.uk/vol1/fastq/SRR312/057/SRR31239157/SRR31239157_1.fastq.gz	https://ftp.sra.ebi.ac.uk/vol1/fastq/SRR312/057/SRR31239157/SRR31239157_2.fastq.gz	Control_TF_DNA_A_thaliana_Col-0_DAPi712H12-ORGi5005-96P155-repool	TAIR10.fa.gz
AT5G47390_A_thaliana_Col-0_DAPi711H02-ORGi5005-96P166	Arabidopsis_thaliana	https://ftp.sra.ebi.ac.uk/vol1/fastq/SRR312/005/SRR31238705/SRR31238705_1.fastq.gz	https://ftp.sra.ebi.ac.uk/vol1/fastq/SRR312/005/SRR31238705/SRR31238705_2.fastq.gz	Control_TF_DNA_A_thaliana_Col-0_DAPi712H12-ORGi5005-96P155-repool	TAIR10.fa.gz
AT5G47390_A_thaliana_Col-0_DAPi712F01-ORGi5005-96P220	Arabidopsis_thaliana	https://ftp.sra.ebi.ac.uk/vol1/fastq/SRR312/055/SRR31239155/SRR31239155_1.fastq.gz	https://ftp.sra.ebi.ac.uk/vol1/fastq/SRR312/055/SRR31239155/SRR31239155_2.fastq.gz	Control_TF_DNA_A_thaliana_Col-0_DAPi712H12-ORGi5005-96P155-repool	TAIR10.fa.gz
AT5G47660_A_thaliana_Col-0_DAPi710B06-ORGi5005-96P151	Arabidopsis_thaliana	https://ftp.sra.ebi.ac.uk/vol1/fastq/SRR312/055/SRR31238755/SRR31238755_1.fastq.gz	https://ftp.sra.ebi.ac.uk/vol1/fastq/SRR312/055/SRR31238755/SRR31238755_2.fastq.gz	Control_TF_DNA_A_thaliana_Col-0_DAPi712H12-ORGi5005-96P155-repool	TAIR10.fa.gz
AT5G51190_A_thaliana_Col-0_DAPi709G07-ORGi5005-96P169	Arabidopsis_thaliana	https://ftp.sra.ebi.ac.uk/vol1/fastq/SRR312/051/SRR31238751/SRR31238751_1.fastq.gz	https://ftp.sra.ebi.ac.uk/vol1/fastq/SRR312/051/SRR31238751/SRR31238751_2.fastq.gz	Control_TF_DNA_A_thaliana_Col-0_DAPi712H12-ORGi5005-96P155-repool	TAIR10.fa.gz
AT5G51990_A_thaliana_Col-0_DAPi710C04-ORGi5005-96P151	Arabidopsis_thaliana	https://ftp.sra.ebi.ac.uk/vol1/fastq/SRR312/048/SRR31239248/SRR31239248_1.fastq.gz	https://ftp.sra.ebi.ac.uk/vol1/fastq/SRR312/048/SRR31239248/SRR31239248_2.fastq.gz	Control_TF_DNA_A_thaliana_Col-0_DAPi712H12-ORGi5005-96P155-repool	TAIR10.fa.gz
AT5G52020_A_thaliana_Col-0_DAPi709A10-ORGi5005-96P169	Arabidopsis_thaliana	https://ftp.sra.ebi.ac.uk/vol1/fastq/SRR312/057/SRR31238857/SRR31238857_1.fastq.gz	https://ftp.sra.ebi.ac.uk/vol1/fastq/SRR312/057/SRR31238857/SRR31238857_2.fastq.gz	Control_TF_DNA_A_thaliana_Col-0_DAPi712H12-ORGi5005-96P155-repool	TAIR10.fa.gz
AT5G52660_A_thaliana_Col-0_DAPi709A06-ORGi5005-96P169	Arabidopsis_thaliana	https://ftp.sra.ebi.ac.uk/vol1/fastq/SRR312/020/SRR31239220/SRR31239220_1.fastq.gz	https://ftp.sra.ebi.ac.uk/vol1/fastq/SRR312/020/SRR31239220/SRR31239220_2.fastq.gz	Control_TF_DNA_A_thaliana_Col-0_DAPi712H12-ORGi5005-96P155-repool	TAIR10.fa.gz
AT5G52830_A_thaliana_Col-0_DAPi709F07-ORGi5005-96P203	Arabidopsis_thaliana	https://ftp.sra.ebi.ac.uk/vol1/fastq/SRR312/017/SRR31239017/SRR31239017_1.fastq.gz	https://ftp.sra.ebi.ac.uk/vol1/fastq/SRR312/017/SRR31239017/SRR31239017_2.fastq.gz	Control_TF_DNA_A_thaliana_Col-0_DAPi712H12-ORGi5005-96P155-repool	TAIR10.fa.gz
AT5G52830_A_thaliana_Col-0_DAPi709F07-ORGi5005-96P206	Arabidopsis_thaliana	https://ftp.sra.ebi.ac.uk/vol1/fastq/SRR312/019/SRR31239019/SRR31239019_1.fastq.gz	https://ftp.sra.ebi.ac.uk/vol1/fastq/SRR312/019/SRR31239019/SRR31239019_2.fastq.gz	Control_TF_DNA_A_thaliana_Col-0_DAPi712H12-ORGi5005-96P155-repool	TAIR10.fa.gz
AT5G52830_A_thaliana_Col-0_DAPi710G06-ORGi5005-96P151	Arabidopsis_thaliana	https://ftp.sra.ebi.ac.uk/vol1/fastq/SRR312/009/SRR31239109/SRR31239109_1.fastq.gz	https://ftp.sra.ebi.ac.uk/vol1/fastq/SRR312/009/SRR31239109/SRR31239109_2.fastq.gz	Control_TF_DNA_A_thaliana_Col-0_DAPi712H12-ORGi5005-96P155-repool	TAIR10.fa.gz
AT5G52830_A_thaliana_Col-0_DAPi712F07-ORGi5005-96P220	Arabidopsis_thaliana	https://ftp.sra.ebi.ac.uk/vol1/fastq/SRR312/064/SRR31239164/SRR31239164_1.fastq.gz	https://ftp.sra.ebi.ac.uk/vol1/fastq/SRR312/064/SRR31239164/SRR31239164_2.fastq.gz	Control_TF_DNA_A_thaliana_Col-0_DAPi712H12-ORGi5005-96P155-repool	TAIR10.fa.gz
AT5G53950_A_thaliana_Col-0_DAPi712A10-ORGi5005-96P155	Arabidopsis_thaliana	https://ftp.sra.ebi.ac.uk/vol1/fastq/SRR312/010/SRR31238510/SRR31238510_1.fastq.gz	https://ftp.sra.ebi.ac.uk/vol1/fastq/SRR312/010/SRR31238510/SRR31238510_2.fastq.gz	Control_TF_DNA_A_thaliana_Col-0_DAPi712H12-ORGi5005-96P155-repool	TAIR10.fa.gz
AT5G54230_A_thaliana_Col-0_DAPi709D07-ORGi5005-96P169	Arabidopsis_thaliana	https://ftp.sra.ebi.ac.uk/vol1/fastq/SRR312/001/SRR31238601/SRR31238601_1.fastq.gz	https://ftp.sra.ebi.ac.uk/vol1/fastq/SRR312/001/SRR31238601/SRR31238601_2.fastq.gz	Control_TF_DNA_A_thaliana_Col-0_DAPi712H12-ORGi5005-96P155-repool	TAIR10.fa.gz
AT5G56110_A_thaliana_Col-0_DAPi709E06-ORGi5005-96P203	Arabidopsis_thaliana	https://ftp.sra.ebi.ac.uk/vol1/fastq/SRR312/060/SRR31238860/SRR31238860_1.fastq.gz	https://ftp.sra.ebi.ac.uk/vol1/fastq/SRR312/060/SRR31238860/SRR31238860_2.fastq.gz	Control_TF_DNA_A_thaliana_Col-0_DAPi712H12-ORGi5005-96P155-repool	TAIR10.fa.gz
AT5G56110_A_thaliana_Col-0_DAPi709E06-ORGi5005-96P206	Arabidopsis_thaliana	https://ftp.sra.ebi.ac.uk/vol1/fastq/SRR312/059/SRR31238859/SRR31238859_1.fastq.gz	https://ftp.sra.ebi.ac.uk/vol1/fastq/SRR312/059/SRR31238859/SRR31238859_2.fastq.gz	Control_TF_DNA_A_thaliana_Col-0_DAPi712H12-ORGi5005-96P155-repool	TAIR10.fa.gz
AT5G56110_A_thaliana_Col-0_DAPi709F12-ORGi5005-96P169	Arabidopsis_thaliana	https://ftp.sra.ebi.ac.uk/vol1/fastq/SRR312/078/SRR31238878/SRR31238878_1.fastq.gz	https://ftp.sra.ebi.ac.uk/vol1/fastq/SRR312/078/SRR31238878/SRR31238878_2.fastq.gz	Control_TF_DNA_A_thaliana_Col-0_DAPi712H12-ORGi5005-96P155-repool	TAIR10.fa.gz
AT5G56110_A_thaliana_Col-0_DAPi712E06-ORGi5005-96P220	Arabidopsis_thaliana	https://ftp.sra.ebi.ac.uk/vol1/fastq/SRR312/032/SRR31238832/SRR31238832_1.fastq.gz	https://ftp.sra.ebi.ac.uk/vol1/fastq/SRR312/032/SRR31238832/SRR31238832_2.fastq.gz	Control_TF_DNA_A_thaliana_Col-0_DAPi712H12-ORGi5005-96P155-repool	TAIR10.fa.gz
AT5G56840_A_thaliana_Col-0_DAPi710D01-ORGi5005-96P151	Arabidopsis_thaliana	https://ftp.sra.ebi.ac.uk/vol1/fastq/SRR312/013/SRR31238513/SRR31238513_1.fastq.gz	https://ftp.sra.ebi.ac.uk/vol1/fastq/SRR312/013/SRR31238513/SRR31238513_2.fastq.gz	Control_TF_DNA_A_thaliana_Col-0_DAPi712H12-ORGi5005-96P155-repool	TAIR10.fa.gz
AT5G57620_A_thaliana_Col-0_DAPi712G12-ORGi5005-96P155	Arabidopsis_thaliana	https://ftp.sra.ebi.ac.uk/vol1/fastq/SRR312/060/SRR31239160/SRR31239160_1.fastq.gz	https://ftp.sra.ebi.ac.uk/vol1/fastq/SRR312/060/SRR31239160/SRR31239160_2.fastq.gz	Control_TF_DNA_A_thaliana_Col-0_DAPi712H12-ORGi5005-96P155-repool	TAIR10.fa.gz
AT5G58850_A_thaliana_Col-0_DAPi710A05-ORGi5005-96P151	Arabidopsis_thaliana	https://ftp.sra.ebi.ac.uk/vol1/fastq/SRR312/048/SRR31238448/SRR31238448_1.fastq.gz	https://ftp.sra.ebi.ac.uk/vol1/fastq/SRR312/048/SRR31238448/SRR31238448_2.fastq.gz	Control_TF_DNA_A_thaliana_Col-0_DAPi712H12-ORGi5005-96P155-repool	TAIR10.fa.gz
AT5G58900_A_thaliana_Col-0_DAPi711H04-ORGi5005-96P166	Arabidopsis_thaliana	https://ftp.sra.ebi.ac.uk/vol1/fastq/SRR312/039/SRR31238839/SRR31238839_1.fastq.gz	https://ftp.sra.ebi.ac.uk/vol1/fastq/SRR312/039/SRR31238839/SRR31238839_2.fastq.gz	Control_TF_DNA_A_thaliana_Col-0_DAPi712H12-ORGi5005-96P155-repool	TAIR10.fa.gz
AT5G60130_A_thaliana_Col-0_DAPi709C07-ORGi5005-96P203	Arabidopsis_thaliana	https://ftp.sra.ebi.ac.uk/vol1/fastq/SRR312/007/SRR31238507/SRR31238507_1.fastq.gz	https://ftp.sra.ebi.ac.uk/vol1/fastq/SRR312/007/SRR31238507/SRR31238507_2.fastq.gz	Control_TF_DNA_A_thaliana_Col-0_DAPi712H12-ORGi5005-96P155-repool	TAIR10.fa.gz
AT5G60130_A_thaliana_Col-0_DAPi709C07-ORGi5005-96P206	Arabidopsis_thaliana	https://ftp.sra.ebi.ac.uk/vol1/fastq/SRR312/006/SRR31238506/SRR31238506_1.fastq.gz	https://ftp.sra.ebi.ac.uk/vol1/fastq/SRR312/006/SRR31238506/SRR31238506_2.fastq.gz	Control_TF_DNA_A_thaliana_Col-0_DAPi712H12-ORGi5005-96P155-repool	TAIR10.fa.gz
AT5G60130_A_thaliana_Col-0_DAPi710A04-ORGi5005-96P151	Arabidopsis_thaliana	https://ftp.sra.ebi.ac.uk/vol1/fastq/SRR312/006/SRR31238706/SRR31238706_1.fastq.gz	https://ftp.sra.ebi.ac.uk/vol1/fastq/SRR312/006/SRR31238706/SRR31238706_2.fastq.gz	Control_TF_DNA_A_thaliana_Col-0_DAPi712H12-ORGi5005-96P155-repool	TAIR10.fa.gz
AT5G60130_A_thaliana_Col-0_DAPi712C07-ORGi5005-96P220	Arabidopsis_thaliana	https://ftp.sra.ebi.ac.uk/vol1/fastq/SRR312/022/SRR31238922/SRR31238922_1.fastq.gz	https://ftp.sra.ebi.ac.uk/vol1/fastq/SRR312/022/SRR31238922/SRR31238922_2.fastq.gz	Control_TF_DNA_A_thaliana_Col-0_DAPi712H12-ORGi5005-96P155-repool	TAIR10.fa.gz
AT5G60850_A_thaliana_Col-0_DAPi711F05-ORGi5005-96P166	Arabidopsis_thaliana	https://ftp.sra.ebi.ac.uk/vol1/fastq/SRR312/053/SRR31238953/SRR31238953_1.fastq.gz	https://ftp.sra.ebi.ac.uk/vol1/fastq/SRR312/053/SRR31238953/SRR31238953_2.fastq.gz	Control_TF_DNA_A_thaliana_Col-0_DAPi712H12-ORGi5005-96P155-repool	TAIR10.fa.gz
AT5G61620_A_thaliana_Col-0_DAPi712H05-ORGi5005-96P155	Arabidopsis_thaliana	https://ftp.sra.ebi.ac.uk/vol1/fastq/SRR312/034/SRR31239034/SRR31239034_1.fastq.gz	https://ftp.sra.ebi.ac.uk/vol1/fastq/SRR312/034/SRR31239034/SRR31239034_2.fastq.gz	Control_TF_DNA_A_thaliana_Col-0_DAPi712H12-ORGi5005-96P155-repool	TAIR10.fa.gz
AT5G62000_A_thaliana_Col-0_DAPi711D08-ORGi5005-96P166	Arabidopsis_thaliana	https://ftp.sra.ebi.ac.uk/vol1/fastq/SRR312/033/SRR31238633/SRR31238633_1.fastq.gz	https://ftp.sra.ebi.ac.uk/vol1/fastq/SRR312/033/SRR31238633/SRR31238633_2.fastq.gz	Control_TF_DNA_A_thaliana_Col-0_DAPi712H12-ORGi5005-96P155-repool	TAIR10.fa.gz
AT5G62020_A_thaliana_Col-0_DAPi709E04-ORGi5005-96P203	Arabidopsis_thaliana	https://ftp.sra.ebi.ac.uk/vol1/fastq/SRR312/032/SRR31238932/SRR31238932_1.fastq.gz	https://ftp.sra.ebi.ac.uk/vol1/fastq/SRR312/032/SRR31238932/SRR31238932_2.fastq.gz	Control_TF_DNA_A_thaliana_Col-0_DAPi712H12-ORGi5005-96P155-repool	TAIR10.fa.gz
AT5G62020_A_thaliana_Col-0_DAPi709E04-ORGi5005-96P206	Arabidopsis_thaliana	https://ftp.sra.ebi.ac.uk/vol1/fastq/SRR312/033/SRR31238933/SRR31238933_1.fastq.gz	https://ftp.sra.ebi.ac.uk/vol1/fastq/SRR312/033/SRR31238933/SRR31238933_2.fastq.gz	Control_TF_DNA_A_thaliana_Col-0_DAPi712H12-ORGi5005-96P155-repool	TAIR10.fa.gz
AT5G62020_A_thaliana_Col-0_DAPi709G02-ORGi5005-96P169	Arabidopsis_thaliana	https://ftp.sra.ebi.ac.uk/vol1/fastq/SRR312/000/SRR31238500/SRR31238500_1.fastq.gz	https://ftp.sra.ebi.ac.uk/vol1/fastq/SRR312/000/SRR31238500/SRR31238500_2.fastq.gz	Control_TF_DNA_A_thaliana_Col-0_DAPi712H12-ORGi5005-96P155-repool	TAIR10.fa.gz
AT5G62020_A_thaliana_Col-0_DAPi712E04-ORGi5005-96P220	Arabidopsis_thaliana	https://ftp.sra.ebi.ac.uk/vol1/fastq/SRR312/026/SRR31238626/SRR31238626_1.fastq.gz	https://ftp.sra.ebi.ac.uk/vol1/fastq/SRR312/026/SRR31238626/SRR31238626_2.fastq.gz	Control_TF_DNA_A_thaliana_Col-0_DAPi712H12-ORGi5005-96P155-repool	TAIR10.fa.gz
AT5G62320_A_thaliana_Col-0_DAPi710A03-ORGi5005-96P151	Arabidopsis_thaliana	https://ftp.sra.ebi.ac.uk/vol1/fastq/SRR312/068/SRR31238868/SRR31238868_1.fastq.gz	https://ftp.sra.ebi.ac.uk/vol1/fastq/SRR312/068/SRR31238868/SRR31238868_2.fastq.gz	Control_TF_DNA_A_thaliana_Col-0_DAPi712H12-ORGi5005-96P155-repool	TAIR10.fa.gz
AT5G62470_A_thaliana_Col-0_DAPi709C08-ORGi5005-96P203	Arabidopsis_thaliana	https://ftp.sra.ebi.ac.uk/vol1/fastq/SRR312/031/SRR31238431/SRR31238431_1.fastq.gz	https://ftp.sra.ebi.ac.uk/vol1/fastq/SRR312/031/SRR31238431/SRR31238431_2.fastq.gz	Control_TF_DNA_A_thaliana_Col-0_DAPi712H12-ORGi5005-96P155-repool	TAIR10.fa.gz
AT5G62470_A_thaliana_Col-0_DAPi709C08-ORGi5005-96P206	Arabidopsis_thaliana	https://ftp.sra.ebi.ac.uk/vol1/fastq/SRR312/029/SRR31238429/SRR31238429_1.fastq.gz	https://ftp.sra.ebi.ac.uk/vol1/fastq/SRR312/029/SRR31238429/SRR31238429_2.fastq.gz	Control_TF_DNA_A_thaliana_Col-0_DAPi712H12-ORGi5005-96P155-repool	TAIR10.fa.gz
AT5G62470_A_thaliana_Col-0_DAPi710A08-ORGi5005-96P151	Arabidopsis_thaliana	https://ftp.sra.ebi.ac.uk/vol1/fastq/SRR312/061/SRR31239261/SRR31239261_1.fastq.gz	https://ftp.sra.ebi.ac.uk/vol1/fastq/SRR312/061/SRR31239261/SRR31239261_2.fastq.gz	Control_TF_DNA_A_thaliana_Col-0_DAPi712H12-ORGi5005-96P155-repool	TAIR10.fa.gz
AT5G62470_A_thaliana_Col-0_DAPi712C08-ORGi5005-96P220	Arabidopsis_thaliana	https://ftp.sra.ebi.ac.uk/vol1/fastq/SRR312/078/SRR31238578/SRR31238578_1.fastq.gz	https://ftp.sra.ebi.ac.uk/vol1/fastq/SRR312/078/SRR31238578/SRR31238578_2.fastq.gz	Control_TF_DNA_A_thaliana_Col-0_DAPi712H12-ORGi5005-96P155-repool	TAIR10.fa.gz
AT5G62940_A_thaliana_Col-0_DAPi709A05-ORGi5005-96P203	Arabidopsis_thaliana	https://ftp.sra.ebi.ac.uk/vol1/fastq/SRR312/023/SRR31238923/SRR31238923_1.fastq.gz	https://ftp.sra.ebi.ac.uk/vol1/fastq/SRR312/023/SRR31238923/SRR31238923_2.fastq.gz	Control_TF_DNA_A_thaliana_Col-0_DAPi712H12-ORGi5005-96P155-repool	TAIR10.fa.gz
AT5G62940_A_thaliana_Col-0_DAPi709A05-ORGi5005-96P206	Arabidopsis_thaliana	https://ftp.sra.ebi.ac.uk/vol1/fastq/SRR312/024/SRR31238924/SRR31238924_1.fastq.gz	https://ftp.sra.ebi.ac.uk/vol1/fastq/SRR312/024/SRR31238924/SRR31238924_2.fastq.gz	Control_TF_DNA_A_thaliana_Col-0_DAPi712H12-ORGi5005-96P155-repool	TAIR10.fa.gz
AT5G62940_A_thaliana_Col-0_DAPi709D05-ORGi5005-96P169	Arabidopsis_thaliana	https://ftp.sra.ebi.ac.uk/vol1/fastq/SRR312/016/SRR31238916/SRR31238916_1.fastq.gz	https://ftp.sra.ebi.ac.uk/vol1/fastq/SRR312/016/SRR31238916/SRR31238916_2.fastq.gz	Control_TF_DNA_A_thaliana_Col-0_DAPi712H12-ORGi5005-96P155-repool	TAIR10.fa.gz
AT5G62940_A_thaliana_Col-0_DAPi712A05-ORGi5005-96P220	Arabidopsis_thaliana	https://ftp.sra.ebi.ac.uk/vol1/fastq/SRR312/057/SRR31238457/SRR31238457_1.fastq.gz	https://ftp.sra.ebi.ac.uk/vol1/fastq/SRR312/057/SRR31238457/SRR31238457_2.fastq.gz	Control_TF_DNA_A_thaliana_Col-0_DAPi712H12-ORGi5005-96P155-repool	TAIR10.fa.gz
AT5G64060_A_thaliana_Col-0_DAPi709F10-ORGi5005-96P169	Arabidopsis_thaliana	https://ftp.sra.ebi.ac.uk/vol1/fastq/SRR312/033/SRR31238733/SRR31238733_1.fastq.gz	https://ftp.sra.ebi.ac.uk/vol1/fastq/SRR312/033/SRR31238733/SRR31238733_2.fastq.gz	Control_TF_DNA_A_thaliana_Col-0_DAPi712H12-ORGi5005-96P155-repool	TAIR10.fa.gz
AT5G64750_A_thaliana_Col-0_DAPi709E03-ORGi5005-96P203	Arabidopsis_thaliana	https://ftp.sra.ebi.ac.uk/vol1/fastq/SRR312/011/SRR31238611/SRR31238611_1.fastq.gz	https://ftp.sra.ebi.ac.uk/vol1/fastq/SRR312/011/SRR31238611/SRR31238611_2.fastq.gz	Control_TF_DNA_A_thaliana_Col-0_DAPi712H12-ORGi5005-96P155-repool	TAIR10.fa.gz
AT5G64750_A_thaliana_Col-0_DAPi709E03-ORGi5005-96P206	Arabidopsis_thaliana	https://ftp.sra.ebi.ac.uk/vol1/fastq/SRR312/010/SRR31238610/SRR31238610_1.fastq.gz	https://ftp.sra.ebi.ac.uk/vol1/fastq/SRR312/010/SRR31238610/SRR31238610_2.fastq.gz	Control_TF_DNA_A_thaliana_Col-0_DAPi712H12-ORGi5005-96P155-repool	TAIR10.fa.gz
AT5G64750_A_thaliana_Col-0_DAPi711G09-ORGi5005-96P166	Arabidopsis_thaliana	https://ftp.sra.ebi.ac.uk/vol1/fastq/SRR312/058/SRR31239158/SRR31239158_1.fastq.gz	https://ftp.sra.ebi.ac.uk/vol1/fastq/SRR312/058/SRR31239158/SRR31239158_2.fastq.gz	Control_TF_DNA_A_thaliana_Col-0_DAPi712H12-ORGi5005-96P155-repool	TAIR10.fa.gz
AT5G64750_A_thaliana_Col-0_DAPi712E03-ORGi5005-96P220	Arabidopsis_thaliana	https://ftp.sra.ebi.ac.uk/vol1/fastq/SRR312/046/SRR31238746/SRR31238746_1.fastq.gz	https://ftp.sra.ebi.ac.uk/vol1/fastq/SRR312/046/SRR31238746/SRR31238746_2.fastq.gz	Control_TF_DNA_A_thaliana_Col-0_DAPi712H12-ORGi5005-96P155-repool	TAIR10.fa.gz
AT5G65130_A_thaliana_Col-0_DAPi709B01-ORGi5005-96P169	Arabidopsis_thaliana	https://ftp.sra.ebi.ac.uk/vol1/fastq/SRR312/042/SRR31238742/SRR31238742_1.fastq.gz	https://ftp.sra.ebi.ac.uk/vol1/fastq/SRR312/042/SRR31238742/SRR31238742_2.fastq.gz	Control_TF_DNA_A_thaliana_Col-0_DAPi712H12-ORGi5005-96P155-repool	TAIR10.fa.gz
AT5G65210_A_thaliana_Col-0_DAPi712G11-ORGi5005-96P155	Arabidopsis_thaliana	https://ftp.sra.ebi.ac.uk/vol1/fastq/SRR312/046/SRR31238446/SRR31238446_1.fastq.gz	https://ftp.sra.ebi.ac.uk/vol1/fastq/SRR312/046/SRR31238446/SRR31238446_2.fastq.gz	Control_TF_DNA_A_thaliana_Col-0_DAPi712H12-ORGi5005-96P155-repool	TAIR10.fa.gz
AT5G65310_A_thaliana_Col-0_DAPi710G10-ORGi5005-96P151	Arabidopsis_thaliana	https://ftp.sra.ebi.ac.uk/vol1/fastq/SRR312/092/SRR31238892/SRR31238892_1.fastq.gz	https://ftp.sra.ebi.ac.uk/vol1/fastq/SRR312/092/SRR31238892/SRR31238892_2.fastq.gz	Control_TF_DNA_A_thaliana_Col-0_DAPi712H12-ORGi5005-96P155-repool	TAIR10.fa.gz
AT5G65410_A_thaliana_Col-0_DAPi709D03-ORGi5005-96P203	Arabidopsis_thaliana	https://ftp.sra.ebi.ac.uk/vol1/fastq/SRR312/009/SRR31238509/SRR31238509_1.fastq.gz	https://ftp.sra.ebi.ac.uk/vol1/fastq/SRR312/009/SRR31238509/SRR31238509_2.fastq.gz	Control_TF_DNA_A_thaliana_Col-0_DAPi712H12-ORGi5005-96P155-repool	TAIR10.fa.gz
AT5G65410_A_thaliana_Col-0_DAPi709D03-ORGi5005-96P206	Arabidopsis_thaliana	https://ftp.sra.ebi.ac.uk/vol1/fastq/SRR312/023/SRR31238823/SRR31238823_1.fastq.gz	https://ftp.sra.ebi.ac.uk/vol1/fastq/SRR312/023/SRR31238823/SRR31238823_2.fastq.gz	Control_TF_DNA_A_thaliana_Col-0_DAPi712H12-ORGi5005-96P155-repool	TAIR10.fa.gz
AT5G65410_A_thaliana_Col-0_DAPi711D09-ORGi5005-96P166	Arabidopsis_thaliana	https://ftp.sra.ebi.ac.uk/vol1/fastq/SRR312/009/SRR31239209/SRR31239209_1.fastq.gz	https://ftp.sra.ebi.ac.uk/vol1/fastq/SRR312/009/SRR31239209/SRR31239209_2.fastq.gz	Control_TF_DNA_A_thaliana_Col-0_DAPi712H12-ORGi5005-96P155-repool	TAIR10.fa.gz
AT5G65410_A_thaliana_Col-0_DAPi712D03-ORGi5005-96P220	Arabidopsis_thaliana	https://ftp.sra.ebi.ac.uk/vol1/fastq/SRR312/013/SRR31238813/SRR31238813_1.fastq.gz	https://ftp.sra.ebi.ac.uk/vol1/fastq/SRR312/013/SRR31238813/SRR31238813_2.fastq.gz	Control_TF_DNA_A_thaliana_Col-0_DAPi712H12-ORGi5005-96P155-repool	TAIR10.fa.gz
AT5G66300_A_thaliana_Col-0_DAPi712E10-ORGi5005-96P155	Arabidopsis_thaliana	https://ftp.sra.ebi.ac.uk/vol1/fastq/SRR312/048/SRR31238648/SRR31238648_1.fastq.gz	https://ftp.sra.ebi.ac.uk/vol1/fastq/SRR312/048/SRR31238648/SRR31238648_2.fastq.gz	Control_TF_DNA_A_thaliana_Col-0_DAPi712H12-ORGi5005-96P155-repool	TAIR10.fa.gz
AT5G66700_A_thaliana_Col-0_DAPi712A06-ORGi5005-96P155	Arabidopsis_thaliana	https://ftp.sra.ebi.ac.uk/vol1/fastq/SRR312/085/SRR31238585/SRR31238585_1.fastq.gz	https://ftp.sra.ebi.ac.uk/vol1/fastq/SRR312/085/SRR31238585/SRR31238585_2.fastq.gz	Control_TF_DNA_A_thaliana_Col-0_DAPi712H12-ORGi5005-96P155-repool	TAIR10.fa.gz
AT5G66940_A_thaliana_Col-0_DAPi710B10-ORGi5005-96P151	Arabidopsis_thaliana	https://ftp.sra.ebi.ac.uk/vol1/fastq/SRR312/031/SRR31238731/SRR31238731_1.fastq.gz	https://ftp.sra.ebi.ac.uk/vol1/fastq/SRR312/031/SRR31238731/SRR31238731_2.fastq.gz	Control_TF_DNA_A_thaliana_Col-0_DAPi712H12-ORGi5005-96P155-repool	TAIR10.fa.gz
AT5G67300_A_thaliana_Col-0_DAPi709B01-ORGi5005-96P203	Arabidopsis_thaliana	https://ftp.sra.ebi.ac.uk/vol1/fastq/SRR312/001/SRR31238401/SRR31238401_1.fastq.gz	https://ftp.sra.ebi.ac.uk/vol1/fastq/SRR312/001/SRR31238401/SRR31238401_2.fastq.gz	Control_TF_DNA_A_thaliana_Col-0_DAPi712H12-ORGi5005-96P155-repool	TAIR10.fa.gz
AT5G67300_A_thaliana_Col-0_DAPi709B01-ORGi5005-96P206	Arabidopsis_thaliana	https://ftp.sra.ebi.ac.uk/vol1/fastq/SRR312/099/SRR31238399/SRR31238399_1.fastq.gz	https://ftp.sra.ebi.ac.uk/vol1/fastq/SRR312/099/SRR31238399/SRR31238399_2.fastq.gz	Control_TF_DNA_A_thaliana_Col-0_DAPi712H12-ORGi5005-96P155-repool	TAIR10.fa.gz
AT5G67300_A_thaliana_Col-0_DAPi711B01-ORGi5005-96P166	Arabidopsis_thaliana	https://ftp.sra.ebi.ac.uk/vol1/fastq/SRR312/089/SRR31238989/SRR31238989_1.fastq.gz	https://ftp.sra.ebi.ac.uk/vol1/fastq/SRR312/089/SRR31238989/SRR31238989_2.fastq.gz	Control_TF_DNA_A_thaliana_Col-0_DAPi712H12-ORGi5005-96P155-repool	TAIR10.fa.gz
AT5G67300_A_thaliana_Col-0_DAPi712B01-ORGi5005-96P220	Arabidopsis_thaliana	https://ftp.sra.ebi.ac.uk/vol1/fastq/SRR312/067/SRR31239267/SRR31239267_1.fastq.gz	https://ftp.sra.ebi.ac.uk/vol1/fastq/SRR312/067/SRR31239267/SRR31239267_2.fastq.gz	Control_TF_DNA_A_thaliana_Col-0_DAPi712H12-ORGi5005-96P155-repool	TAIR10.fa.gz
AT5G67580_A_thaliana_Col-0_DAPi711D05-ORGi5005-96P166	Arabidopsis_thaliana	https://ftp.sra.ebi.ac.uk/vol1/fastq/SRR312/002/SRR31239002/SRR31239002_1.fastq.gz	https://ftp.sra.ebi.ac.uk/vol1/fastq/SRR312/002/SRR31239002/SRR31239002_2.fastq.gz	Control_TF_DNA_A_thaliana_Col-0_DAPi712H12-ORGi5005-96P155-repool	TAIR10.fa.gz
Carub.0001s0116.1_A_thaliana_Col-0_DAPi709C10-ORGi5005-96P354	Arabidopsis_thaliana	https://ftp.sra.ebi.ac.uk/vol1/fastq/SRR312/015/SRR31238915/SRR31238915_1.fastq.gz	https://ftp.sra.ebi.ac.uk/vol1/fastq/SRR312/015/SRR31238915/SRR31238915_2.fastq.gz	Control_TF_DNA_A_thaliana_Col-0_DAPi712H12-ORGi5005-96P155-repool	TAIR10.fa.gz
Carub.0001s0116.1_A_thaliana_Col-0_DAPi711C10-ORGi5005-96P361	Arabidopsis_thaliana	https://ftp.sra.ebi.ac.uk/vol1/fastq/SRR312/002/SRR31238602/SRR31238602_1.fastq.gz	https://ftp.sra.ebi.ac.uk/vol1/fastq/SRR312/002/SRR31238602/SRR31238602_2.fastq.gz	Control_TF_DNA_A_thaliana_Col-0_DAPi712H12-ORGi5005-96P155-repool	TAIR10.fa.gz
Carub.0001s0116.1_A_thaliana_Col-0_DAPi712C10-ORGi5005-96P247	Arabidopsis_thaliana	https://ftp.sra.ebi.ac.uk/vol1/fastq/SRR312/011/SRR31239211/SRR31239211_1.fastq.gz	https://ftp.sra.ebi.ac.uk/vol1/fastq/SRR312/011/SRR31239211/SRR31239211_2.fastq.gz	Control_TF_DNA_A_thaliana_Col-0_DAPi712H12-ORGi5005-96P155-repool	TAIR10.fa.gz
Carub.0001s1194.1_A_thaliana_Col-0_DAPi709D03-ORGi5005-96P354	Arabidopsis_thaliana	https://ftp.sra.ebi.ac.uk/vol1/fastq/SRR312/051/SRR31239151/SRR31239151_1.fastq.gz	https://ftp.sra.ebi.ac.uk/vol1/fastq/SRR312/051/SRR31239151/SRR31239151_2.fastq.gz	Control_TF_DNA_A_thaliana_Col-0_DAPi712H12-ORGi5005-96P155-repool	TAIR10.fa.gz
Carub.0001s1194.1_A_thaliana_Col-0_DAPi711D03-ORGi5005-96P361	Arabidopsis_thaliana	https://ftp.sra.ebi.ac.uk/vol1/fastq/SRR312/028/SRR31238728/SRR31238728_1.fastq.gz	https://ftp.sra.ebi.ac.uk/vol1/fastq/SRR312/028/SRR31238728/SRR31238728_2.fastq.gz	Control_TF_DNA_A_thaliana_Col-0_DAPi712H12-ORGi5005-96P155-repool	TAIR10.fa.gz
Carub.0001s1194.1_A_thaliana_Col-0_DAPi712D03-ORGi5005-96P247	Arabidopsis_thaliana	https://ftp.sra.ebi.ac.uk/vol1/fastq/SRR312/005/SRR31239105/SRR31239105_1.fastq.gz	https://ftp.sra.ebi.ac.uk/vol1/fastq/SRR312/005/SRR31239105/SRR31239105_2.fastq.gz	Control_TF_DNA_A_thaliana_Col-0_DAPi712H12-ORGi5005-96P155-repool	TAIR10.fa.gz
Carub.0001s1299.1_A_thaliana_Col-0_DAPi710B10-ORGi5005-96P358	Arabidopsis_thaliana	https://ftp.sra.ebi.ac.uk/vol1/fastq/SRR312/004/SRR31239104/SRR31239104_1.fastq.gz	https://ftp.sra.ebi.ac.uk/vol1/fastq/SRR312/004/SRR31239104/SRR31239104_2.fastq.gz	Control_TF_DNA_A_thaliana_Col-0_DAPi712H12-ORGi5005-96P155-repool	TAIR10.fa.gz
Carub.0001s1299.1_A_thaliana_Col-0_DAPi712B10-ORGi5005-96P364	Arabidopsis_thaliana	https://ftp.sra.ebi.ac.uk/vol1/fastq/SRR312/084/SRR31238984/SRR31238984_1.fastq.gz	https://ftp.sra.ebi.ac.uk/vol1/fastq/SRR312/084/SRR31238984/SRR31238984_2.fastq.gz	Control_TF_DNA_A_thaliana_Col-0_DAPi712H12-ORGi5005-96P155-repool	TAIR10.fa.gz
Carub.0001s3581.1.p_A_thaliana_Col-0_DAPi709D01-ORGi5005-96P354	Arabidopsis_thaliana	https://ftp.sra.ebi.ac.uk/vol1/fastq/SRR312/070/SRR31238770/SRR31238770_1.fastq.gz	https://ftp.sra.ebi.ac.uk/vol1/fastq/SRR312/070/SRR31238770/SRR31238770_2.fastq.gz	Control_TF_DNA_A_thaliana_Col-0_DAPi712H12-ORGi5005-96P155-repool	TAIR10.fa.gz
Carub.0001s3581.1.p_A_thaliana_Col-0_DAPi711D01-ORGi5005-96P361	Arabidopsis_thaliana	https://ftp.sra.ebi.ac.uk/vol1/fastq/SRR312/046/SRR31238546/SRR31238546_1.fastq.gz	https://ftp.sra.ebi.ac.uk/vol1/fastq/SRR312/046/SRR31238546/SRR31238546_2.fastq.gz	Control_TF_DNA_A_thaliana_Col-0_DAPi712H12-ORGi5005-96P155-repool	TAIR10.fa.gz
Carub.0001s3581.1.p_A_thaliana_Col-0_DAPi712D01-ORGi5005-96P247	Arabidopsis_thaliana	https://ftp.sra.ebi.ac.uk/vol1/fastq/SRR312/052/SRR31238852/SRR31238852_1.fastq.gz	https://ftp.sra.ebi.ac.uk/vol1/fastq/SRR312/052/SRR31238852/SRR31238852_2.fastq.gz	Control_TF_DNA_A_thaliana_Col-0_DAPi712H12-ORGi5005-96P155-repool	TAIR10.fa.gz
Carub.0002s1646.1_A_thaliana_Col-0_DAPi709C12-ORGi5005-96P354	Arabidopsis_thaliana	https://ftp.sra.ebi.ac.uk/vol1/fastq/SRR312/028/SRR31238428/SRR31238428_1.fastq.gz	https://ftp.sra.ebi.ac.uk/vol1/fastq/SRR312/028/SRR31238428/SRR31238428_2.fastq.gz	Control_TF_DNA_A_thaliana_Col-0_DAPi712H12-ORGi5005-96P155-repool	TAIR10.fa.gz
Carub.0002s1646.1_A_thaliana_Col-0_DAPi711C12-ORGi5005-96P361	Arabidopsis_thaliana	https://ftp.sra.ebi.ac.uk/vol1/fastq/SRR312/072/SRR31239072/SRR31239072_1.fastq.gz	https://ftp.sra.ebi.ac.uk/vol1/fastq/SRR312/072/SRR31239072/SRR31239072_2.fastq.gz	Control_TF_DNA_A_thaliana_Col-0_DAPi712H12-ORGi5005-96P155-repool	TAIR10.fa.gz
Carub.0002s1646.1_A_thaliana_Col-0_DAPi712C12-ORGi5005-96P247	Arabidopsis_thaliana	https://ftp.sra.ebi.ac.uk/vol1/fastq/SRR312/049/SRR31238649/SRR31238649_1.fastq.gz	https://ftp.sra.ebi.ac.uk/vol1/fastq/SRR312/049/SRR31238649/SRR31238649_2.fastq.gz	Control_TF_DNA_A_thaliana_Col-0_DAPi712H12-ORGi5005-96P155-repool	TAIR10.fa.gz
Carub.0002s1959.1_A_thaliana_Col-0_DAPi709H10-ORGi5005-96P354	Arabidopsis_thaliana	https://ftp.sra.ebi.ac.uk/vol1/fastq/SRR312/027/SRR31238427/SRR31238427_1.fastq.gz	https://ftp.sra.ebi.ac.uk/vol1/fastq/SRR312/027/SRR31238427/SRR31238427_2.fastq.gz	Control_TF_DNA_A_thaliana_Col-0_DAPi712H12-ORGi5005-96P155-repool	TAIR10.fa.gz
Carub.0002s1959.1_A_thaliana_Col-0_DAPi711H10-ORGi5005-96P361	Arabidopsis_thaliana	https://ftp.sra.ebi.ac.uk/vol1/fastq/SRR312/068/SRR31238568/SRR31238568_1.fastq.gz	https://ftp.sra.ebi.ac.uk/vol1/fastq/SRR312/068/SRR31238568/SRR31238568_2.fastq.gz	Control_TF_DNA_A_thaliana_Col-0_DAPi712H12-ORGi5005-96P155-repool	TAIR10.fa.gz
Carub.0002s1959.1_A_thaliana_Col-0_DAPi712H10-ORGi5005-96P247	Arabidopsis_thaliana	https://ftp.sra.ebi.ac.uk/vol1/fastq/SRR312/095/SRR31238495/SRR31238495_1.fastq.gz	https://ftp.sra.ebi.ac.uk/vol1/fastq/SRR312/095/SRR31238495/SRR31238495_2.fastq.gz	Control_TF_DNA_A_thaliana_Col-0_DAPi712H12-ORGi5005-96P155-repool	TAIR10.fa.gz
Carub.0002s2128.1_A_thaliana_Col-0_DAPi710G10-ORGi5005-96P358	Arabidopsis_thaliana	https://ftp.sra.ebi.ac.uk/vol1/fastq/SRR312/061/SRR31238961/SRR31238961_1.fastq.gz	https://ftp.sra.ebi.ac.uk/vol1/fastq/SRR312/061/SRR31238961/SRR31238961_2.fastq.gz	Control_TF_DNA_A_thaliana_Col-0_DAPi712H12-ORGi5005-96P155-repool	TAIR10.fa.gz
Carub.0002s2128.1_A_thaliana_Col-0_DAPi712G10-ORGi5005-96P364	Arabidopsis_thaliana	https://ftp.sra.ebi.ac.uk/vol1/fastq/SRR312/003/SRR31239103/SRR31239103_1.fastq.gz	https://ftp.sra.ebi.ac.uk/vol1/fastq/SRR312/003/SRR31239103/SRR31239103_2.fastq.gz	Control_TF_DNA_A_thaliana_Col-0_DAPi712H12-ORGi5005-96P155-repool	TAIR10.fa.gz
Carub.0002s2670.1_A_thaliana_Col-0_DAPi709E11-ORGi5005-96P354	Arabidopsis_thaliana	https://ftp.sra.ebi.ac.uk/vol1/fastq/SRR312/046/SRR31238846/SRR31238846_1.fastq.gz	https://ftp.sra.ebi.ac.uk/vol1/fastq/SRR312/046/SRR31238846/SRR31238846_2.fastq.gz	Control_TF_DNA_A_thaliana_Col-0_DAPi712H12-ORGi5005-96P155-repool	TAIR10.fa.gz
Carub.0002s2670.1_A_thaliana_Col-0_DAPi711E11-ORGi5005-96P361	Arabidopsis_thaliana	https://ftp.sra.ebi.ac.uk/vol1/fastq/SRR312/049/SRR31239249/SRR31239249_1.fastq.gz	https://ftp.sra.ebi.ac.uk/vol1/fastq/SRR312/049/SRR31239249/SRR31239249_2.fastq.gz	Control_TF_DNA_A_thaliana_Col-0_DAPi712H12-ORGi5005-96P155-repool	TAIR10.fa.gz
Carub.0002s2670.1_A_thaliana_Col-0_DAPi712E11-ORGi5005-96P247	Arabidopsis_thaliana	https://ftp.sra.ebi.ac.uk/vol1/fastq/SRR312/007/SRR31239107/SRR31239107_1.fastq.gz	https://ftp.sra.ebi.ac.uk/vol1/fastq/SRR312/007/SRR31239107/SRR31239107_2.fastq.gz	Control_TF_DNA_A_thaliana_Col-0_DAPi712H12-ORGi5005-96P155-repool	TAIR10.fa.gz
Carub.0003s1161.1.p_A_thaliana_Col-0_DAPi709G07-ORGi5005-96P354	Arabidopsis_thaliana	https://ftp.sra.ebi.ac.uk/vol1/fastq/SRR312/038/SRR31238938/SRR31238938_1.fastq.gz	https://ftp.sra.ebi.ac.uk/vol1/fastq/SRR312/038/SRR31238938/SRR31238938_2.fastq.gz	Control_TF_DNA_A_thaliana_Col-0_DAPi712H12-ORGi5005-96P155-repool	TAIR10.fa.gz
Carub.0003s1161.1.p_A_thaliana_Col-0_DAPi711G07-ORGi5005-96P361	Arabidopsis_thaliana	https://ftp.sra.ebi.ac.uk/vol1/fastq/SRR312/046/SRR31239146/SRR31239146_1.fastq.gz	https://ftp.sra.ebi.ac.uk/vol1/fastq/SRR312/046/SRR31239146/SRR31239146_2.fastq.gz	Control_TF_DNA_A_thaliana_Col-0_DAPi712H12-ORGi5005-96P155-repool	TAIR10.fa.gz
Carub.0003s1161.1.p_A_thaliana_Col-0_DAPi712G07-ORGi5005-96P247	Arabidopsis_thaliana	https://ftp.sra.ebi.ac.uk/vol1/fastq/SRR312/069/SRR31238969/SRR31238969_1.fastq.gz	https://ftp.sra.ebi.ac.uk/vol1/fastq/SRR312/069/SRR31238969/SRR31238969_2.fastq.gz	Control_TF_DNA_A_thaliana_Col-0_DAPi712H12-ORGi5005-96P155-repool	TAIR10.fa.gz
Carub.0003s3279.1_A_thaliana_Col-0_DAPi710B01-ORGi5005-96P358	Arabidopsis_thaliana	https://ftp.sra.ebi.ac.uk/vol1/fastq/SRR312/025/SRR31239025/SRR31239025_1.fastq.gz	https://ftp.sra.ebi.ac.uk/vol1/fastq/SRR312/025/SRR31239025/SRR31239025_2.fastq.gz	Control_TF_DNA_A_thaliana_Col-0_DAPi712H12-ORGi5005-96P155-repool	TAIR10.fa.gz
Carub.0003s3279.1_A_thaliana_Col-0_DAPi712B01-ORGi5005-96P364	Arabidopsis_thaliana	https://ftp.sra.ebi.ac.uk/vol1/fastq/SRR312/015/SRR31238615/SRR31238615_1.fastq.gz	https://ftp.sra.ebi.ac.uk/vol1/fastq/SRR312/015/SRR31238615/SRR31238615_2.fastq.gz	Control_TF_DNA_A_thaliana_Col-0_DAPi712H12-ORGi5005-96P155-repool	TAIR10.fa.gz
Carub.0004s2291.1_A_thaliana_Col-0_DAPi709A09-ORGi5005-96P354	Arabidopsis_thaliana	https://ftp.sra.ebi.ac.uk/vol1/fastq/SRR312/076/SRR31238776/SRR31238776_1.fastq.gz	https://ftp.sra.ebi.ac.uk/vol1/fastq/SRR312/076/SRR31238776/SRR31238776_2.fastq.gz	Control_TF_DNA_A_thaliana_Col-0_DAPi712H12-ORGi5005-96P155-repool	TAIR10.fa.gz
Carub.0004s2291.1_A_thaliana_Col-0_DAPi711A09-ORGi5005-96P361	Arabidopsis_thaliana	https://ftp.sra.ebi.ac.uk/vol1/fastq/SRR312/030/SRR31238530/SRR31238530_1.fastq.gz	https://ftp.sra.ebi.ac.uk/vol1/fastq/SRR312/030/SRR31238530/SRR31238530_2.fastq.gz	Control_TF_DNA_A_thaliana_Col-0_DAPi712H12-ORGi5005-96P155-repool	TAIR10.fa.gz
Carub.0004s2291.1_A_thaliana_Col-0_DAPi712A09-ORGi5005-96P247	Arabidopsis_thaliana	https://ftp.sra.ebi.ac.uk/vol1/fastq/SRR312/027/SRR31238527/SRR31238527_1.fastq.gz	https://ftp.sra.ebi.ac.uk/vol1/fastq/SRR312/027/SRR31238527/SRR31238527_2.fastq.gz	Control_TF_DNA_A_thaliana_Col-0_DAPi712H12-ORGi5005-96P155-repool	TAIR10.fa.gz
Carub.0004s2803.1_A_thaliana_Col-0_DAPi710D05-ORGi5005-96P358	Arabidopsis_thaliana	https://ftp.sra.ebi.ac.uk/vol1/fastq/SRR312/051/SRR31238951/SRR31238951_1.fastq.gz	https://ftp.sra.ebi.ac.uk/vol1/fastq/SRR312/051/SRR31238951/SRR31238951_2.fastq.gz	Control_TF_DNA_A_thaliana_Col-0_DAPi712H12-ORGi5005-96P155-repool	TAIR10.fa.gz
Carub.0004s2803.1_A_thaliana_Col-0_DAPi712D05-ORGi5005-96P364	Arabidopsis_thaliana	https://ftp.sra.ebi.ac.uk/vol1/fastq/SRR312/010/SRR31238410/SRR31238410_1.fastq.gz	https://ftp.sra.ebi.ac.uk/vol1/fastq/SRR312/010/SRR31238410/SRR31238410_2.fastq.gz	Control_TF_DNA_A_thaliana_Col-0_DAPi712H12-ORGi5005-96P155-repool	TAIR10.fa.gz
Carub.0004s2898.1.p_A_thaliana_Col-0_DAPi709B07-ORGi5005-96P354	Arabidopsis_thaliana	https://ftp.sra.ebi.ac.uk/vol1/fastq/SRR312/095/SRR31238595/SRR31238595_1.fastq.gz	https://ftp.sra.ebi.ac.uk/vol1/fastq/SRR312/095/SRR31238595/SRR31238595_2.fastq.gz	Control_TF_DNA_A_thaliana_Col-0_DAPi712H12-ORGi5005-96P155-repool	TAIR10.fa.gz
Carub.0004s2898.1.p_A_thaliana_Col-0_DAPi711B07-ORGi5005-96P361	Arabidopsis_thaliana	https://ftp.sra.ebi.ac.uk/vol1/fastq/SRR312/053/SRR31238853/SRR31238853_1.fastq.gz	https://ftp.sra.ebi.ac.uk/vol1/fastq/SRR312/053/SRR31238853/SRR31238853_2.fastq.gz	Control_TF_DNA_A_thaliana_Col-0_DAPi712H12-ORGi5005-96P155-repool	TAIR10.fa.gz
Carub.0004s2898.1.p_A_thaliana_Col-0_DAPi712B07-ORGi5005-96P247	Arabidopsis_thaliana	https://ftp.sra.ebi.ac.uk/vol1/fastq/SRR312/009/SRR31239009/SRR31239009_1.fastq.gz	https://ftp.sra.ebi.ac.uk/vol1/fastq/SRR312/009/SRR31239009/SRR31239009_2.fastq.gz	Control_TF_DNA_A_thaliana_Col-0_DAPi712H12-ORGi5005-96P155-repool	TAIR10.fa.gz
Carub.0004s2981.1_A_thaliana_Col-0_DAPi710A06-ORGi5005-96P358	Arabidopsis_thaliana	https://ftp.sra.ebi.ac.uk/vol1/fastq/SRR312/062/SRR31239162/SRR31239162_1.fastq.gz	https://ftp.sra.ebi.ac.uk/vol1/fastq/SRR312/062/SRR31239162/SRR31239162_2.fastq.gz	Control_TF_DNA_A_thaliana_Col-0_DAPi712H12-ORGi5005-96P155-repool	TAIR10.fa.gz
Carub.0004s2981.1_A_thaliana_Col-0_DAPi712A06-ORGi5005-96P364	Arabidopsis_thaliana	https://ftp.sra.ebi.ac.uk/vol1/fastq/SRR312/085/SRR31238485/SRR31238485_1.fastq.gz	https://ftp.sra.ebi.ac.uk/vol1/fastq/SRR312/085/SRR31238485/SRR31238485_2.fastq.gz	Control_TF_DNA_A_thaliana_Col-0_DAPi712H12-ORGi5005-96P155-repool	TAIR10.fa.gz
Carub.0005s0004.1_A_thaliana_Col-0_DAPi710G01-ORGi5005-96P358	Arabidopsis_thaliana	https://ftp.sra.ebi.ac.uk/vol1/fastq/SRR312/004/SRR31239004/SRR31239004_1.fastq.gz	https://ftp.sra.ebi.ac.uk/vol1/fastq/SRR312/004/SRR31239004/SRR31239004_2.fastq.gz	Control_TF_DNA_A_thaliana_Col-0_DAPi712H12-ORGi5005-96P155-repool	TAIR10.fa.gz
Carub.0005s0004.1_A_thaliana_Col-0_DAPi712G01-ORGi5005-96P364	Arabidopsis_thaliana	https://ftp.sra.ebi.ac.uk/vol1/fastq/SRR312/008/SRR31238408/SRR31238408_1.fastq.gz	https://ftp.sra.ebi.ac.uk/vol1/fastq/SRR312/008/SRR31238408/SRR31238408_2.fastq.gz	Control_TF_DNA_A_thaliana_Col-0_DAPi712H12-ORGi5005-96P155-repool	TAIR10.fa.gz
Carub.0005s0095.1_A_thaliana_Col-0_DAPi710H08-ORGi5005-96P358	Arabidopsis_thaliana	https://ftp.sra.ebi.ac.uk/vol1/fastq/SRR312/058/SRR31239058/SRR31239058_1.fastq.gz	https://ftp.sra.ebi.ac.uk/vol1/fastq/SRR312/058/SRR31239058/SRR31239058_2.fastq.gz	Control_TF_DNA_A_thaliana_Col-0_DAPi712H12-ORGi5005-96P155-repool	TAIR10.fa.gz
Carub.0005s0095.1_A_thaliana_Col-0_DAPi712H08-ORGi5005-96P364	Arabidopsis_thaliana	https://ftp.sra.ebi.ac.uk/vol1/fastq/SRR312/090/SRR31238590/SRR31238590_1.fastq.gz	https://ftp.sra.ebi.ac.uk/vol1/fastq/SRR312/090/SRR31238590/SRR31238590_2.fastq.gz	Control_TF_DNA_A_thaliana_Col-0_DAPi712H12-ORGi5005-96P155-repool	TAIR10.fa.gz
Carub.0005s0520.1_A_thaliana_Col-0_DAPi710B04-ORGi5005-96P358	Arabidopsis_thaliana	https://ftp.sra.ebi.ac.uk/vol1/fastq/SRR312/012/SRR31238512/SRR31238512_1.fastq.gz	https://ftp.sra.ebi.ac.uk/vol1/fastq/SRR312/012/SRR31238512/SRR31238512_2.fastq.gz	Control_TF_DNA_A_thaliana_Col-0_DAPi712H12-ORGi5005-96P155-repool	TAIR10.fa.gz
Carub.0005s0520.1_A_thaliana_Col-0_DAPi712B04-ORGi5005-96P364	Arabidopsis_thaliana	https://ftp.sra.ebi.ac.uk/vol1/fastq/SRR312/065/SRR31239165/SRR31239165_1.fastq.gz	https://ftp.sra.ebi.ac.uk/vol1/fastq/SRR312/065/SRR31239165/SRR31239165_2.fastq.gz	Control_TF_DNA_A_thaliana_Col-0_DAPi712H12-ORGi5005-96P155-repool	TAIR10.fa.gz
Carub.0006s0445.1_A_thaliana_Col-0_DAPi710B07-ORGi5005-96P358	Arabidopsis_thaliana	https://ftp.sra.ebi.ac.uk/vol1/fastq/SRR312/040/SRR31239140/SRR31239140_1.fastq.gz	https://ftp.sra.ebi.ac.uk/vol1/fastq/SRR312/040/SRR31239140/SRR31239140_2.fastq.gz	Control_TF_DNA_A_thaliana_Col-0_DAPi712H12-ORGi5005-96P155-repool	TAIR10.fa.gz
Carub.0006s0445.1_A_thaliana_Col-0_DAPi712B07-ORGi5005-96P364	Arabidopsis_thaliana	https://ftp.sra.ebi.ac.uk/vol1/fastq/SRR312/084/SRR31239184/SRR31239184_1.fastq.gz	https://ftp.sra.ebi.ac.uk/vol1/fastq/SRR312/084/SRR31239184/SRR31239184_2.fastq.gz	Control_TF_DNA_A_thaliana_Col-0_DAPi712H12-ORGi5005-96P155-repool	TAIR10.fa.gz
Carub.0007s0775.1_A_thaliana_Col-0_DAPi709A04-ORGi5005-96P354	Arabidopsis_thaliana	https://ftp.sra.ebi.ac.uk/vol1/fastq/SRR312/060/SRR31238660/SRR31238660_1.fastq.gz	https://ftp.sra.ebi.ac.uk/vol1/fastq/SRR312/060/SRR31238660/SRR31238660_2.fastq.gz	Control_TF_DNA_A_thaliana_Col-0_DAPi712H12-ORGi5005-96P155-repool	TAIR10.fa.gz
Carub.0007s0775.1_A_thaliana_Col-0_DAPi711A04-ORGi5005-96P361	Arabidopsis_thaliana	https://ftp.sra.ebi.ac.uk/vol1/fastq/SRR312/060/SRR31238960/SRR31238960_1.fastq.gz	https://ftp.sra.ebi.ac.uk/vol1/fastq/SRR312/060/SRR31238960/SRR31238960_2.fastq.gz	Control_TF_DNA_A_thaliana_Col-0_DAPi712H12-ORGi5005-96P155-repool	TAIR10.fa.gz
Carub.0008s0039.1_A_thaliana_Col-0_DAPi709F09-ORGi5005-96P354	Arabidopsis_thaliana	https://ftp.sra.ebi.ac.uk/vol1/fastq/SRR312/017/SRR31238617/SRR31238617_1.fastq.gz	https://ftp.sra.ebi.ac.uk/vol1/fastq/SRR312/017/SRR31238617/SRR31238617_2.fastq.gz	Control_TF_DNA_A_thaliana_Col-0_DAPi712H12-ORGi5005-96P155-repool	TAIR10.fa.gz
Carub.0008s0039.1_A_thaliana_Col-0_DAPi711F09-ORGi5005-96P361	Arabidopsis_thaliana	https://ftp.sra.ebi.ac.uk/vol1/fastq/SRR312/008/SRR31238808/SRR31238808_1.fastq.gz	https://ftp.sra.ebi.ac.uk/vol1/fastq/SRR312/008/SRR31238808/SRR31238808_2.fastq.gz	Control_TF_DNA_A_thaliana_Col-0_DAPi712H12-ORGi5005-96P155-repool	TAIR10.fa.gz
Carub.0008s0039.1_A_thaliana_Col-0_DAPi712F09-ORGi5005-96P247	Arabidopsis_thaliana	https://ftp.sra.ebi.ac.uk/vol1/fastq/SRR312/024/SRR31239124/SRR31239124_1.fastq.gz	https://ftp.sra.ebi.ac.uk/vol1/fastq/SRR312/024/SRR31239124/SRR31239124_2.fastq.gz	Control_TF_DNA_A_thaliana_Col-0_DAPi712H12-ORGi5005-96P155-repool	TAIR10.fa.gz
Carub.0008s0285.1_A_thaliana_Col-0_DAPi709D08-ORGi5005-96P354	Arabidopsis_thaliana	https://ftp.sra.ebi.ac.uk/vol1/fastq/SRR312/006/SRR31238806/SRR31238806_1.fastq.gz	https://ftp.sra.ebi.ac.uk/vol1/fastq/SRR312/006/SRR31238806/SRR31238806_2.fastq.gz	Control_TF_DNA_A_thaliana_Col-0_DAPi712H12-ORGi5005-96P155-repool	TAIR10.fa.gz
Carub.0008s0285.1_A_thaliana_Col-0_DAPi711D08-ORGi5005-96P361	Arabidopsis_thaliana	https://ftp.sra.ebi.ac.uk/vol1/fastq/SRR312/051/SRR31238651/SRR31238651_1.fastq.gz	https://ftp.sra.ebi.ac.uk/vol1/fastq/SRR312/051/SRR31238651/SRR31238651_2.fastq.gz	Control_TF_DNA_A_thaliana_Col-0_DAPi712H12-ORGi5005-96P155-repool	TAIR10.fa.gz
Carub.0008s0285.1_A_thaliana_Col-0_DAPi712D08-ORGi5005-96P247	Arabidopsis_thaliana	https://ftp.sra.ebi.ac.uk/vol1/fastq/SRR312/037/SRR31238837/SRR31238837_1.fastq.gz	https://ftp.sra.ebi.ac.uk/vol1/fastq/SRR312/037/SRR31238837/SRR31238837_2.fastq.gz	Control_TF_DNA_A_thaliana_Col-0_DAPi712H12-ORGi5005-96P155-repool	TAIR10.fa.gz
Carub.0008s2269.1_A_thaliana_Col-0_DAPi709G02-ORGi5005-96P354	Arabidopsis_thaliana	https://ftp.sra.ebi.ac.uk/vol1/fastq/SRR312/085/SRR31238685/SRR31238685_1.fastq.gz	https://ftp.sra.ebi.ac.uk/vol1/fastq/SRR312/085/SRR31238685/SRR31238685_2.fastq.gz	Control_TF_DNA_A_thaliana_Col-0_DAPi712H12-ORGi5005-96P155-repool	TAIR10.fa.gz
Control_TF_DNA_A_thaliana_Col-0_DAPi709A01-ORGi5005-96P169	Arabidopsis_thaliana	https://ftp.sra.ebi.ac.uk/vol1/fastq/SRR312/040/SRR31238640/SRR31238640_1.fastq.gz	https://ftp.sra.ebi.ac.uk/vol1/fastq/SRR312/040/SRR31238640/SRR31238640_2.fastq.gz	-	TAIR10.fa.gz
Control_TF_DNA_A_thaliana_Col-0_DAPi709A01-ORGi5005-96P203	Arabidopsis_thaliana	https://ftp.sra.ebi.ac.uk/vol1/fastq/SRR312/069/SRR31239069/SRR31239069_1.fastq.gz	https://ftp.sra.ebi.ac.uk/vol1/fastq/SRR312/069/SRR31239069/SRR31239069_2.fastq.gz	-	TAIR10.fa.gz
Control_TF_DNA_A_thaliana_Col-0_DAPi709A01-ORGi5005-96P206	Arabidopsis_thaliana	https://ftp.sra.ebi.ac.uk/vol1/fastq/SRR312/068/SRR31239068/SRR31239068_1.fastq.gz	https://ftp.sra.ebi.ac.uk/vol1/fastq/SRR312/068/SRR31239068/SRR31239068_2.fastq.gz	-	TAIR10.fa.gz
Control_TF_DNA_A_thaliana_Col-0_DAPi709A01-ORGi5005-96P354	Arabidopsis_thaliana	https://ftp.sra.ebi.ac.uk/vol1/fastq/SRR312/086/SRR31239186/SRR31239186_1.fastq.gz	https://ftp.sra.ebi.ac.uk/vol1/fastq/SRR312/086/SRR31239186/SRR31239186_2.fastq.gz	-	TAIR10.fa.gz
Control_TF_DNA_A_thaliana_Col-0_DAPi709A12-ORGi5005-96P169	Arabidopsis_thaliana	https://ftp.sra.ebi.ac.uk/vol1/fastq/SRR312/069/SRR31239269/SRR31239269_1.fastq.gz	https://ftp.sra.ebi.ac.uk/vol1/fastq/SRR312/069/SRR31239269/SRR31239269_2.fastq.gz	-	TAIR10.fa.gz
Control_TF_DNA_A_thaliana_Col-0_DAPi709A12-ORGi5005-96P203	Arabidopsis_thaliana	https://ftp.sra.ebi.ac.uk/vol1/fastq/SRR312/041/SRR31239241/SRR31239241_1.fastq.gz	https://ftp.sra.ebi.ac.uk/vol1/fastq/SRR312/041/SRR31239241/SRR31239241_2.fastq.gz	-	TAIR10.fa.gz
Control_TF_DNA_A_thaliana_Col-0_DAPi709A12-ORGi5005-96P206	Arabidopsis_thaliana	https://ftp.sra.ebi.ac.uk/vol1/fastq/SRR312/043/SRR31239243/SRR31239243_1.fastq.gz	https://ftp.sra.ebi.ac.uk/vol1/fastq/SRR312/043/SRR31239243/SRR31239243_2.fastq.gz	-	TAIR10.fa.gz
Control_TF_DNA_A_thaliana_Col-0_DAPi709H01-ORGi5005-96P169	Arabidopsis_thaliana	https://ftp.sra.ebi.ac.uk/vol1/fastq/SRR312/025/SRR31238625/SRR31238625_1.fastq.gz	https://ftp.sra.ebi.ac.uk/vol1/fastq/SRR312/025/SRR31238625/SRR31238625_2.fastq.gz	-	TAIR10.fa.gz
Control_TF_DNA_A_thaliana_Col-0_DAPi709H01-ORGi5005-96P203	Arabidopsis_thaliana	https://ftp.sra.ebi.ac.uk/vol1/fastq/SRR312/073/SRR31239173/SRR31239173_1.fastq.gz	https://ftp.sra.ebi.ac.uk/vol1/fastq/SRR312/073/SRR31239173/SRR31239173_2.fastq.gz	-	TAIR10.fa.gz
Control_TF_DNA_A_thaliana_Col-0_DAPi709H01-ORGi5005-96P206	Arabidopsis_thaliana	https://ftp.sra.ebi.ac.uk/vol1/fastq/SRR312/076/SRR31239176/SRR31239176_1.fastq.gz	https://ftp.sra.ebi.ac.uk/vol1/fastq/SRR312/076/SRR31239176/SRR31239176_2.fastq.gz	-	TAIR10.fa.gz
Control_TF_DNA_A_thaliana_Col-0_DAPi709H01-ORGi5005-96P354	Arabidopsis_thaliana	https://ftp.sra.ebi.ac.uk/vol1/fastq/SRR312/034/SRR31238534/SRR31238534_1.fastq.gz	https://ftp.sra.ebi.ac.uk/vol1/fastq/SRR312/034/SRR31238534/SRR31238534_2.fastq.gz	-	TAIR10.fa.gz
Control_TF_DNA_A_thaliana_Col-0_DAPi709H12-ORGi5005-96P169	Arabidopsis_thaliana	https://ftp.sra.ebi.ac.uk/vol1/fastq/SRR312/024/SRR31239024/SRR31239024_1.fastq.gz	https://ftp.sra.ebi.ac.uk/vol1/fastq/SRR312/024/SRR31239024/SRR31239024_2.fastq.gz	-	TAIR10.fa.gz
Control_TF_DNA_A_thaliana_Col-0_DAPi709H12-ORGi5005-96P203	Arabidopsis_thaliana	https://ftp.sra.ebi.ac.uk/vol1/fastq/SRR312/014/SRR31239214/SRR31239214_1.fastq.gz	https://ftp.sra.ebi.ac.uk/vol1/fastq/SRR312/014/SRR31239214/SRR31239214_2.fastq.gz	-	TAIR10.fa.gz
Control_TF_DNA_A_thaliana_Col-0_DAPi709H12-ORGi5005-96P206	Arabidopsis_thaliana	https://ftp.sra.ebi.ac.uk/vol1/fastq/SRR312/030/SRR31238430/SRR31238430_1.fastq.gz	https://ftp.sra.ebi.ac.uk/vol1/fastq/SRR312/030/SRR31238430/SRR31238430_2.fastq.gz	-	TAIR10.fa.gz
Control_TF_DNA_A_thaliana_Col-0_DAPi709H12-ORGi5005-96P354	Arabidopsis_thaliana	https://ftp.sra.ebi.ac.uk/vol1/fastq/SRR312/041/SRR31238941/SRR31238941_1.fastq.gz	https://ftp.sra.ebi.ac.uk/vol1/fastq/SRR312/041/SRR31238941/SRR31238941_2.fastq.gz	-	TAIR10.fa.gz
Control_TF_DNA_A_thaliana_Col-0_DAPi710A01-ORGi5005-96P358	Arabidopsis_thaliana	https://ftp.sra.ebi.ac.uk/vol1/fastq/SRR312/063/SRR31238563/SRR31238563_1.fastq.gz	https://ftp.sra.ebi.ac.uk/vol1/fastq/SRR312/063/SRR31238563/SRR31238563_2.fastq.gz	-	TAIR10.fa.gz
Control_TF_DNA_A_thaliana_Col-0_DAPi710A12-ORGi5005-96P151	Arabidopsis_thaliana	https://ftp.sra.ebi.ac.uk/vol1/fastq/SRR312/047/SRR31239247/SRR31239247_1.fastq.gz	https://ftp.sra.ebi.ac.uk/vol1/fastq/SRR312/047/SRR31239247/SRR31239247_2.fastq.gz	-	TAIR10.fa.gz
Control_TF_DNA_A_thaliana_Col-0_DAPi710A12-ORGi5005-96P151-repool	Arabidopsis_thaliana	https://ftp.sra.ebi.ac.uk/vol1/fastq/SRR312/009/SRR31238909/SRR31238909_1.fastq.gz	https://ftp.sra.ebi.ac.uk/vol1/fastq/SRR312/009/SRR31238909/SRR31238909_2.fastq.gz	-	TAIR10.fa.gz
Control_TF_DNA_A_thaliana_Col-0_DAPi710A12-ORGi5005-96P358	Arabidopsis_thaliana	https://ftp.sra.ebi.ac.uk/vol1/fastq/SRR312/029/SRR31239229/SRR31239229_1.fastq.gz	https://ftp.sra.ebi.ac.uk/vol1/fastq/SRR312/029/SRR31239229/SRR31239229_2.fastq.gz	-	TAIR10.fa.gz
Control_TF_DNA_A_thaliana_Col-0_DAPi710G12-ORGi5005-96P358	Arabidopsis_thaliana	https://ftp.sra.ebi.ac.uk/vol1/fastq/SRR312/077/SRR31238677/SRR31238677_1.fastq.gz	https://ftp.sra.ebi.ac.uk/vol1/fastq/SRR312/077/SRR31238677/SRR31238677_2.fastq.gz	-	TAIR10.fa.gz
Control_TF_DNA_A_thaliana_Col-0_DAPi710H01-ORGi5005-96P151	Arabidopsis_thaliana	https://ftp.sra.ebi.ac.uk/vol1/fastq/SRR312/000/SRR31238800/SRR31238800_1.fastq.gz	https://ftp.sra.ebi.ac.uk/vol1/fastq/SRR312/000/SRR31238800/SRR31238800_2.fastq.gz	-	TAIR10.fa.gz
Control_TF_DNA_A_thaliana_Col-0_DAPi710H01-ORGi5005-96P151-repool	Arabidopsis_thaliana	https://ftp.sra.ebi.ac.uk/vol1/fastq/SRR312/064/SRR31238864/SRR31238864_1.fastq.gz	https://ftp.sra.ebi.ac.uk/vol1/fastq/SRR312/064/SRR31238864/SRR31238864_2.fastq.gz	-	TAIR10.fa.gz
Control_TF_DNA_A_thaliana_Col-0_DAPi710H01-ORGi5005-96P358	Arabidopsis_thaliana	https://ftp.sra.ebi.ac.uk/vol1/fastq/SRR312/033/SRR31238533/SRR31238533_1.fastq.gz	https://ftp.sra.ebi.ac.uk/vol1/fastq/SRR312/033/SRR31238533/SRR31238533_2.fastq.gz	-	TAIR10.fa.gz
Control_TF_DNA_A_thaliana_Col-0_DAPi710H12-ORGi5005-96P151	Arabidopsis_thaliana	https://ftp.sra.ebi.ac.uk/vol1/fastq/SRR312/063/SRR31238763/SRR31238763_1.fastq.gz	https://ftp.sra.ebi.ac.uk/vol1/fastq/SRR312/063/SRR31238763/SRR31238763_2.fastq.gz	-	TAIR10.fa.gz
Control_TF_DNA_A_thaliana_Col-0_DAPi710H12-ORGi5005-96P151-repool	Arabidopsis_thaliana	https://ftp.sra.ebi.ac.uk/vol1/fastq/SRR312/044/SRR31239144/SRR31239144_1.fastq.gz	https://ftp.sra.ebi.ac.uk/vol1/fastq/SRR312/044/SRR31239144/SRR31239144_2.fastq.gz	-	TAIR10.fa.gz
Control_TF_DNA_A_thaliana_Col-0_DAPi710H12-ORGi5005-96P358	Arabidopsis_thaliana	https://ftp.sra.ebi.ac.uk/vol1/fastq/SRR312/011/SRR31238811/SRR31238811_1.fastq.gz	https://ftp.sra.ebi.ac.uk/vol1/fastq/SRR312/011/SRR31238811/SRR31238811_2.fastq.gz	-	TAIR10.fa.gz
Control_TF_DNA_A_thaliana_Col-0_DAPi711A01-ORGi5005-96P166	Arabidopsis_thaliana	https://ftp.sra.ebi.ac.uk/vol1/fastq/SRR312/093/SRR31238593/SRR31238593_1.fastq.gz	https://ftp.sra.ebi.ac.uk/vol1/fastq/SRR312/093/SRR31238593/SRR31238593_2.fastq.gz	-	TAIR10.fa.gz
Control_TF_DNA_A_thaliana_Col-0_DAPi711A01-ORGi5005-96P361	Arabidopsis_thaliana	https://ftp.sra.ebi.ac.uk/vol1/fastq/SRR312/094/SRR31238594/SRR31238594_1.fastq.gz	https://ftp.sra.ebi.ac.uk/vol1/fastq/SRR312/094/SRR31238594/SRR31238594_2.fastq.gz	-	TAIR10.fa.gz
Control_TF_DNA_A_thaliana_Col-0_DAPi711A12-ORGi5005-96P166	Arabidopsis_thaliana	https://ftp.sra.ebi.ac.uk/vol1/fastq/SRR312/082/SRR31239082/SRR31239082_1.fastq.gz	https://ftp.sra.ebi.ac.uk/vol1/fastq/SRR312/082/SRR31239082/SRR31239082_2.fastq.gz	-	TAIR10.fa.gz
Control_TF_DNA_A_thaliana_Col-0_DAPi711H01-ORGi5005-96P166	Arabidopsis_thaliana	https://ftp.sra.ebi.ac.uk/vol1/fastq/SRR312/048/SRR31238548/SRR31238548_1.fastq.gz	https://ftp.sra.ebi.ac.uk/vol1/fastq/SRR312/048/SRR31238548/SRR31238548_2.fastq.gz	-	TAIR10.fa.gz
Control_TF_DNA_A_thaliana_Col-0_DAPi711H01-ORGi5005-96P361	Arabidopsis_thaliana	https://ftp.sra.ebi.ac.uk/vol1/fastq/SRR312/081/SRR31238581/SRR31238581_1.fastq.gz	https://ftp.sra.ebi.ac.uk/vol1/fastq/SRR312/081/SRR31238581/SRR31238581_2.fastq.gz	-	TAIR10.fa.gz
Control_TF_DNA_A_thaliana_Col-0_DAPi711H12-ORGi5005-96P166	Arabidopsis_thaliana	https://ftp.sra.ebi.ac.uk/vol1/fastq/SRR312/027/SRR31239127/SRR31239127_1.fastq.gz	https://ftp.sra.ebi.ac.uk/vol1/fastq/SRR312/027/SRR31239127/SRR31239127_2.fastq.gz	-	TAIR10.fa.gz
Control_TF_DNA_A_thaliana_Col-0_DAPi711H12-ORGi5005-96P361	Arabidopsis_thaliana	https://ftp.sra.ebi.ac.uk/vol1/fastq/SRR312/072/SRR31238672/SRR31238672_1.fastq.gz	https://ftp.sra.ebi.ac.uk/vol1/fastq/SRR312/072/SRR31238672/SRR31238672_2.fastq.gz	-	TAIR10.fa.gz
Control_TF_DNA_A_thaliana_Col-0_DAPi712A01-ORGi5005-96P155	Arabidopsis_thaliana	https://ftp.sra.ebi.ac.uk/vol1/fastq/SRR312/098/SRR31238898/SRR31238898_1.fastq.gz	https://ftp.sra.ebi.ac.uk/vol1/fastq/SRR312/098/SRR31238898/SRR31238898_2.fastq.gz	-	TAIR10.fa.gz
Control_TF_DNA_A_thaliana_Col-0_DAPi712A01-ORGi5005-96P155-repool	Arabidopsis_thaliana	https://ftp.sra.ebi.ac.uk/vol1/fastq/SRR312/098/SRR31238498/SRR31238498_1.fastq.gz	https://ftp.sra.ebi.ac.uk/vol1/fastq/SRR312/098/SRR31238498/SRR31238498_2.fastq.gz	-	TAIR10.fa.gz
Control_TF_DNA_A_thaliana_Col-0_DAPi712A01-ORGi5005-96P220	Arabidopsis_thaliana	https://ftp.sra.ebi.ac.uk/vol1/fastq/SRR312/069/SRR31239169/SRR31239169_1.fastq.gz	https://ftp.sra.ebi.ac.uk/vol1/fastq/SRR312/069/SRR31239169/SRR31239169_2.fastq.gz	-	TAIR10.fa.gz
Control_TF_DNA_A_thaliana_Col-0_DAPi712A01-ORGi5005-96P247	Arabidopsis_thaliana	https://ftp.sra.ebi.ac.uk/vol1/fastq/SRR312/029/SRR31238529/SRR31238529_1.fastq.gz	https://ftp.sra.ebi.ac.uk/vol1/fastq/SRR312/029/SRR31238529/SRR31238529_2.fastq.gz	-	TAIR10.fa.gz
Control_TF_DNA_A_thaliana_Col-0_DAPi712A01-ORGi5005-96P364	Arabidopsis_thaliana	https://ftp.sra.ebi.ac.uk/vol1/fastq/SRR312/025/SRR31238425/SRR31238425_1.fastq.gz	https://ftp.sra.ebi.ac.uk/vol1/fastq/SRR312/025/SRR31238425/SRR31238425_2.fastq.gz	-	TAIR10.fa.gz
Control_TF_DNA_A_thaliana_Col-0_DAPi712A12-ORGi5005-96P155	Arabidopsis_thaliana	https://ftp.sra.ebi.ac.uk/vol1/fastq/SRR312/031/SRR31239231/SRR31239231_1.fastq.gz	https://ftp.sra.ebi.ac.uk/vol1/fastq/SRR312/031/SRR31239231/SRR31239231_2.fastq.gz	-	TAIR10.fa.gz
Control_TF_DNA_A_thaliana_Col-0_DAPi712A12-ORGi5005-96P155-repool	Arabidopsis_thaliana	https://ftp.sra.ebi.ac.uk/vol1/fastq/SRR312/086/SRR31238686/SRR31238686_1.fastq.gz	https://ftp.sra.ebi.ac.uk/vol1/fastq/SRR312/086/SRR31238686/SRR31238686_2.fastq.gz	-	TAIR10.fa.gz
Control_TF_DNA_A_thaliana_Col-0_DAPi712A12-ORGi5005-96P220	Arabidopsis_thaliana	https://ftp.sra.ebi.ac.uk/vol1/fastq/SRR312/088/SRR31238688/SRR31238688_1.fastq.gz	https://ftp.sra.ebi.ac.uk/vol1/fastq/SRR312/088/SRR31238688/SRR31238688_2.fastq.gz	-	TAIR10.fa.gz
Control_TF_DNA_A_thaliana_Col-0_DAPi712A12-ORGi5005-96P247	Arabidopsis_thaliana	https://ftp.sra.ebi.ac.uk/vol1/fastq/SRR312/075/SRR31238975/SRR31238975_1.fastq.gz	https://ftp.sra.ebi.ac.uk/vol1/fastq/SRR312/075/SRR31238975/SRR31238975_2.fastq.gz	-	TAIR10.fa.gz
Control_TF_DNA_A_thaliana_Col-0_DAPi712A12-ORGi5005-96P364	Arabidopsis_thaliana	https://ftp.sra.ebi.ac.uk/vol1/fastq/SRR312/095/SRR31238795/SRR31238795_1.fastq.gz	https://ftp.sra.ebi.ac.uk/vol1/fastq/SRR312/095/SRR31238795/SRR31238795_2.fastq.gz	-	TAIR10.fa.gz
Control_TF_DNA_A_thaliana_Col-0_DAPi712G12-ORGi5005-96P364	Arabidopsis_thaliana	https://ftp.sra.ebi.ac.uk/vol1/fastq/SRR312/019/SRR31239219/SRR31239219_1.fastq.gz	https://ftp.sra.ebi.ac.uk/vol1/fastq/SRR312/019/SRR31239219/SRR31239219_2.fastq.gz	-	TAIR10.fa.gz
Control_TF_DNA_A_thaliana_Col-0_DAPi712H01-ORGi5005-96P220	Arabidopsis_thaliana	https://ftp.sra.ebi.ac.uk/vol1/fastq/SRR312/002/SRR31238702/SRR31238702_1.fastq.gz	https://ftp.sra.ebi.ac.uk/vol1/fastq/SRR312/002/SRR31238702/SRR31238702_2.fastq.gz	-	TAIR10.fa.gz
Control_TF_DNA_A_thaliana_Col-0_DAPi712H01-ORGi5005-96P247	Arabidopsis_thaliana	https://ftp.sra.ebi.ac.uk/vol1/fastq/SRR312/025/SRR31238825/SRR31238825_1.fastq.gz	https://ftp.sra.ebi.ac.uk/vol1/fastq/SRR312/025/SRR31238825/SRR31238825_2.fastq.gz	-	TAIR10.fa.gz
Control_TF_DNA_A_thaliana_Col-0_DAPi712H01-ORGi5005-96P364	Arabidopsis_thaliana	https://ftp.sra.ebi.ac.uk/vol1/fastq/SRR312/064/SRR31239064/SRR31239064_1.fastq.gz	https://ftp.sra.ebi.ac.uk/vol1/fastq/SRR312/064/SRR31239064/SRR31239064_2.fastq.gz	-	TAIR10.fa.gz
Control_TF_DNA_A_thaliana_Col-0_DAPi712H12-ORGi5005-96P155	Arabidopsis_thaliana	https://ftp.sra.ebi.ac.uk/vol1/fastq/SRR312/050/SRR31238650/SRR31238650_1.fastq.gz	https://ftp.sra.ebi.ac.uk/vol1/fastq/SRR312/050/SRR31238650/SRR31238650_2.fastq.gz	-	TAIR10.fa.gz
Control_TF_DNA_A_thaliana_Col-0_DAPi712H12-ORGi5005-96P155-repool	Arabidopsis_thaliana	https://ftp.sra.ebi.ac.uk/vol1/fastq/SRR312/093/SRR31238993/SRR31238993_1.fastq.gz	https://ftp.sra.ebi.ac.uk/vol1/fastq/SRR312/093/SRR31238993/SRR31238993_2.fastq.gz	-	TAIR10.fa.gz
Control_TF_DNA_A_thaliana_Col-0_DAPi712H12-ORGi5005-96P220	Arabidopsis_thaliana	https://ftp.sra.ebi.ac.uk/vol1/fastq/SRR312/084/SRR31238484/SRR31238484_1.fastq.gz	https://ftp.sra.ebi.ac.uk/vol1/fastq/SRR312/084/SRR31238484/SRR31238484_2.fastq.gz	-	TAIR10.fa.gz
Control_TF_DNA_A_thaliana_Col-0_DAPi712H12-ORGi5005-96P247	Arabidopsis_thaliana	https://ftp.sra.ebi.ac.uk/vol1/fastq/SRR312/062/SRR31238762/SRR31238762_1.fastq.gz	https://ftp.sra.ebi.ac.uk/vol1/fastq/SRR312/062/SRR31238762/SRR31238762_2.fastq.gz	-	TAIR10.fa.gz
Control_TF_DNA_A_thaliana_Col-0_DAPi712H12-ORGi5005-96P364	Arabidopsis_thaliana	https://ftp.sra.ebi.ac.uk/vol1/fastq/SRR312/080/SRR31238680/SRR31238680_1.fastq.gz	https://ftp.sra.ebi.ac.uk/vol1/fastq/SRR312/080/SRR31238680/SRR31238680_2.fastq.gz	-	TAIR10.fa.gz
LOC_Os01g17260.2_A_thaliana_Col-0_DAPi709H07-ORGi5005-96P354	Arabidopsis_thaliana	https://ftp.sra.ebi.ac.uk/vol1/fastq/SRR312/068/SRR31238668/SRR31238668_1.fastq.gz	https://ftp.sra.ebi.ac.uk/vol1/fastq/SRR312/068/SRR31238668/SRR31238668_2.fastq.gz	Control_TF_DNA_A_thaliana_Col-0_DAPi712H12-ORGi5005-96P155-repool	TAIR10.fa.gz
LOC_Os01g17260.2_A_thaliana_Col-0_DAPi711H07-ORGi5005-96P361	Arabidopsis_thaliana	https://ftp.sra.ebi.ac.uk/vol1/fastq/SRR312/021/SRR31238821/SRR31238821_1.fastq.gz	https://ftp.sra.ebi.ac.uk/vol1/fastq/SRR312/021/SRR31238821/SRR31238821_2.fastq.gz	Control_TF_DNA_A_thaliana_Col-0_DAPi712H12-ORGi5005-96P155-repool	TAIR10.fa.gz
LOC_Os01g17260.2_A_thaliana_Col-0_DAPi712H07-ORGi5005-96P247	Arabidopsis_thaliana	https://ftp.sra.ebi.ac.uk/vol1/fastq/SRR312/093/SRR31238693/SRR31238693_1.fastq.gz	https://ftp.sra.ebi.ac.uk/vol1/fastq/SRR312/093/SRR31238693/SRR31238693_2.fastq.gz	Control_TF_DNA_A_thaliana_Col-0_DAPi712H12-ORGi5005-96P155-repool	TAIR10.fa.gz
LOC_Os01g18240.1_A_thaliana_Col-0_DAPi712G04-ORGi5005-96P247	Arabidopsis_thaliana	https://ftp.sra.ebi.ac.uk/vol1/fastq/SRR312/061/SRR31238461/SRR31238461_1.fastq.gz	https://ftp.sra.ebi.ac.uk/vol1/fastq/SRR312/061/SRR31238461/SRR31238461_2.fastq.gz	Control_TF_DNA_A_thaliana_Col-0_DAPi712H12-ORGi5005-96P155-repool	TAIR10.fa.gz
LOC_Os01g46970.1_A_thaliana_Col-0_DAPi709C07-ORGi5005-96P354	Arabidopsis_thaliana	https://ftp.sra.ebi.ac.uk/vol1/fastq/SRR312/060/SRR31238460/SRR31238460_1.fastq.gz	https://ftp.sra.ebi.ac.uk/vol1/fastq/SRR312/060/SRR31238460/SRR31238460_2.fastq.gz	Control_TF_DNA_A_thaliana_Col-0_DAPi712H12-ORGi5005-96P155-repool	TAIR10.fa.gz
LOC_Os01g46970.1_A_thaliana_Col-0_DAPi711C07-ORGi5005-96P361	Arabidopsis_thaliana	https://ftp.sra.ebi.ac.uk/vol1/fastq/SRR312/005/SRR31238405/SRR31238405_1.fastq.gz	https://ftp.sra.ebi.ac.uk/vol1/fastq/SRR312/005/SRR31238405/SRR31238405_2.fastq.gz	Control_TF_DNA_A_thaliana_Col-0_DAPi712H12-ORGi5005-96P155-repool	TAIR10.fa.gz
LOC_Os01g46970.1_A_thaliana_Col-0_DAPi712C07-ORGi5005-96P247	Arabidopsis_thaliana	https://ftp.sra.ebi.ac.uk/vol1/fastq/SRR312/097/SRR31238997/SRR31238997_1.fastq.gz	https://ftp.sra.ebi.ac.uk/vol1/fastq/SRR312/097/SRR31238997/SRR31238997_2.fastq.gz	Control_TF_DNA_A_thaliana_Col-0_DAPi712H12-ORGi5005-96P155-repool	TAIR10.fa.gz
LOC_Os01g49830.1_A_thaliana_Col-0_DAPi710C10-ORGi5005-96P358	Arabidopsis_thaliana	https://ftp.sra.ebi.ac.uk/vol1/fastq/SRR312/084/SRR31238784/SRR31238784_1.fastq.gz	https://ftp.sra.ebi.ac.uk/vol1/fastq/SRR312/084/SRR31238784/SRR31238784_2.fastq.gz	Control_TF_DNA_A_thaliana_Col-0_DAPi712H12-ORGi5005-96P155-repool	TAIR10.fa.gz
LOC_Os01g49830.1_A_thaliana_Col-0_DAPi712C10-ORGi5005-96P364	Arabidopsis_thaliana	https://ftp.sra.ebi.ac.uk/vol1/fastq/SRR312/052/SRR31239052/SRR31239052_1.fastq.gz	https://ftp.sra.ebi.ac.uk/vol1/fastq/SRR312/052/SRR31239052/SRR31239052_2.fastq.gz	Control_TF_DNA_A_thaliana_Col-0_DAPi712H12-ORGi5005-96P155-repool	TAIR10.fa.gz
LOC_Os01g51154.1_A_thaliana_Col-0_DAPi709A11-ORGi5005-96P354	Arabidopsis_thaliana	https://ftp.sra.ebi.ac.uk/vol1/fastq/SRR312/054/SRR31239254/SRR31239254_1.fastq.gz	https://ftp.sra.ebi.ac.uk/vol1/fastq/SRR312/054/SRR31239254/SRR31239254_2.fastq.gz	Control_TF_DNA_A_thaliana_Col-0_DAPi712H12-ORGi5005-96P155-repool	TAIR10.fa.gz
LOC_Os01g51154.1_A_thaliana_Col-0_DAPi711A11-ORGi5005-96P361	Arabidopsis_thaliana	https://ftp.sra.ebi.ac.uk/vol1/fastq/SRR312/012/SRR31238712/SRR31238712_1.fastq.gz	https://ftp.sra.ebi.ac.uk/vol1/fastq/SRR312/012/SRR31238712/SRR31238712_2.fastq.gz	Control_TF_DNA_A_thaliana_Col-0_DAPi712H12-ORGi5005-96P155-repool	TAIR10.fa.gz
LOC_Os01g51154.1_A_thaliana_Col-0_DAPi712A11-ORGi5005-96P247	Arabidopsis_thaliana	https://ftp.sra.ebi.ac.uk/vol1/fastq/SRR312/031/SRR31238631/SRR31238631_1.fastq.gz	https://ftp.sra.ebi.ac.uk/vol1/fastq/SRR312/031/SRR31238631/SRR31238631_2.fastq.gz	Control_TF_DNA_A_thaliana_Col-0_DAPi712H12-ORGi5005-96P155-repool	TAIR10.fa.gz
LOC_Os01g69980.1_A_thaliana_Col-0_DAPi710C04-ORGi5005-96P358	Arabidopsis_thaliana	https://ftp.sra.ebi.ac.uk/vol1/fastq/SRR312/059/SRR31238659/SRR31238659_1.fastq.gz	https://ftp.sra.ebi.ac.uk/vol1/fastq/SRR312/059/SRR31238659/SRR31238659_2.fastq.gz	Control_TF_DNA_A_thaliana_Col-0_DAPi712H12-ORGi5005-96P155-repool	TAIR10.fa.gz
LOC_Os01g69980.1_A_thaliana_Col-0_DAPi712C04-ORGi5005-96P364	Arabidopsis_thaliana	https://ftp.sra.ebi.ac.uk/vol1/fastq/SRR312/036/SRR31238836/SRR31238836_1.fastq.gz	https://ftp.sra.ebi.ac.uk/vol1/fastq/SRR312/036/SRR31238836/SRR31238836_2.fastq.gz	Control_TF_DNA_A_thaliana_Col-0_DAPi712H12-ORGi5005-96P155-repool	TAIR10.fa.gz
LOC_Os02g33430.1_A_thaliana_Col-0_DAPi709D05-ORGi5005-96P354	Arabidopsis_thaliana	https://ftp.sra.ebi.ac.uk/vol1/fastq/SRR312/085/SRR31239185/SRR31239185_1.fastq.gz	https://ftp.sra.ebi.ac.uk/vol1/fastq/SRR312/085/SRR31239185/SRR31239185_2.fastq.gz	Control_TF_DNA_A_thaliana_Col-0_DAPi712H12-ORGi5005-96P155-repool	TAIR10.fa.gz
LOC_Os02g33430.1_A_thaliana_Col-0_DAPi711D05-ORGi5005-96P361	Arabidopsis_thaliana	https://ftp.sra.ebi.ac.uk/vol1/fastq/SRR312/049/SRR31238549/SRR31238549_1.fastq.gz	https://ftp.sra.ebi.ac.uk/vol1/fastq/SRR312/049/SRR31238549/SRR31238549_2.fastq.gz	Control_TF_DNA_A_thaliana_Col-0_DAPi712H12-ORGi5005-96P155-repool	TAIR10.fa.gz
LOC_Os02g33430.1_A_thaliana_Col-0_DAPi712D05-ORGi5005-96P247	Arabidopsis_thaliana	https://ftp.sra.ebi.ac.uk/vol1/fastq/SRR312/098/SRR31239098/SRR31239098_1.fastq.gz	https://ftp.sra.ebi.ac.uk/vol1/fastq/SRR312/098/SRR31239098/SRR31239098_2.fastq.gz	Control_TF_DNA_A_thaliana_Col-0_DAPi712H12-ORGi5005-96P155-repool	TAIR10.fa.gz
LOC_Os02g42970.1_A_thaliana_Col-0_DAPi709E03-ORGi5005-96P354	Arabidopsis_thaliana	https://ftp.sra.ebi.ac.uk/vol1/fastq/SRR312/089/SRR31238789/SRR31238789_1.fastq.gz	https://ftp.sra.ebi.ac.uk/vol1/fastq/SRR312/089/SRR31238789/SRR31238789_2.fastq.gz	Control_TF_DNA_A_thaliana_Col-0_DAPi712H12-ORGi5005-96P155-repool	TAIR10.fa.gz
LOC_Os02g42970.1_A_thaliana_Col-0_DAPi711E03-ORGi5005-96P361	Arabidopsis_thaliana	https://ftp.sra.ebi.ac.uk/vol1/fastq/SRR312/058/SRR31239258/SRR31239258_1.fastq.gz	https://ftp.sra.ebi.ac.uk/vol1/fastq/SRR312/058/SRR31239258/SRR31239258_2.fastq.gz	Control_TF_DNA_A_thaliana_Col-0_DAPi712H12-ORGi5005-96P155-repool	TAIR10.fa.gz
LOC_Os02g42970.1_A_thaliana_Col-0_DAPi712E03-ORGi5005-96P247	Arabidopsis_thaliana	https://ftp.sra.ebi.ac.uk/vol1/fastq/SRR312/099/SRR31238699/SRR31238699_1.fastq.gz	https://ftp.sra.ebi.ac.uk/vol1/fastq/SRR312/099/SRR31238699/SRR31238699_2.fastq.gz	Control_TF_DNA_A_thaliana_Col-0_DAPi712H12-ORGi5005-96P155-repool	TAIR10.fa.gz
LOC_Os03g10210.1_A_thaliana_Col-0_DAPi710C01-ORGi5005-96P358	Arabidopsis_thaliana	https://ftp.sra.ebi.ac.uk/vol1/fastq/SRR312/012/SRR31239012/SRR31239012_1.fastq.gz	https://ftp.sra.ebi.ac.uk/vol1/fastq/SRR312/012/SRR31239012/SRR31239012_2.fastq.gz	Control_TF_DNA_A_thaliana_Col-0_DAPi712H12-ORGi5005-96P155-repool	TAIR10.fa.gz
LOC_Os03g10210.1_A_thaliana_Col-0_DAPi712C01-ORGi5005-96P364	Arabidopsis_thaliana	https://ftp.sra.ebi.ac.uk/vol1/fastq/SRR312/080/SRR31238580/SRR31238580_1.fastq.gz	https://ftp.sra.ebi.ac.uk/vol1/fastq/SRR312/080/SRR31238580/SRR31238580_2.fastq.gz	Control_TF_DNA_A_thaliana_Col-0_DAPi712H12-ORGi5005-96P155-repool	TAIR10.fa.gz
LOC_Os03g21800.1_A_thaliana_Col-0_DAPi709B09-ORGi5005-96P354	Arabidopsis_thaliana	https://ftp.sra.ebi.ac.uk/vol1/fastq/SRR312/074/SRR31238574/SRR31238574_1.fastq.gz	https://ftp.sra.ebi.ac.uk/vol1/fastq/SRR312/074/SRR31238574/SRR31238574_2.fastq.gz	Control_TF_DNA_A_thaliana_Col-0_DAPi712H12-ORGi5005-96P155-repool	TAIR10.fa.gz
LOC_Os03g21800.1_A_thaliana_Col-0_DAPi711B09-ORGi5005-96P361	Arabidopsis_thaliana	https://ftp.sra.ebi.ac.uk/vol1/fastq/SRR312/035/SRR31238935/SRR31238935_1.fastq.gz	https://ftp.sra.ebi.ac.uk/vol1/fastq/SRR312/035/SRR31238935/SRR31238935_2.fastq.gz	Control_TF_DNA_A_thaliana_Col-0_DAPi712H12-ORGi5005-96P155-repool	TAIR10.fa.gz
LOC_Os03g21800.1_A_thaliana_Col-0_DAPi712B09-ORGi5005-96P247	Arabidopsis_thaliana	https://ftp.sra.ebi.ac.uk/vol1/fastq/SRR312/011/SRR31238511/SRR31238511_1.fastq.gz	https://ftp.sra.ebi.ac.uk/vol1/fastq/SRR312/011/SRR31238511/SRR31238511_2.fastq.gz	Control_TF_DNA_A_thaliana_Col-0_DAPi712H12-ORGi5005-96P155-repool	TAIR10.fa.gz
LOC_Os03g61760.1_A_thaliana_Col-0_DAPi710B06-ORGi5005-96P358	Arabidopsis_thaliana	https://ftp.sra.ebi.ac.uk/vol1/fastq/SRR312/062/SRR31239062/SRR31239062_1.fastq.gz	https://ftp.sra.ebi.ac.uk/vol1/fastq/SRR312/062/SRR31239062/SRR31239062_2.fastq.gz	Control_TF_DNA_A_thaliana_Col-0_DAPi712H12-ORGi5005-96P155-repool	TAIR10.fa.gz
LOC_Os03g61760.1_A_thaliana_Col-0_DAPi712B06-ORGi5005-96P364	Arabidopsis_thaliana	https://ftp.sra.ebi.ac.uk/vol1/fastq/SRR312/071/SRR31238871/SRR31238871_1.fastq.gz	https://ftp.sra.ebi.ac.uk/vol1/fastq/SRR312/071/SRR31238871/SRR31238871_2.fastq.gz	Control_TF_DNA_A_thaliana_Col-0_DAPi712H12-ORGi5005-96P155-repool	TAIR10.fa.gz
LOC_Os06g07030.1_A_thaliana_Col-0_DAPi709E01-ORGi5005-96P354	Arabidopsis_thaliana	https://ftp.sra.ebi.ac.uk/vol1/fastq/SRR312/027/SRR31239027/SRR31239027_1.fastq.gz	https://ftp.sra.ebi.ac.uk/vol1/fastq/SRR312/027/SRR31239027/SRR31239027_2.fastq.gz	Control_TF_DNA_A_thaliana_Col-0_DAPi712H12-ORGi5005-96P155-repool	TAIR10.fa.gz
LOC_Os06g07030.1_A_thaliana_Col-0_DAPi711E01-ORGi5005-96P361	Arabidopsis_thaliana	https://ftp.sra.ebi.ac.uk/vol1/fastq/SRR312/040/SRR31238440/SRR31238440_1.fastq.gz	https://ftp.sra.ebi.ac.uk/vol1/fastq/SRR312/040/SRR31238440/SRR31238440_2.fastq.gz	Control_TF_DNA_A_thaliana_Col-0_DAPi712H12-ORGi5005-96P155-repool	TAIR10.fa.gz
LOC_Os06g07030.1_A_thaliana_Col-0_DAPi712E01-ORGi5005-96P247	Arabidopsis_thaliana	https://ftp.sra.ebi.ac.uk/vol1/fastq/SRR312/003/SRR31238703/SRR31238703_1.fastq.gz	https://ftp.sra.ebi.ac.uk/vol1/fastq/SRR312/003/SRR31238703/SRR31238703_2.fastq.gz	Control_TF_DNA_A_thaliana_Col-0_DAPi712H12-ORGi5005-96P155-repool	TAIR10.fa.gz
LOC_Os08g06110.3_A_thaliana_Col-0_DAPi709D10-ORGi5005-96P354	Arabidopsis_thaliana	https://ftp.sra.ebi.ac.uk/vol1/fastq/SRR312/038/SRR31238838/SRR31238838_1.fastq.gz	https://ftp.sra.ebi.ac.uk/vol1/fastq/SRR312/038/SRR31238838/SRR31238838_2.fastq.gz	Control_TF_DNA_A_thaliana_Col-0_DAPi712H12-ORGi5005-96P155-repool	TAIR10.fa.gz
LOC_Os08g06110.3_A_thaliana_Col-0_DAPi711D10-ORGi5005-96P361	Arabidopsis_thaliana	https://ftp.sra.ebi.ac.uk/vol1/fastq/SRR312/039/SRR31238439/SRR31238439_1.fastq.gz	https://ftp.sra.ebi.ac.uk/vol1/fastq/SRR312/039/SRR31238439/SRR31238439_2.fastq.gz	Control_TF_DNA_A_thaliana_Col-0_DAPi712H12-ORGi5005-96P155-repool	TAIR10.fa.gz
LOC_Os08g06110.3_A_thaliana_Col-0_DAPi712D10-ORGi5005-96P247	Arabidopsis_thaliana	https://ftp.sra.ebi.ac.uk/vol1/fastq/SRR312/033/SRR31238833/SRR31238833_1.fastq.gz	https://ftp.sra.ebi.ac.uk/vol1/fastq/SRR312/033/SRR31238833/SRR31238833_2.fastq.gz	Control_TF_DNA_A_thaliana_Col-0_DAPi712H12-ORGi5005-96P155-repool	TAIR10.fa.gz
LOC_Os08g37970.1_A_thaliana_Col-0_DAPi711A06-ORGi5005-96P361	Arabidopsis_thaliana	https://ftp.sra.ebi.ac.uk/vol1/fastq/SRR312/036/SRR31238436/SRR31238436_1.fastq.gz	https://ftp.sra.ebi.ac.uk/vol1/fastq/SRR312/036/SRR31238436/SRR31238436_2.fastq.gz	Control_TF_DNA_A_thaliana_Col-0_DAPi712H12-ORGi5005-96P155-repool	TAIR10.fa.gz
LOC_Os08g37970.1_A_thaliana_Col-0_DAPi712A06-ORGi5005-96P247	Arabidopsis_thaliana	https://ftp.sra.ebi.ac.uk/vol1/fastq/SRR312/048/SRR31238948/SRR31238948_1.fastq.gz	https://ftp.sra.ebi.ac.uk/vol1/fastq/SRR312/048/SRR31238948/SRR31238948_2.fastq.gz	Control_TF_DNA_A_thaliana_Col-0_DAPi712H12-ORGi5005-96P155-repool	TAIR10.fa.gz
LOC_Os08g44050.1_A_thaliana_Col-0_DAPi710F02-ORGi5005-96P358	Arabidopsis_thaliana	https://ftp.sra.ebi.ac.uk/vol1/fastq/SRR312/022/SRR31239122/SRR31239122_1.fastq.gz	https://ftp.sra.ebi.ac.uk/vol1/fastq/SRR312/022/SRR31239122/SRR31239122_2.fastq.gz	Control_TF_DNA_A_thaliana_Col-0_DAPi712H12-ORGi5005-96P155-repool	TAIR10.fa.gz
LOC_Os08g44050.1_A_thaliana_Col-0_DAPi712F02-ORGi5005-96P364	Arabidopsis_thaliana	https://ftp.sra.ebi.ac.uk/vol1/fastq/SRR312/030/SRR31239230/SRR31239230_1.fastq.gz	https://ftp.sra.ebi.ac.uk/vol1/fastq/SRR312/030/SRR31239230/SRR31239230_2.fastq.gz	Control_TF_DNA_A_thaliana_Col-0_DAPi712H12-ORGi5005-96P155-repool	TAIR10.fa.gz
LOC_Os09g12770.1_A_thaliana_Col-0_DAPi710A02-ORGi5005-96P358	Arabidopsis_thaliana	https://ftp.sra.ebi.ac.uk/vol1/fastq/SRR312/075/SRR31238575/SRR31238575_1.fastq.gz	https://ftp.sra.ebi.ac.uk/vol1/fastq/SRR312/075/SRR31238575/SRR31238575_2.fastq.gz	Control_TF_DNA_A_thaliana_Col-0_DAPi712H12-ORGi5005-96P155-repool	TAIR10.fa.gz
LOC_Os09g12770.1_A_thaliana_Col-0_DAPi712A02-ORGi5005-96P364	Arabidopsis_thaliana	https://ftp.sra.ebi.ac.uk/vol1/fastq/SRR312/089/SRR31238489/SRR31238489_1.fastq.gz	https://ftp.sra.ebi.ac.uk/vol1/fastq/SRR312/089/SRR31238489/SRR31238489_2.fastq.gz	Control_TF_DNA_A_thaliana_Col-0_DAPi712H12-ORGi5005-96P155-repool	TAIR10.fa.gz
LOC_Os09g25060.1_A_thaliana_Col-0_DAPi709F11-ORGi5005-96P354	Arabidopsis_thaliana	https://ftp.sra.ebi.ac.uk/vol1/fastq/SRR312/045/SRR31238545/SRR31238545_1.fastq.gz	https://ftp.sra.ebi.ac.uk/vol1/fastq/SRR312/045/SRR31238545/SRR31238545_2.fastq.gz	Control_TF_DNA_A_thaliana_Col-0_DAPi712H12-ORGi5005-96P155-repool	TAIR10.fa.gz
LOC_Os09g25060.1_A_thaliana_Col-0_DAPi711F11-ORGi5005-96P361	Arabidopsis_thaliana	https://ftp.sra.ebi.ac.uk/vol1/fastq/SRR312/054/SRR31239154/SRR31239154_1.fastq.gz	https://ftp.sra.ebi.ac.uk/vol1/fastq/SRR312/054/SRR31239154/SRR31239154_2.fastq.gz	Control_TF_DNA_A_thaliana_Col-0_DAPi712H12-ORGi5005-96P155-repool	TAIR10.fa.gz
LOC_Os09g25060.1_A_thaliana_Col-0_DAPi712F11-ORGi5005-96P247	Arabidopsis_thaliana	https://ftp.sra.ebi.ac.uk/vol1/fastq/SRR312/022/SRR31238622/SRR31238622_1.fastq.gz	https://ftp.sra.ebi.ac.uk/vol1/fastq/SRR312/022/SRR31238622/SRR31238622_2.fastq.gz	Control_TF_DNA_A_thaliana_Col-0_DAPi712H12-ORGi5005-96P155-repool	TAIR10.fa.gz
LOC_Os10g02584.3_A_thaliana_Col-0_DAPi710A09-ORGi5005-96P358	Arabidopsis_thaliana	https://ftp.sra.ebi.ac.uk/vol1/fastq/SRR312/087/SRR31238487/SRR31238487_1.fastq.gz	https://ftp.sra.ebi.ac.uk/vol1/fastq/SRR312/087/SRR31238487/SRR31238487_2.fastq.gz	Control_TF_DNA_A_thaliana_Col-0_DAPi712H12-ORGi5005-96P155-repool	TAIR10.fa.gz
LOC_Os10g02584.3_A_thaliana_Col-0_DAPi712A09-ORGi5005-96P364	Arabidopsis_thaliana	https://ftp.sra.ebi.ac.uk/vol1/fastq/SRR312/094/SRR31238694/SRR31238694_1.fastq.gz	https://ftp.sra.ebi.ac.uk/vol1/fastq/SRR312/094/SRR31238694/SRR31238694_2.fastq.gz	Control_TF_DNA_A_thaliana_Col-0_DAPi712H12-ORGi5005-96P155-repool	TAIR10.fa.gz
LOC_Os10g07510.1_A_thaliana_Col-0_DAPi710E05-ORGi5005-96P358	Arabidopsis_thaliana	https://ftp.sra.ebi.ac.uk/vol1/fastq/SRR312/027/SRR31238627/SRR31238627_1.fastq.gz	https://ftp.sra.ebi.ac.uk/vol1/fastq/SRR312/027/SRR31238627/SRR31238627_2.fastq.gz	Control_TF_DNA_A_thaliana_Col-0_DAPi712H12-ORGi5005-96P155-repool	TAIR10.fa.gz
LOC_Os10g07510.1_A_thaliana_Col-0_DAPi712E05-ORGi5005-96P364	Arabidopsis_thaliana	https://ftp.sra.ebi.ac.uk/vol1/fastq/SRR312/008/SRR31239008/SRR31239008_1.fastq.gz	https://ftp.sra.ebi.ac.uk/vol1/fastq/SRR312/008/SRR31239008/SRR31239008_2.fastq.gz	Control_TF_DNA_A_thaliana_Col-0_DAPi712H12-ORGi5005-96P155-repool	TAIR10.fa.gz
LOC_Os10g26500.1_A_thaliana_Col-0_DAPi709D12-ORGi5005-96P354	Arabidopsis_thaliana	https://ftp.sra.ebi.ac.uk/vol1/fastq/SRR312/013/SRR31238913/SRR31238913_1.fastq.gz	https://ftp.sra.ebi.ac.uk/vol1/fastq/SRR312/013/SRR31238913/SRR31238913_2.fastq.gz	Control_TF_DNA_A_thaliana_Col-0_DAPi712H12-ORGi5005-96P155-repool	TAIR10.fa.gz
LOC_Os10g26500.1_A_thaliana_Col-0_DAPi711D12-ORGi5005-96P361	Arabidopsis_thaliana	https://ftp.sra.ebi.ac.uk/vol1/fastq/SRR312/017/SRR31238817/SRR31238817_1.fastq.gz	https://ftp.sra.ebi.ac.uk/vol1/fastq/SRR312/017/SRR31238817/SRR31238817_2.fastq.gz	Control_TF_DNA_A_thaliana_Col-0_DAPi712H12-ORGi5005-96P155-repool	TAIR10.fa.gz
LOC_Os10g26500.1_A_thaliana_Col-0_DAPi712D12-ORGi5005-96P247	Arabidopsis_thaliana	https://ftp.sra.ebi.ac.uk/vol1/fastq/SRR312/098/SRR31238998/SRR31238998_1.fastq.gz	https://ftp.sra.ebi.ac.uk/vol1/fastq/SRR312/098/SRR31238998/SRR31238998_2.fastq.gz	Control_TF_DNA_A_thaliana_Col-0_DAPi712H12-ORGi5005-96P155-repool	TAIR10.fa.gz
LOC_Os10g28340.1_A_thaliana_Col-0_DAPi710H04-ORGi5005-96P358	Arabidopsis_thaliana	https://ftp.sra.ebi.ac.uk/vol1/fastq/SRR312/091/SRR31238791/SRR31238791_1.fastq.gz	https://ftp.sra.ebi.ac.uk/vol1/fastq/SRR312/091/SRR31238791/SRR31238791_2.fastq.gz	Control_TF_DNA_A_thaliana_Col-0_DAPi712H12-ORGi5005-96P155-repool	TAIR10.fa.gz
LOC_Os10g28340.1_A_thaliana_Col-0_DAPi712H04-ORGi5005-96P364	Arabidopsis_thaliana	https://ftp.sra.ebi.ac.uk/vol1/fastq/SRR312/044/SRR31238544/SRR31238544_1.fastq.gz	https://ftp.sra.ebi.ac.uk/vol1/fastq/SRR312/044/SRR31238544/SRR31238544_2.fastq.gz	Control_TF_DNA_A_thaliana_Col-0_DAPi712H12-ORGi5005-96P155-repool	TAIR10.fa.gz
LOC_Os10g40810.1_A_thaliana_Col-0_DAPi710F06-ORGi5005-96P358	Arabidopsis_thaliana	https://ftp.sra.ebi.ac.uk/vol1/fastq/SRR312/018/SRR31238618/SRR31238618_1.fastq.gz	https://ftp.sra.ebi.ac.uk/vol1/fastq/SRR312/018/SRR31238618/SRR31238618_2.fastq.gz	Control_TF_DNA_A_thaliana_Col-0_DAPi712H12-ORGi5005-96P155-repool	TAIR10.fa.gz
LOC_Os10g40810.1_A_thaliana_Col-0_DAPi712F06-ORGi5005-96P364	Arabidopsis_thaliana	https://ftp.sra.ebi.ac.uk/vol1/fastq/SRR312/038/SRR31238538/SRR31238538_1.fastq.gz	https://ftp.sra.ebi.ac.uk/vol1/fastq/SRR312/038/SRR31238538/SRR31238538_2.fastq.gz	Control_TF_DNA_A_thaliana_Col-0_DAPi712H12-ORGi5005-96P155-repool	TAIR10.fa.gz
LOC_Os10g41200.1_A_thaliana_Col-0_DAPi709G09-ORGi5005-96P354	Arabidopsis_thaliana	https://ftp.sra.ebi.ac.uk/vol1/fastq/SRR312/019/SRR31239119/SRR31239119_1.fastq.gz	https://ftp.sra.ebi.ac.uk/vol1/fastq/SRR312/019/SRR31239119/SRR31239119_2.fastq.gz	Control_TF_DNA_A_thaliana_Col-0_DAPi712H12-ORGi5005-96P155-repool	TAIR10.fa.gz
LOC_Os10g41200.1_A_thaliana_Col-0_DAPi711G09-ORGi5005-96P361	Arabidopsis_thaliana	https://ftp.sra.ebi.ac.uk/vol1/fastq/SRR312/039/SRR31239039/SRR31239039_1.fastq.gz	https://ftp.sra.ebi.ac.uk/vol1/fastq/SRR312/039/SRR31239039/SRR31239039_2.fastq.gz	Control_TF_DNA_A_thaliana_Col-0_DAPi712H12-ORGi5005-96P155-repool	TAIR10.fa.gz
LOC_Os10g41200.1_A_thaliana_Col-0_DAPi712G09-ORGi5005-96P247	Arabidopsis_thaliana	https://ftp.sra.ebi.ac.uk/vol1/fastq/SRR312/049/SRR31239149/SRR31239149_1.fastq.gz	https://ftp.sra.ebi.ac.uk/vol1/fastq/SRR312/049/SRR31239149/SRR31239149_2.fastq.gz	Control_TF_DNA_A_thaliana_Col-0_DAPi712H12-ORGi5005-96P155-repool	TAIR10.fa.gz
Solyc01g091420.2.1_A_thaliana_Col-0_DAPi710F05-ORGi5005-96P358	Arabidopsis_thaliana	https://ftp.sra.ebi.ac.uk/vol1/fastq/SRR312/056/SRR31238756/SRR31238756_1.fastq.gz	https://ftp.sra.ebi.ac.uk/vol1/fastq/SRR312/056/SRR31238756/SRR31238756_2.fastq.gz	Control_TF_DNA_A_thaliana_Col-0_DAPi712H12-ORGi5005-96P155-repool	TAIR10.fa.gz
Solyc01g091420.2.1_A_thaliana_Col-0_DAPi712F05-ORGi5005-96P364	Arabidopsis_thaliana	https://ftp.sra.ebi.ac.uk/vol1/fastq/SRR312/077/SRR31238777/SRR31238777_1.fastq.gz	https://ftp.sra.ebi.ac.uk/vol1/fastq/SRR312/077/SRR31238777/SRR31238777_2.fastq.gz	Control_TF_DNA_A_thaliana_Col-0_DAPi712H12-ORGi5005-96P155-repool	TAIR10.fa.gz
Solyc01g095460.3.1_A_thaliana_Col-0_DAPi709D07-ORGi5005-96P354	Arabidopsis_thaliana	https://ftp.sra.ebi.ac.uk/vol1/fastq/SRR312/036/SRR31238636/SRR31238636_1.fastq.gz	https://ftp.sra.ebi.ac.uk/vol1/fastq/SRR312/036/SRR31238636/SRR31238636_2.fastq.gz	Control_TF_DNA_A_thaliana_Col-0_DAPi712H12-ORGi5005-96P155-repool	TAIR10.fa.gz
Solyc01g095460.3.1_A_thaliana_Col-0_DAPi711D07-ORGi5005-96P361	Arabidopsis_thaliana	https://ftp.sra.ebi.ac.uk/vol1/fastq/SRR312/061/SRR31239061/SRR31239061_1.fastq.gz	https://ftp.sra.ebi.ac.uk/vol1/fastq/SRR312/061/SRR31239061/SRR31239061_2.fastq.gz	Control_TF_DNA_A_thaliana_Col-0_DAPi712H12-ORGi5005-96P155-repool	TAIR10.fa.gz
Solyc01g095460.3.1_A_thaliana_Col-0_DAPi712D07-ORGi5005-96P247	Arabidopsis_thaliana	https://ftp.sra.ebi.ac.uk/vol1/fastq/SRR312/088/SRR31238588/SRR31238588_1.fastq.gz	https://ftp.sra.ebi.ac.uk/vol1/fastq/SRR312/088/SRR31238588/SRR31238588_2.fastq.gz	Control_TF_DNA_A_thaliana_Col-0_DAPi712H12-ORGi5005-96P155-repool	TAIR10.fa.gz
Solyc01g102340.3.1_A_thaliana_Col-0_DAPi712H04-ORGi5005-96P247	Arabidopsis_thaliana	https://ftp.sra.ebi.ac.uk/vol1/fastq/SRR312/004/SRR31238904/SRR31238904_1.fastq.gz	https://ftp.sra.ebi.ac.uk/vol1/fastq/SRR312/004/SRR31238904/SRR31238904_2.fastq.gz	Control_TF_DNA_A_thaliana_Col-0_DAPi712H12-ORGi5005-96P155-repool	TAIR10.fa.gz
Solyc02g085630.3.1_A_thaliana_Col-0_DAPi710D01-ORGi5005-96P358	Arabidopsis_thaliana	https://ftp.sra.ebi.ac.uk/vol1/fastq/SRR312/095/SRR31239195/SRR31239195_1.fastq.gz	https://ftp.sra.ebi.ac.uk/vol1/fastq/SRR312/095/SRR31239195/SRR31239195_2.fastq.gz	Control_TF_DNA_A_thaliana_Col-0_DAPi712H12-ORGi5005-96P155-repool	TAIR10.fa.gz
Solyc02g085630.3.1_A_thaliana_Col-0_DAPi712D01-ORGi5005-96P364	Arabidopsis_thaliana	https://ftp.sra.ebi.ac.uk/vol1/fastq/SRR312/015/SRR31239015/SRR31239015_1.fastq.gz	https://ftp.sra.ebi.ac.uk/vol1/fastq/SRR312/015/SRR31239015/SRR31239015_2.fastq.gz	Control_TF_DNA_A_thaliana_Col-0_DAPi712H12-ORGi5005-96P155-repool	TAIR10.fa.gz
Solyc02g094290.1.1_A_thaliana_Col-0_DAPi710D04-ORGi5005-96P358	Arabidopsis_thaliana	https://ftp.sra.ebi.ac.uk/vol1/fastq/SRR312/002/SRR31238802/SRR31238802_1.fastq.gz	https://ftp.sra.ebi.ac.uk/vol1/fastq/SRR312/002/SRR31238802/SRR31238802_2.fastq.gz	Control_TF_DNA_A_thaliana_Col-0_DAPi712H12-ORGi5005-96P155-repool	TAIR10.fa.gz
Solyc02g094290.1.1_A_thaliana_Col-0_DAPi712D04-ORGi5005-96P364	Arabidopsis_thaliana	https://ftp.sra.ebi.ac.uk/vol1/fastq/SRR312/014/SRR31239014/SRR31239014_1.fastq.gz	https://ftp.sra.ebi.ac.uk/vol1/fastq/SRR312/014/SRR31239014/SRR31239014_2.fastq.gz	Control_TF_DNA_A_thaliana_Col-0_DAPi712H12-ORGi5005-96P155-repool	TAIR10.fa.gz
Solyc03g116010.3.1_A_thaliana_Col-0_DAPi710A11-ORGi5005-96P358	Arabidopsis_thaliana	https://ftp.sra.ebi.ac.uk/vol1/fastq/SRR312/030/SRR31238730/SRR31238730_1.fastq.gz	https://ftp.sra.ebi.ac.uk/vol1/fastq/SRR312/030/SRR31238730/SRR31238730_2.fastq.gz	Control_TF_DNA_A_thaliana_Col-0_DAPi712H12-ORGi5005-96P155-repool	TAIR10.fa.gz
Solyc03g116010.3.1_A_thaliana_Col-0_DAPi712A11-ORGi5005-96P364	Arabidopsis_thaliana	https://ftp.sra.ebi.ac.uk/vol1/fastq/SRR312/041/SRR31238641/SRR31238641_1.fastq.gz	https://ftp.sra.ebi.ac.uk/vol1/fastq/SRR312/041/SRR31238641/SRR31238641_2.fastq.gz	Control_TF_DNA_A_thaliana_Col-0_DAPi712H12-ORGi5005-96P155-repool	TAIR10.fa.gz
Solyc03g116890.3.1_A_thaliana_Col-0_DAPi709G11-ORGi5005-96P354	Arabidopsis_thaliana	https://ftp.sra.ebi.ac.uk/vol1/fastq/SRR312/001/SRR31238801/SRR31238801_1.fastq.gz	https://ftp.sra.ebi.ac.uk/vol1/fastq/SRR312/001/SRR31238801/SRR31238801_2.fastq.gz	Control_TF_DNA_A_thaliana_Col-0_DAPi712H12-ORGi5005-96P155-repool	TAIR10.fa.gz
Solyc03g116890.3.1_A_thaliana_Col-0_DAPi711G11-ORGi5005-96P361	Arabidopsis_thaliana	https://ftp.sra.ebi.ac.uk/vol1/fastq/SRR312/088/SRR31238788/SRR31238788_1.fastq.gz	https://ftp.sra.ebi.ac.uk/vol1/fastq/SRR312/088/SRR31238788/SRR31238788_2.fastq.gz	Control_TF_DNA_A_thaliana_Col-0_DAPi712H12-ORGi5005-96P155-repool	TAIR10.fa.gz
Solyc03g116890.3.1_A_thaliana_Col-0_DAPi712G11-ORGi5005-96P247	Arabidopsis_thaliana	https://ftp.sra.ebi.ac.uk/vol1/fastq/SRR312/063/SRR31238663/SRR31238663_1.fastq.gz	https://ftp.sra.ebi.ac.uk/vol1/fastq/SRR312/063/SRR31238663/SRR31238663_2.fastq.gz	Control_TF_DNA_A_thaliana_Col-0_DAPi712H12-ORGi5005-96P155-repool	TAIR10.fa.gz
Solyc04g078640.3.1_A_thaliana_Col-0_DAPi709F01-ORGi5005-96P354	Arabidopsis_thaliana	https://ftp.sra.ebi.ac.uk/vol1/fastq/SRR312/095/SRR31238995/SRR31238995_1.fastq.gz	https://ftp.sra.ebi.ac.uk/vol1/fastq/SRR312/095/SRR31238995/SRR31238995_2.fastq.gz	Control_TF_DNA_A_thaliana_Col-0_DAPi712H12-ORGi5005-96P155-repool	TAIR10.fa.gz
Solyc04g078640.3.1_A_thaliana_Col-0_DAPi711F01-ORGi5005-96P361	Arabidopsis_thaliana	https://ftp.sra.ebi.ac.uk/vol1/fastq/SRR312/096/SRR31239196/SRR31239196_1.fastq.gz	https://ftp.sra.ebi.ac.uk/vol1/fastq/SRR312/096/SRR31239196/SRR31239196_2.fastq.gz	Control_TF_DNA_A_thaliana_Col-0_DAPi712H12-ORGi5005-96P155-repool	TAIR10.fa.gz
Solyc04g078640.3.1_A_thaliana_Col-0_DAPi712F01-ORGi5005-96P247	Arabidopsis_thaliana	https://ftp.sra.ebi.ac.uk/vol1/fastq/SRR312/046/SRR31239246/SRR31239246_1.fastq.gz	https://ftp.sra.ebi.ac.uk/vol1/fastq/SRR312/046/SRR31239246/SRR31239246_2.fastq.gz	Control_TF_DNA_A_thaliana_Col-0_DAPi712H12-ORGi5005-96P155-repool	TAIR10.fa.gz
Solyc05g007180.3.1_A_thaliana_Col-0_DAPi709E12-ORGi5005-96P354	Arabidopsis_thaliana	https://ftp.sra.ebi.ac.uk/vol1/fastq/SRR312/028/SRR31239028/SRR31239028_1.fastq.gz	https://ftp.sra.ebi.ac.uk/vol1/fastq/SRR312/028/SRR31239028/SRR31239028_2.fastq.gz	Control_TF_DNA_A_thaliana_Col-0_DAPi712H12-ORGi5005-96P155-repool	TAIR10.fa.gz
Solyc05g007180.3.1_A_thaliana_Col-0_DAPi711E12-ORGi5005-96P361	Arabidopsis_thaliana	https://ftp.sra.ebi.ac.uk/vol1/fastq/SRR312/082/SRR31238782/SRR31238782_1.fastq.gz	https://ftp.sra.ebi.ac.uk/vol1/fastq/SRR312/082/SRR31238782/SRR31238782_2.fastq.gz	Control_TF_DNA_A_thaliana_Col-0_DAPi712H12-ORGi5005-96P155-repool	TAIR10.fa.gz
Solyc05g007180.3.1_A_thaliana_Col-0_DAPi712E12-ORGi5005-96P247	Arabidopsis_thaliana	https://ftp.sra.ebi.ac.uk/vol1/fastq/SRR312/065/SRR31238565/SRR31238565_1.fastq.gz	https://ftp.sra.ebi.ac.uk/vol1/fastq/SRR312/065/SRR31238565/SRR31238565_2.fastq.gz	Control_TF_DNA_A_thaliana_Col-0_DAPi712H12-ORGi5005-96P155-repool	TAIR10.fa.gz
Solyc05g009790.1.1_A_thaliana_Col-0_DAPi710D10-ORGi5005-96P358	Arabidopsis_thaliana	https://ftp.sra.ebi.ac.uk/vol1/fastq/SRR312/065/SRR31238765/SRR31238765_1.fastq.gz	https://ftp.sra.ebi.ac.uk/vol1/fastq/SRR312/065/SRR31238765/SRR31238765_2.fastq.gz	Control_TF_DNA_A_thaliana_Col-0_DAPi712H12-ORGi5005-96P155-repool	TAIR10.fa.gz
Solyc05g009790.1.1_A_thaliana_Col-0_DAPi712D10-ORGi5005-96P364	Arabidopsis_thaliana	https://ftp.sra.ebi.ac.uk/vol1/fastq/SRR312/091/SRR31239191/SRR31239191_1.fastq.gz	https://ftp.sra.ebi.ac.uk/vol1/fastq/SRR312/091/SRR31239191/SRR31239191_2.fastq.gz	Control_TF_DNA_A_thaliana_Col-0_DAPi712H12-ORGi5005-96P155-repool	TAIR10.fa.gz
Solyc05g053240.4.1_A_thaliana_Col-0_DAPi710C06-ORGi5005-96P358	Arabidopsis_thaliana	https://ftp.sra.ebi.ac.uk/vol1/fastq/SRR312/035/SRR31238535/SRR31238535_1.fastq.gz	https://ftp.sra.ebi.ac.uk/vol1/fastq/SRR312/035/SRR31238535/SRR31238535_2.fastq.gz	Control_TF_DNA_A_thaliana_Col-0_DAPi712H12-ORGi5005-96P155-repool	TAIR10.fa.gz
Solyc05g053240.4.1_A_thaliana_Col-0_DAPi712C06-ORGi5005-96P364	Arabidopsis_thaliana	https://ftp.sra.ebi.ac.uk/vol1/fastq/SRR312/051/SRR31238851/SRR31238851_1.fastq.gz	https://ftp.sra.ebi.ac.uk/vol1/fastq/SRR312/051/SRR31238851/SRR31238851_2.fastq.gz	Control_TF_DNA_A_thaliana_Col-0_DAPi712H12-ORGi5005-96P155-repool	TAIR10.fa.gz
Solyc06g048630.3.1_A_thaliana_Col-0_DAPi712C09-ORGi5005-96P247	Arabidopsis_thaliana	https://ftp.sra.ebi.ac.uk/vol1/fastq/SRR312/026/SRR31238926/SRR31238926_1.fastq.gz	https://ftp.sra.ebi.ac.uk/vol1/fastq/SRR312/026/SRR31238926/SRR31238926_2.fastq.gz	Control_TF_DNA_A_thaliana_Col-0_DAPi712H12-ORGi5005-96P155-repool	TAIR10.fa.gz
Solyc06g051120.4.1_A_thaliana_Col-0_DAPi710D07-ORGi5005-96P358	Arabidopsis_thaliana	https://ftp.sra.ebi.ac.uk/vol1/fastq/SRR312/073/SRR31238873/SRR31238873_1.fastq.gz	https://ftp.sra.ebi.ac.uk/vol1/fastq/SRR312/073/SRR31238873/SRR31238873_2.fastq.gz	Control_TF_DNA_A_thaliana_Col-0_DAPi712H12-ORGi5005-96P155-repool	TAIR10.fa.gz
Solyc06g051120.4.1_A_thaliana_Col-0_DAPi712D07-ORGi5005-96P364	Arabidopsis_thaliana	https://ftp.sra.ebi.ac.uk/vol1/fastq/SRR312/098/SRR31239198/SRR31239198_1.fastq.gz	https://ftp.sra.ebi.ac.uk/vol1/fastq/SRR312/098/SRR31239198/SRR31239198_2.fastq.gz	Control_TF_DNA_A_thaliana_Col-0_DAPi712H12-ORGi5005-96P155-repool	TAIR10.fa.gz
Solyc07g040920.2.1_A_thaliana_Col-0_DAPi709B11-ORGi5005-96P354	Arabidopsis_thaliana	https://ftp.sra.ebi.ac.uk/vol1/fastq/SRR312/046/SRR31238946/SRR31238946_1.fastq.gz	https://ftp.sra.ebi.ac.uk/vol1/fastq/SRR312/046/SRR31238946/SRR31238946_2.fastq.gz	Control_TF_DNA_A_thaliana_Col-0_DAPi712H12-ORGi5005-96P155-repool	TAIR10.fa.gz
Solyc07g040920.2.1_A_thaliana_Col-0_DAPi711B11-ORGi5005-96P361	Arabidopsis_thaliana	https://ftp.sra.ebi.ac.uk/vol1/fastq/SRR312/029/SRR31239029/SRR31239029_1.fastq.gz	https://ftp.sra.ebi.ac.uk/vol1/fastq/SRR312/029/SRR31239029/SRR31239029_2.fastq.gz	Control_TF_DNA_A_thaliana_Col-0_DAPi712H12-ORGi5005-96P155-repool	TAIR10.fa.gz
Solyc07g040920.2.1_A_thaliana_Col-0_DAPi712B11-ORGi5005-96P247	Arabidopsis_thaliana	https://ftp.sra.ebi.ac.uk/vol1/fastq/SRR312/016/SRR31238416/SRR31238416_1.fastq.gz	https://ftp.sra.ebi.ac.uk/vol1/fastq/SRR312/016/SRR31238416/SRR31238416_2.fastq.gz	Control_TF_DNA_A_thaliana_Col-0_DAPi712H12-ORGi5005-96P155-repool	TAIR10.fa.gz
Solyc08g068320.3.1_A_thaliana_Col-0_DAPi709C04-ORGi5005-96P354	Arabidopsis_thaliana	https://ftp.sra.ebi.ac.uk/vol1/fastq/SRR312/048/SRR31238848/SRR31238848_1.fastq.gz	https://ftp.sra.ebi.ac.uk/vol1/fastq/SRR312/048/SRR31238848/SRR31238848_2.fastq.gz	Control_TF_DNA_A_thaliana_Col-0_DAPi712H12-ORGi5005-96P155-repool	TAIR10.fa.gz
Solyc08g068320.3.1_A_thaliana_Col-0_DAPi711C04-ORGi5005-96P361	Arabidopsis_thaliana	https://ftp.sra.ebi.ac.uk/vol1/fastq/SRR312/036/SRR31238936/SRR31238936_1.fastq.gz	https://ftp.sra.ebi.ac.uk/vol1/fastq/SRR312/036/SRR31238936/SRR31238936_2.fastq.gz	Control_TF_DNA_A_thaliana_Col-0_DAPi712H12-ORGi5005-96P155-repool	TAIR10.fa.gz
Solyc08g068320.3.1_A_thaliana_Col-0_DAPi712C04-ORGi5005-96P247	Arabidopsis_thaliana	https://ftp.sra.ebi.ac.uk/vol1/fastq/SRR312/056/SRR31238856/SRR31238856_1.fastq.gz	https://ftp.sra.ebi.ac.uk/vol1/fastq/SRR312/056/SRR31238856/SRR31238856_2.fastq.gz	Control_TF_DNA_A_thaliana_Col-0_DAPi712H12-ORGi5005-96P155-repool	TAIR10.fa.gz
Solyc08g078340.3.1_A_thaliana_Col-0_DAPi709H09-ORGi5005-96P354	Arabidopsis_thaliana	https://ftp.sra.ebi.ac.uk/vol1/fastq/SRR312/078/SRR31238978/SRR31238978_1.fastq.gz	https://ftp.sra.ebi.ac.uk/vol1/fastq/SRR312/078/SRR31238978/SRR31238978_2.fastq.gz	Control_TF_DNA_A_thaliana_Col-0_DAPi712H12-ORGi5005-96P155-repool	TAIR10.fa.gz
Solyc08g078340.3.1_A_thaliana_Col-0_DAPi711H09-ORGi5005-96P361	Arabidopsis_thaliana	https://ftp.sra.ebi.ac.uk/vol1/fastq/SRR312/082/SRR31239182/SRR31239182_1.fastq.gz	https://ftp.sra.ebi.ac.uk/vol1/fastq/SRR312/082/SRR31239182/SRR31239182_2.fastq.gz	Control_TF_DNA_A_thaliana_Col-0_DAPi712H12-ORGi5005-96P155-repool	TAIR10.fa.gz
Solyc08g078340.3.1_A_thaliana_Col-0_DAPi712H09-ORGi5005-96P247	Arabidopsis_thaliana	https://ftp.sra.ebi.ac.uk/vol1/fastq/SRR312/028/SRR31238928/SRR31238928_1.fastq.gz	https://ftp.sra.ebi.ac.uk/vol1/fastq/SRR312/028/SRR31238928/SRR31238928_2.fastq.gz	Control_TF_DNA_A_thaliana_Col-0_DAPi712H12-ORGi5005-96P155-repool	TAIR10.fa.gz
Solyc08g079120.3.1_A_thaliana_Col-0_DAPi709F03-ORGi5005-96P354	Arabidopsis_thaliana	https://ftp.sra.ebi.ac.uk/vol1/fastq/SRR312/090/SRR31239190/SRR31239190_1.fastq.gz	https://ftp.sra.ebi.ac.uk/vol1/fastq/SRR312/090/SRR31239190/SRR31239190_2.fastq.gz	Control_TF_DNA_A_thaliana_Col-0_DAPi712H12-ORGi5005-96P155-repool	TAIR10.fa.gz
Solyc08g079120.3.1_A_thaliana_Col-0_DAPi711F03-ORGi5005-96P361	Arabidopsis_thaliana	https://ftp.sra.ebi.ac.uk/vol1/fastq/SRR312/018/SRR31239118/SRR31239118_1.fastq.gz	https://ftp.sra.ebi.ac.uk/vol1/fastq/SRR312/018/SRR31239118/SRR31239118_2.fastq.gz	Control_TF_DNA_A_thaliana_Col-0_DAPi712H12-ORGi5005-96P155-repool	TAIR10.fa.gz
Solyc08g079120.3.1_A_thaliana_Col-0_DAPi712F03-ORGi5005-96P247	Arabidopsis_thaliana	https://ftp.sra.ebi.ac.uk/vol1/fastq/SRR312/038/SRR31238638/SRR31238638_1.fastq.gz	https://ftp.sra.ebi.ac.uk/vol1/fastq/SRR312/038/SRR31238638/SRR31238638_2.fastq.gz	Control_TF_DNA_A_thaliana_Col-0_DAPi712H12-ORGi5005-96P155-repool	TAIR10.fa.gz
Solyc10g005080.3.1_A_thaliana_Col-0_DAPi709E10-ORGi5005-96P354	Arabidopsis_thaliana	https://ftp.sra.ebi.ac.uk/vol1/fastq/SRR312/028/SRR31238628/SRR31238628_1.fastq.gz	https://ftp.sra.ebi.ac.uk/vol1/fastq/SRR312/028/SRR31238628/SRR31238628_2.fastq.gz	Control_TF_DNA_A_thaliana_Col-0_DAPi712H12-ORGi5005-96P155-repool	TAIR10.fa.gz
Solyc10g005080.3.1_A_thaliana_Col-0_DAPi711E10-ORGi5005-96P361	Arabidopsis_thaliana	https://ftp.sra.ebi.ac.uk/vol1/fastq/SRR312/066/SRR31238566/SRR31238566_1.fastq.gz	https://ftp.sra.ebi.ac.uk/vol1/fastq/SRR312/066/SRR31238566/SRR31238566_2.fastq.gz	Control_TF_DNA_A_thaliana_Col-0_DAPi712H12-ORGi5005-96P155-repool	TAIR10.fa.gz
Solyc10g005080.3.1_A_thaliana_Col-0_DAPi712E10-ORGi5005-96P247	Arabidopsis_thaliana	https://ftp.sra.ebi.ac.uk/vol1/fastq/SRR312/099/SRR31238999/SRR31238999_1.fastq.gz	https://ftp.sra.ebi.ac.uk/vol1/fastq/SRR312/099/SRR31238999/SRR31238999_2.fastq.gz	Control_TF_DNA_A_thaliana_Col-0_DAPi712H12-ORGi5005-96P155-repool	TAIR10.fa.gz
Solyc10g018560.2.1_A_thaliana_Col-0_DAPi710G06-ORGi5005-96P358	Arabidopsis_thaliana	https://ftp.sra.ebi.ac.uk/vol1/fastq/SRR312/066/SRR31238866/SRR31238866_1.fastq.gz	https://ftp.sra.ebi.ac.uk/vol1/fastq/SRR312/066/SRR31238866/SRR31238866_2.fastq.gz	Control_TF_DNA_A_thaliana_Col-0_DAPi712H12-ORGi5005-96P155-repool	TAIR10.fa.gz
Solyc10g018560.2.1_A_thaliana_Col-0_DAPi712G06-ORGi5005-96P364	Arabidopsis_thaliana	https://ftp.sra.ebi.ac.uk/vol1/fastq/SRR312/043/SRR31238943/SRR31238943_1.fastq.gz	https://ftp.sra.ebi.ac.uk/vol1/fastq/SRR312/043/SRR31238943/SRR31238943_2.fastq.gz	Control_TF_DNA_A_thaliana_Col-0_DAPi712H12-ORGi5005-96P155-repool	TAIR10.fa.gz
Solyc11g022470.2.1_A_thaliana_Col-0_DAPi710B02-ORGi5005-96P358	Arabidopsis_thaliana	https://ftp.sra.ebi.ac.uk/vol1/fastq/SRR312/040/SRR31239040/SRR31239040_1.fastq.gz	https://ftp.sra.ebi.ac.uk/vol1/fastq/SRR312/040/SRR31239040/SRR31239040_2.fastq.gz	Control_TF_DNA_A_thaliana_Col-0_DAPi712H12-ORGi5005-96P155-repool	TAIR10.fa.gz
Solyc11g022470.2.1_A_thaliana_Col-0_DAPi712B02-ORGi5005-96P364	Arabidopsis_thaliana	https://ftp.sra.ebi.ac.uk/vol1/fastq/SRR312/080/SRR31239180/SRR31239180_1.fastq.gz	https://ftp.sra.ebi.ac.uk/vol1/fastq/SRR312/080/SRR31239180/SRR31239180_2.fastq.gz	Control_TF_DNA_A_thaliana_Col-0_DAPi712H12-ORGi5005-96P155-repool	TAIR10.fa.gz
Solyc11g064950.3.1_A_thaliana_Col-0_DAPi709A08-ORGi5005-96P354	Arabidopsis_thaliana	https://ftp.sra.ebi.ac.uk/vol1/fastq/SRR312/077/SRR31238977/SRR31238977_1.fastq.gz	https://ftp.sra.ebi.ac.uk/vol1/fastq/SRR312/077/SRR31238977/SRR31238977_2.fastq.gz	Control_TF_DNA_A_thaliana_Col-0_DAPi712H12-ORGi5005-96P155-repool	TAIR10.fa.gz
Solyc11g064950.3.1_A_thaliana_Col-0_DAPi711A08-ORGi5005-96P361	Arabidopsis_thaliana	https://ftp.sra.ebi.ac.uk/vol1/fastq/SRR312/041/SRR31238441/SRR31238441_1.fastq.gz	https://ftp.sra.ebi.ac.uk/vol1/fastq/SRR312/041/SRR31238441/SRR31238441_2.fastq.gz	Control_TF_DNA_A_thaliana_Col-0_DAPi712H12-ORGi5005-96P155-repool	TAIR10.fa.gz
Solyc11g064950.3.1_A_thaliana_Col-0_DAPi712A08-ORGi5005-96P247	Arabidopsis_thaliana	https://ftp.sra.ebi.ac.uk/vol1/fastq/SRR312/045/SRR31238845/SRR31238845_1.fastq.gz	https://ftp.sra.ebi.ac.uk/vol1/fastq/SRR312/045/SRR31238845/SRR31238845_2.fastq.gz	Control_TF_DNA_A_thaliana_Col-0_DAPi712H12-ORGi5005-96P155-repool	TAIR10.fa.gz
XP_013586407.1_A_thaliana_Col-0_DAPi709F07-ORGi5005-96P354	Arabidopsis_thaliana	https://ftp.sra.ebi.ac.uk/vol1/fastq/SRR312/052/SRR31238452/SRR31238452_1.fastq.gz	https://ftp.sra.ebi.ac.uk/vol1/fastq/SRR312/052/SRR31238452/SRR31238452_2.fastq.gz	Control_TF_DNA_A_thaliana_Col-0_DAPi712H12-ORGi5005-96P155-repool	TAIR10.fa.gz
XP_013586407.1_A_thaliana_Col-0_DAPi711F07-ORGi5005-96P361	Arabidopsis_thaliana	https://ftp.sra.ebi.ac.uk/vol1/fastq/SRR312/063/SRR31238963/SRR31238963_1.fastq.gz	https://ftp.sra.ebi.ac.uk/vol1/fastq/SRR312/063/SRR31238963/SRR31238963_2.fastq.gz	Control_TF_DNA_A_thaliana_Col-0_DAPi712H12-ORGi5005-96P155-repool	TAIR10.fa.gz
XP_013586407.1_A_thaliana_Col-0_DAPi712F07-ORGi5005-96P247	Arabidopsis_thaliana	https://ftp.sra.ebi.ac.uk/vol1/fastq/SRR312/083/SRR31239183/SRR31239183_1.fastq.gz	https://ftp.sra.ebi.ac.uk/vol1/fastq/SRR312/083/SRR31239183/SRR31239183_2.fastq.gz	Control_TF_DNA_A_thaliana_Col-0_DAPi712H12-ORGi5005-96P155-repool	TAIR10.fa.gz
XP_013587350.1_A_thaliana_Col-0_DAPi709B10-ORGi5005-96P354	Arabidopsis_thaliana	https://ftp.sra.ebi.ac.uk/vol1/fastq/SRR312/053/SRR31238653/SRR31238653_1.fastq.gz	https://ftp.sra.ebi.ac.uk/vol1/fastq/SRR312/053/SRR31238653/SRR31238653_2.fastq.gz	Control_TF_DNA_A_thaliana_Col-0_DAPi712H12-ORGi5005-96P155-repool	TAIR10.fa.gz
XP_013587350.1_A_thaliana_Col-0_DAPi711B10-ORGi5005-96P361	Arabidopsis_thaliana	https://ftp.sra.ebi.ac.uk/vol1/fastq/SRR312/024/SRR31238424/SRR31238424_1.fastq.gz	https://ftp.sra.ebi.ac.uk/vol1/fastq/SRR312/024/SRR31238424/SRR31238424_2.fastq.gz	Control_TF_DNA_A_thaliana_Col-0_DAPi712H12-ORGi5005-96P155-repool	TAIR10.fa.gz
XP_013587350.1_A_thaliana_Col-0_DAPi712B10-ORGi5005-96P247	Arabidopsis_thaliana	https://ftp.sra.ebi.ac.uk/vol1/fastq/SRR312/016/SRR31238816/SRR31238816_1.fastq.gz	https://ftp.sra.ebi.ac.uk/vol1/fastq/SRR312/016/SRR31238816/SRR31238816_2.fastq.gz	Control_TF_DNA_A_thaliana_Col-0_DAPi712H12-ORGi5005-96P155-repool	TAIR10.fa.gz
XP_013587997.1_A_thaliana_Col-0_DAPi709D11-ORGi5005-96P354	Arabidopsis_thaliana	https://ftp.sra.ebi.ac.uk/vol1/fastq/SRR312/094/SRR31238494/SRR31238494_1.fastq.gz	https://ftp.sra.ebi.ac.uk/vol1/fastq/SRR312/094/SRR31238494/SRR31238494_2.fastq.gz	Control_TF_DNA_A_thaliana_Col-0_DAPi712H12-ORGi5005-96P155-repool	TAIR10.fa.gz
XP_013587997.1_A_thaliana_Col-0_DAPi711D11-ORGi5005-96P361	Arabidopsis_thaliana	https://ftp.sra.ebi.ac.uk/vol1/fastq/SRR312/035/SRR31239135/SRR31239135_1.fastq.gz	https://ftp.sra.ebi.ac.uk/vol1/fastq/SRR312/035/SRR31239135/SRR31239135_2.fastq.gz	Control_TF_DNA_A_thaliana_Col-0_DAPi712H12-ORGi5005-96P155-repool	TAIR10.fa.gz
XP_013587997.1_A_thaliana_Col-0_DAPi712D11-ORGi5005-96P247	Arabidopsis_thaliana	https://ftp.sra.ebi.ac.uk/vol1/fastq/SRR312/041/SRR31238841/SRR31238841_1.fastq.gz	https://ftp.sra.ebi.ac.uk/vol1/fastq/SRR312/041/SRR31238841/SRR31238841_2.fastq.gz	Control_TF_DNA_A_thaliana_Col-0_DAPi712H12-ORGi5005-96P155-repool	TAIR10.fa.gz
XP_013589913.1_A_thaliana_Col-0_DAPi709G10-ORGi5005-96P354	Arabidopsis_thaliana	https://ftp.sra.ebi.ac.uk/vol1/fastq/SRR312/011/SRR31238911/SRR31238911_1.fastq.gz	https://ftp.sra.ebi.ac.uk/vol1/fastq/SRR312/011/SRR31238911/SRR31238911_2.fastq.gz	Control_TF_DNA_A_thaliana_Col-0_DAPi712H12-ORGi5005-96P155-repool	TAIR10.fa.gz
XP_013589913.1_A_thaliana_Col-0_DAPi711G10-ORGi5005-96P361	Arabidopsis_thaliana	https://ftp.sra.ebi.ac.uk/vol1/fastq/SRR312/097/SRR31238897/SRR31238897_1.fastq.gz	https://ftp.sra.ebi.ac.uk/vol1/fastq/SRR312/097/SRR31238897/SRR31238897_2.fastq.gz	Control_TF_DNA_A_thaliana_Col-0_DAPi712H12-ORGi5005-96P155-repool	TAIR10.fa.gz
XP_013589913.1_A_thaliana_Col-0_DAPi712G10-ORGi5005-96P247	Arabidopsis_thaliana	https://ftp.sra.ebi.ac.uk/vol1/fastq/SRR312/051/SRR31239051/SRR31239051_1.fastq.gz	https://ftp.sra.ebi.ac.uk/vol1/fastq/SRR312/051/SRR31239051/SRR31239051_2.fastq.gz	Control_TF_DNA_A_thaliana_Col-0_DAPi712H12-ORGi5005-96P155-repool	TAIR10.fa.gz
XP_013589953.1_A_thaliana_Col-0_DAPi711B12-ORGi5005-96P361	Arabidopsis_thaliana	https://ftp.sra.ebi.ac.uk/vol1/fastq/SRR312/043/SRR31238443/SRR31238443_1.fastq.gz	https://ftp.sra.ebi.ac.uk/vol1/fastq/SRR312/043/SRR31238443/SRR31238443_2.fastq.gz	Control_TF_DNA_A_thaliana_Col-0_DAPi712H12-ORGi5005-96P155-repool	TAIR10.fa.gz
XP_013589953.1_A_thaliana_Col-0_DAPi712B12-ORGi5005-96P247	Arabidopsis_thaliana	https://ftp.sra.ebi.ac.uk/vol1/fastq/SRR312/003/SRR31238903/SRR31238903_1.fastq.gz	https://ftp.sra.ebi.ac.uk/vol1/fastq/SRR312/003/SRR31238903/SRR31238903_2.fastq.gz	Control_TF_DNA_A_thaliana_Col-0_DAPi712H12-ORGi5005-96P155-repool	TAIR10.fa.gz
XP_013591813.1_A_thaliana_Col-0_DAPi710F10-ORGi5005-96P358	Arabidopsis_thaliana	https://ftp.sra.ebi.ac.uk/vol1/fastq/SRR312/028/SRR31238528/SRR31238528_1.fastq.gz	https://ftp.sra.ebi.ac.uk/vol1/fastq/SRR312/028/SRR31238528/SRR31238528_2.fastq.gz	Control_TF_DNA_A_thaliana_Col-0_DAPi712H12-ORGi5005-96P155-repool	TAIR10.fa.gz
XP_013591813.1_A_thaliana_Col-0_DAPi712F10-ORGi5005-96P364	Arabidopsis_thaliana	https://ftp.sra.ebi.ac.uk/vol1/fastq/SRR312/042/SRR31239142/SRR31239142_1.fastq.gz	https://ftp.sra.ebi.ac.uk/vol1/fastq/SRR312/042/SRR31239142/SRR31239142_2.fastq.gz	Control_TF_DNA_A_thaliana_Col-0_DAPi712H12-ORGi5005-96P155-repool	TAIR10.fa.gz
XP_013593496.1_A_thaliana_Col-0_DAPi710A04-ORGi5005-96P358	Arabidopsis_thaliana	https://ftp.sra.ebi.ac.uk/vol1/fastq/SRR312/064/SRR31238964/SRR31238964_1.fastq.gz	https://ftp.sra.ebi.ac.uk/vol1/fastq/SRR312/064/SRR31238964/SRR31238964_2.fastq.gz	Control_TF_DNA_A_thaliana_Col-0_DAPi712H12-ORGi5005-96P155-repool	TAIR10.fa.gz
XP_013593496.1_A_thaliana_Col-0_DAPi712A04-ORGi5005-96P364	Arabidopsis_thaliana	https://ftp.sra.ebi.ac.uk/vol1/fastq/SRR312/081/SRR31238681/SRR31238681_1.fastq.gz	https://ftp.sra.ebi.ac.uk/vol1/fastq/SRR312/081/SRR31238681/SRR31238681_2.fastq.gz	Control_TF_DNA_A_thaliana_Col-0_DAPi712H12-ORGi5005-96P155-repool	TAIR10.fa.gz
XP_013599228.1_A_thaliana_Col-0_DAPi710D02-ORGi5005-96P358	Arabidopsis_thaliana	https://ftp.sra.ebi.ac.uk/vol1/fastq/SRR312/034/SRR31239134/SRR31239134_1.fastq.gz	https://ftp.sra.ebi.ac.uk/vol1/fastq/SRR312/034/SRR31239134/SRR31239134_2.fastq.gz	Control_TF_DNA_A_thaliana_Col-0_DAPi712H12-ORGi5005-96P155-repool	TAIR10.fa.gz
XP_013599228.1_A_thaliana_Col-0_DAPi712D02-ORGi5005-96P364	Arabidopsis_thaliana	https://ftp.sra.ebi.ac.uk/vol1/fastq/SRR312/004/SRR31238504/SRR31238504_1.fastq.gz	https://ftp.sra.ebi.ac.uk/vol1/fastq/SRR312/004/SRR31238504/SRR31238504_2.fastq.gz	Control_TF_DNA_A_thaliana_Col-0_DAPi712H12-ORGi5005-96P155-repool	TAIR10.fa.gz
XP_013599843.1_A_thaliana_Col-0_DAPi710G08-ORGi5005-96P358	Arabidopsis_thaliana	https://ftp.sra.ebi.ac.uk/vol1/fastq/SRR312/054/SRR31238454/SRR31238454_1.fastq.gz	https://ftp.sra.ebi.ac.uk/vol1/fastq/SRR312/054/SRR31238454/SRR31238454_2.fastq.gz	Control_TF_DNA_A_thaliana_Col-0_DAPi712H12-ORGi5005-96P155-repool	TAIR10.fa.gz
XP_013599843.1_A_thaliana_Col-0_DAPi712G08-ORGi5005-96P364	Arabidopsis_thaliana	https://ftp.sra.ebi.ac.uk/vol1/fastq/SRR312/005/SRR31238805/SRR31238805_1.fastq.gz	https://ftp.sra.ebi.ac.uk/vol1/fastq/SRR312/005/SRR31238805/SRR31238805_2.fastq.gz	Control_TF_DNA_A_thaliana_Col-0_DAPi712H12-ORGi5005-96P155-repool	TAIR10.fa.gz
XP_013602065.1_A_thaliana_Col-0_DAPi710E06-ORGi5005-96P358	Arabidopsis_thaliana	https://ftp.sra.ebi.ac.uk/vol1/fastq/SRR312/025/SRR31238925/SRR31238925_1.fastq.gz	https://ftp.sra.ebi.ac.uk/vol1/fastq/SRR312/025/SRR31238925/SRR31238925_2.fastq.gz	Control_TF_DNA_A_thaliana_Col-0_DAPi712H12-ORGi5005-96P155-repool	TAIR10.fa.gz
XP_013602065.1_A_thaliana_Col-0_DAPi712E06-ORGi5005-96P364	Arabidopsis_thaliana	https://ftp.sra.ebi.ac.uk/vol1/fastq/SRR312/045/SRR31238645/SRR31238645_1.fastq.gz	https://ftp.sra.ebi.ac.uk/vol1/fastq/SRR312/045/SRR31238645/SRR31238645_2.fastq.gz	Control_TF_DNA_A_thaliana_Col-0_DAPi712H12-ORGi5005-96P155-repool	TAIR10.fa.gz
XP_013602769.1_A_thaliana_Col-0_DAPi709C03-ORGi5005-96P354	Arabidopsis_thaliana	https://ftp.sra.ebi.ac.uk/vol1/fastq/SRR312/065/SRR31239265/SRR31239265_1.fastq.gz	https://ftp.sra.ebi.ac.uk/vol1/fastq/SRR312/065/SRR31239265/SRR31239265_2.fastq.gz	Control_TF_DNA_A_thaliana_Col-0_DAPi712H12-ORGi5005-96P155-repool	TAIR10.fa.gz
XP_013602769.1_A_thaliana_Col-0_DAPi711C03-ORGi5005-96P361	Arabidopsis_thaliana	https://ftp.sra.ebi.ac.uk/vol1/fastq/SRR312/032/SRR31239032/SRR31239032_1.fastq.gz	https://ftp.sra.ebi.ac.uk/vol1/fastq/SRR312/032/SRR31239032/SRR31239032_2.fastq.gz	Control_TF_DNA_A_thaliana_Col-0_DAPi712H12-ORGi5005-96P155-repool	TAIR10.fa.gz
XP_013602769.1_A_thaliana_Col-0_DAPi712C03-ORGi5005-96P247	Arabidopsis_thaliana	https://ftp.sra.ebi.ac.uk/vol1/fastq/SRR312/097/SRR31239197/SRR31239197_1.fastq.gz	https://ftp.sra.ebi.ac.uk/vol1/fastq/SRR312/097/SRR31239197/SRR31239197_2.fastq.gz	Control_TF_DNA_A_thaliana_Col-0_DAPi712H12-ORGi5005-96P155-repool	TAIR10.fa.gz
XP_013609718.1_A_thaliana_Col-0_DAPi709G12-ORGi5005-96P354	Arabidopsis_thaliana	https://ftp.sra.ebi.ac.uk/vol1/fastq/SRR312/079/SRR31238479/SRR31238479_1.fastq.gz	https://ftp.sra.ebi.ac.uk/vol1/fastq/SRR312/079/SRR31238479/SRR31238479_2.fastq.gz	Control_TF_DNA_A_thaliana_Col-0_DAPi712H12-ORGi5005-96P155-repool	TAIR10.fa.gz
XP_013609718.1_A_thaliana_Col-0_DAPi711G12-ORGi5005-96P361	Arabidopsis_thaliana	https://ftp.sra.ebi.ac.uk/vol1/fastq/SRR312/073/SRR31238473/SRR31238473_1.fastq.gz	https://ftp.sra.ebi.ac.uk/vol1/fastq/SRR312/073/SRR31238473/SRR31238473_2.fastq.gz	Control_TF_DNA_A_thaliana_Col-0_DAPi712H12-ORGi5005-96P155-repool	TAIR10.fa.gz
XP_013609718.1_A_thaliana_Col-0_DAPi712G12-ORGi5005-96P247	Arabidopsis_thaliana	https://ftp.sra.ebi.ac.uk/vol1/fastq/SRR312/078/SRR31239078/SRR31239078_1.fastq.gz	https://ftp.sra.ebi.ac.uk/vol1/fastq/SRR312/078/SRR31239078/SRR31239078_2.fastq.gz	Control_TF_DNA_A_thaliana_Col-0_DAPi712H12-ORGi5005-96P155-repool	TAIR10.fa.gz
XP_013613838.1_A_thaliana_Col-0_DAPi709C08-ORGi5005-96P354	Arabidopsis_thaliana	https://ftp.sra.ebi.ac.uk/vol1/fastq/SRR312/007/SRR31238707/SRR31238707_1.fastq.gz	https://ftp.sra.ebi.ac.uk/vol1/fastq/SRR312/007/SRR31238707/SRR31238707_2.fastq.gz	Control_TF_DNA_A_thaliana_Col-0_DAPi712H12-ORGi5005-96P155-repool	TAIR10.fa.gz
XP_013613838.1_A_thaliana_Col-0_DAPi711C08-ORGi5005-96P361	Arabidopsis_thaliana	https://ftp.sra.ebi.ac.uk/vol1/fastq/SRR312/006/SRR31239106/SRR31239106_1.fastq.gz	https://ftp.sra.ebi.ac.uk/vol1/fastq/SRR312/006/SRR31239106/SRR31239106_2.fastq.gz	Control_TF_DNA_A_thaliana_Col-0_DAPi712H12-ORGi5005-96P155-repool	TAIR10.fa.gz
XP_013613838.1_A_thaliana_Col-0_DAPi712C08-ORGi5005-96P247	Arabidopsis_thaliana	https://ftp.sra.ebi.ac.uk/vol1/fastq/SRR312/081/SRR31239181/SRR31239181_1.fastq.gz	https://ftp.sra.ebi.ac.uk/vol1/fastq/SRR312/081/SRR31239181/SRR31239181_2.fastq.gz	Control_TF_DNA_A_thaliana_Col-0_DAPi712H12-ORGi5005-96P155-repool	TAIR10.fa.gz
XP_013615900.1_A_thaliana_Col-0_DAPi709E09-ORGi5005-96P354	Arabidopsis_thaliana	https://ftp.sra.ebi.ac.uk/vol1/fastq/SRR312/013/SRR31239113/SRR31239113_1.fastq.gz	https://ftp.sra.ebi.ac.uk/vol1/fastq/SRR312/013/SRR31239113/SRR31239113_2.fastq.gz	Control_TF_DNA_A_thaliana_Col-0_DAPi712H12-ORGi5005-96P155-repool	TAIR10.fa.gz
XP_013615900.1_A_thaliana_Col-0_DAPi711E09-ORGi5005-96P361	Arabidopsis_thaliana	https://ftp.sra.ebi.ac.uk/vol1/fastq/SRR312/037/SRR31238437/SRR31238437_1.fastq.gz	https://ftp.sra.ebi.ac.uk/vol1/fastq/SRR312/037/SRR31238437/SRR31238437_2.fastq.gz	Control_TF_DNA_A_thaliana_Col-0_DAPi712H12-ORGi5005-96P155-repool	TAIR10.fa.gz
XP_013615900.1_A_thaliana_Col-0_DAPi712E09-ORGi5005-96P247	Arabidopsis_thaliana	https://ftp.sra.ebi.ac.uk/vol1/fastq/SRR312/087/SRR31238887/SRR31238887_1.fastq.gz	https://ftp.sra.ebi.ac.uk/vol1/fastq/SRR312/087/SRR31238887/SRR31238887_2.fastq.gz	Control_TF_DNA_A_thaliana_Col-0_DAPi712H12-ORGi5005-96P155-repool	TAIR10.fa.gz
XP_013620714.1_A_thaliana_Col-0_DAPi710F01-ORGi5005-96P358	Arabidopsis_thaliana	https://ftp.sra.ebi.ac.uk/vol1/fastq/SRR312/026/SRR31238826/SRR31238826_1.fastq.gz	https://ftp.sra.ebi.ac.uk/vol1/fastq/SRR312/026/SRR31238826/SRR31238826_2.fastq.gz	Control_TF_DNA_A_thaliana_Col-0_DAPi712H12-ORGi5005-96P155-repool	TAIR10.fa.gz
XP_013620714.1_A_thaliana_Col-0_DAPi712F01-ORGi5005-96P364	Arabidopsis_thaliana	https://ftp.sra.ebi.ac.uk/vol1/fastq/SRR312/090/SRR31238990/SRR31238990_1.fastq.gz	https://ftp.sra.ebi.ac.uk/vol1/fastq/SRR312/090/SRR31238990/SRR31238990_2.fastq.gz	Control_TF_DNA_A_thaliana_Col-0_DAPi712H12-ORGi5005-96P155-repool	TAIR10.fa.gz
XP_013629448.1_A_thaliana_Col-0_DAPi709H03-ORGi5005-96P354	Arabidopsis_thaliana	https://ftp.sra.ebi.ac.uk/vol1/fastq/SRR312/082/SRR31238582/SRR31238582_1.fastq.gz	https://ftp.sra.ebi.ac.uk/vol1/fastq/SRR312/082/SRR31238582/SRR31238582_2.fastq.gz	Control_TF_DNA_A_thaliana_Col-0_DAPi712H12-ORGi5005-96P155-repool	TAIR10.fa.gz
XP_013629448.1_A_thaliana_Col-0_DAPi711H03-ORGi5005-96P361	Arabidopsis_thaliana	https://ftp.sra.ebi.ac.uk/vol1/fastq/SRR312/071/SRR31239071/SRR31239071_1.fastq.gz	https://ftp.sra.ebi.ac.uk/vol1/fastq/SRR312/071/SRR31239071/SRR31239071_2.fastq.gz	Control_TF_DNA_A_thaliana_Col-0_DAPi712H12-ORGi5005-96P155-repool	TAIR10.fa.gz
XP_013629448.1_A_thaliana_Col-0_DAPi712H03-ORGi5005-96P247	Arabidopsis_thaliana	https://ftp.sra.ebi.ac.uk/vol1/fastq/SRR312/015/SRR31238415/SRR31238415_1.fastq.gz	https://ftp.sra.ebi.ac.uk/vol1/fastq/SRR312/015/SRR31238415/SRR31238415_2.fastq.gz	Control_TF_DNA_A_thaliana_Col-0_DAPi712H12-ORGi5005-96P155-repool	TAIR10.fa.gz
XP_013631386.1_A_thaliana_Col-0_DAPi709A07-ORGi5005-96P354	Arabidopsis_thaliana	https://ftp.sra.ebi.ac.uk/vol1/fastq/SRR312/003/SRR31239003/SRR31239003_1.fastq.gz	https://ftp.sra.ebi.ac.uk/vol1/fastq/SRR312/003/SRR31239003/SRR31239003_2.fastq.gz	Control_TF_DNA_A_thaliana_Col-0_DAPi712H12-ORGi5005-96P155-repool	TAIR10.fa.gz
XP_013631386.1_A_thaliana_Col-0_DAPi711A07-ORGi5005-96P361	Arabidopsis_thaliana	https://ftp.sra.ebi.ac.uk/vol1/fastq/SRR312/003/SRR31238403/SRR31238403_1.fastq.gz	https://ftp.sra.ebi.ac.uk/vol1/fastq/SRR312/003/SRR31238403/SRR31238403_2.fastq.gz	Control_TF_DNA_A_thaliana_Col-0_DAPi712H12-ORGi5005-96P155-repool	TAIR10.fa.gz
XP_013631386.1_A_thaliana_Col-0_DAPi712A07-ORGi5005-96P247	Arabidopsis_thaliana	https://ftp.sra.ebi.ac.uk/vol1/fastq/SRR312/096/SRR31238496/SRR31238496_1.fastq.gz	https://ftp.sra.ebi.ac.uk/vol1/fastq/SRR312/096/SRR31238496/SRR31238496_2.fastq.gz	Control_TF_DNA_A_thaliana_Col-0_DAPi712H12-ORGi5005-96P155-repool	TAIR10.fa.gz
XP_013631649.1_A_thaliana_Col-0_DAPi712B05-ORGi5005-96P247	Arabidopsis_thaliana	https://ftp.sra.ebi.ac.uk/vol1/fastq/SRR312/037/SRR31238737/SRR31238737_1.fastq.gz	https://ftp.sra.ebi.ac.uk/vol1/fastq/SRR312/037/SRR31238737/SRR31238737_2.fastq.gz	Control_TF_DNA_A_thaliana_Col-0_DAPi712H12-ORGi5005-96P155-repool	TAIR10.fa.gz
XP_013634112.1_A_thaliana_Col-0_DAPi709H08-ORGi5005-96P354	Arabidopsis_thaliana	https://ftp.sra.ebi.ac.uk/vol1/fastq/SRR312/076/SRR31238476/SRR31238476_1.fastq.gz	https://ftp.sra.ebi.ac.uk/vol1/fastq/SRR312/076/SRR31238476/SRR31238476_2.fastq.gz	Control_TF_DNA_A_thaliana_Col-0_DAPi712H12-ORGi5005-96P155-repool	TAIR10.fa.gz
XP_013634112.1_A_thaliana_Col-0_DAPi711H08-ORGi5005-96P361	Arabidopsis_thaliana	https://ftp.sra.ebi.ac.uk/vol1/fastq/SRR312/044/SRR31238644/SRR31238644_1.fastq.gz	https://ftp.sra.ebi.ac.uk/vol1/fastq/SRR312/044/SRR31238644/SRR31238644_2.fastq.gz	Control_TF_DNA_A_thaliana_Col-0_DAPi712H12-ORGi5005-96P155-repool	TAIR10.fa.gz
XP_013634112.1_A_thaliana_Col-0_DAPi712H08-ORGi5005-96P247	Arabidopsis_thaliana	https://ftp.sra.ebi.ac.uk/vol1/fastq/SRR312/020/SRR31238520/SRR31238520_1.fastq.gz	https://ftp.sra.ebi.ac.uk/vol1/fastq/SRR312/020/SRR31238520/SRR31238520_2.fastq.gz	Control_TF_DNA_A_thaliana_Col-0_DAPi712H12-ORGi5005-96P155-repool	TAIR10.fa.gz
XP_013635977.1_A_thaliana_Col-0_DAPi710H05-ORGi5005-96P358	Arabidopsis_thaliana	https://ftp.sra.ebi.ac.uk/vol1/fastq/SRR312/089/SRR31238689/SRR31238689_1.fastq.gz	https://ftp.sra.ebi.ac.uk/vol1/fastq/SRR312/089/SRR31238689/SRR31238689_2.fastq.gz	Control_TF_DNA_A_thaliana_Col-0_DAPi712H12-ORGi5005-96P155-repool	TAIR10.fa.gz
XP_013635977.1_A_thaliana_Col-0_DAPi712H05-ORGi5005-96P364	Arabidopsis_thaliana	https://ftp.sra.ebi.ac.uk/vol1/fastq/SRR312/042/SRR31238942/SRR31238942_1.fastq.gz	https://ftp.sra.ebi.ac.uk/vol1/fastq/SRR312/042/SRR31238942/SRR31238942_2.fastq.gz	Control_TF_DNA_A_thaliana_Col-0_DAPi712H12-ORGi5005-96P155-repool	TAIR10.fa.gz
XP_013637759.1_A_thaliana_Col-0_DAPi710A10-ORGi5005-96P358	Arabidopsis_thaliana	https://ftp.sra.ebi.ac.uk/vol1/fastq/SRR312/072/SRR31238772/SRR31238772_1.fastq.gz	https://ftp.sra.ebi.ac.uk/vol1/fastq/SRR312/072/SRR31238772/SRR31238772_2.fastq.gz	Control_TF_DNA_A_thaliana_Col-0_DAPi712H12-ORGi5005-96P155-repool	TAIR10.fa.gz
XP_013637759.1_A_thaliana_Col-0_DAPi712A10-ORGi5005-96P364	Arabidopsis_thaliana	https://ftp.sra.ebi.ac.uk/vol1/fastq/SRR312/091/SRR31238591/SRR31238591_1.fastq.gz	https://ftp.sra.ebi.ac.uk/vol1/fastq/SRR312/091/SRR31238591/SRR31238591_2.fastq.gz	Control_TF_DNA_A_thaliana_Col-0_DAPi712H12-ORGi5005-96P155-repool	TAIR10.fa.gz
